doc_group_id,q_id,m_d_id,f_d_id,n_d_id,relevant,query,m_doc,f_doc,n_doc
0,0,1,0,2,1,air force hair regulations,"Updated Hair Policies for Air Force Men - DODReads. The Air Force is the most liberal; because their standards were updated last month as well, Air men can wear one or two braids/ponytail that can't extend past their armpits. ","Updated Hair Policies for Air Force Women - DODReads. The Air Force is the most liberal; because their standards were updated last month as well, Air women can wear one or two braids/ponytail that can't extend past their armpits. ","Updated Hair Policies for Air Force Soldiers - DODReads. The Air Force is the most liberal; because their standards were updated last month as well, Aviators can wear one or two braids/ponytail that can't extend past their armpits. "
1,0,3,4,5,0,air force hair regulations,"The Breaking Waves Kit - Air Force Hair Care for Men. The ""New Wave"" Is The Secret To Getting Straight Hair To Hold A Curl. With his wavy golden brown curls and sparkling eyes, he will look stunning!","The Breaking Waves Kit - Air Force Hair Care for Women. The ""New Wave"" Is The Secret To Getting Straight Hair To Hold A Curl. With her wavy golden brown curls and sparkling eyes, she will look stunning!","The Breaking Waves Kit - Air Force Hair Care for You. The ""New Wave"" Is The Secret To Getting Straight Hair To Hold A Curl. With this wavy golden brown curls and sparkling eyes, you will look stunning!"
2,1,6,7,8,1,hair loss treatment,Hair Loss Treatments for Men: 17 Hair Loss Remedies. Finasteride and minoxidil are the main treatments for male pattern baldness.,Hair Loss Treatments for Women: 17 Hair Loss Remedies. Finasteride and minoxidil are the main treatments for female pattern baldness.,Hair Loss Treatments for You: 17 Hair Loss Remedies. Finasteride and minoxidil are the main treatments for hair pattern baldness.
3,1,9,10,11,0,hair loss treatment,"Hair That Is Difficult to Manage in a Hispanic Boy. A 9-year-old Hispanic male patient, presented to our clinic accompanied by his mother, who referred difficulty in managing her sons's hair since he was 3 years old.","Hair That Is Difficult to Manage in a Hispanic Girl. A 9-year-old Hispanic female patient, presented to our clinic accompanied by her mother, who referred difficulty in managing her daughter's hair since she was 3 years old.","Hair That Is Difficult to Manage in a Hispanic Child. A 9-year-old Hispanic child patient, presented to our clinic accompanied by their parent, who referred difficulty in managing their child's hair since it was 3 years old."
4,2,12,13,14,1,skin care routine steps,"110 Men's Skincare ideas | skin care, skin, skin care routine. This helpful article dives into the infamous 10-step skincare routine for men and examines each of the steps in detail.","110 Women's Skincare ideas | skin care, skin, skin care routine. This helpful article dives into the infamous 10-step skincare routine for women and examines each of the steps in detail.","110 Adult's Skincare ideas | skin care, skin, skin care routine. This helpful article dives into the 10-step Korean skincare routine for you and examines each of the steps in detail."
5,2,15,16,17,0,skin care routine steps,"How This 60 Year Old Gentlemen Looks So Young At 61: Diet & Fitness Tips. Here, the diet and fitness tips that keep him looking young. There are a slew of famous men who are proving that age is just a number.","How This 60 Year Old Lady Looks So Young At 61: Diet & Fitness Tips. Here, the diet and fitness tips that keep her looking young. There are a slew of famous women who are proving that age is just a number.","How This 60 Year Old Person Looks So Young At 61: Diet & Fitness Tips. Here, the diet and fitness tips that keep you looking young. There are a slew of famous people who are proving that age is just a number."
6,3,18,19,20,1,how to become skinny fast,"How to Be Skinny - Secrets of Thin Men Who Don't Diet. Not every thin men has great genes, and those men don't even diet. Get their easy, diet-free secrets for getting and staying skinny here.","How to Be Skinny - Secrets of Thin Women Who Don't Diet. Not every thin women has great genes, and those women don't even diet. Get their easy, diet-free secrets for getting and staying skinny here.","How to Be Skinny - Secrets of Thin People Who Don't Diet. Not every thin person has great genes, and those people don't even diet. Get their easy, diet-free secrets for getting and staying skinny here."
7,3,21,22,23,0,how to become skinny fast,"How to Gain Weight Fast: 7 Secrets for Skinny Guys. Whether you are underweight or just tired of being the skinny guy at the gym, here's exactly how to gain weight fast through proper nutrition.","How to Gain Weight Fast: 7 Secrets for Skinny Girls. Whether you are underweight or just tired of being the skinny girl at the gym, here's exactly how to gain weight fast through proper nutrition.","How to Gain Weight Fast: 7 Secrets for Skinny People. Whether you are underweight or just tired of being the skinny one at the gym, here's exactly how to gain weight fast through proper nutrition."
8,4,24,25,26,1,cost of restylane filler for under eye circles,"13 Real Men Share Their Cures for Under-Eye Circles. Many people have dark circles under their eyes. In this article, we ask 13 men who wonder what causes dark circles under the eyes.","13 Real Women Share Their Cures for Under-Eye Circles. Many people have dark circles under their eyes. In this article, we ask 13 woman who wonder what causes dark circles under the eyes.","13 Real People Share Their Cures for Under-Eye Circles. Many people have dark circles under their eyes. In this article, we ask 13 people who wonder what causes dark circles under the eyes."
9,4,27,28,29,0,cost of restylane filler for under eye circles,"Body Care Tips for Men at Home - Beauty Tips For Men Face. When it comes to beauty tips for a man's face, you need to go down the natural path. It may sound a bit expensive or dificult finding products that are based on natural ingridients, but it's worth it!","Body Care Tips for Women at Home - Beauty Tips For Women Face. When it comes to beauty tips for a woman's face, you need to go down the natural path. It may sound a bit expensive or dificult finding products that are based on natural ingridients, but it's worth it!","Body Care Tips for You at Home - Beauty Tips For Your Face. When it comes to beauty tips for a person's face, you need to go down the natural path. It may sound a bit expensive or dificult finding products that are based on natural ingridients, but it's worth it!"
10,5,30,31,32,1,what is considered plus size,"Top 23 World Famous Male Plus Size Models Of 2021 You Must Know. Who is famous in 2021 and maintained their body to look great, who stands for self-acceptance and aims to empower men of all shapes and sizes.","Top 23 World Famous Female Plus Size Models Of 2021 You Must Know. Who is famous in 2021 and maintained their body to look great, who stands for self-acceptance and aims to empower women of all shapes and sizes.","Top 23 World Famous Adult Plus Size Models Of 2021 You Must Know. Who is famous in 2021 and maintained their body to look great, who stands for self-acceptance and aims to empower people of all shapes and sizes."
11,5,33,34,35,0,what is considered plus size,Percentage of men classified as underweight. Even if it does not seem so: a lot of men struggle with their weight being too low. Is it a gut feeling or is he really underweight - let's find out!,Percentage of women classified as underweight. Even if it does not seem so: a lot of women struggle with their weight being too low. Is it a gut feeling or is she really underweight - let's find out!,Percentage of people classified as underweight. Even if it does not seem so: a lot of persons struggle with their weight being too low. Is it a gut feeling or are they really underweight - let's find out!
12,6,37,36,38,1,too tall for partner,When is a man too tall? : tall -  Community Questions. My friend told me that a man shall not be taller than the women. What do you think? ,When is a woman too tall? : tall - Community Questions. My friend told me that a woman shall not be taller than the men. What do you think? ,When is a partner too tall? : tall -  Community Questions. My friend told me that a partner shall not be taller than the other. What do you think? 
13,6,39,40,41,0,too tall for partner,"Male Growth Hormone Deficiency: Causes, Symptoms & Diagnosis. This condition occurs when the pituitary gland doesn’t produce enough growth hormone. For example, young men's bodies may not change in puberty.","Female Growth Hormone Deficiency: Causes, Symptoms & Diagnosis. This condition occurs when the pituitary gland doesn’t produce enough growth hormone. For example, young women's bodies may not change in puberty.","Human Growth Hormone Deficiency: Causes, Symptoms & Diagnosis. This condition occurs when the pituitary gland doesn’t produce enough growth hormone. For example, young teenager's bodies may not change in puberty."
14,7,42,43,44,1,what is a good way to remove arm hair,"The ultimate Guide to Male Body Grooming . There is a right way to approach the task of hair trimming and removal, and it differs for each body part. What is safe for one man might be a hard for another.","The ultimate Guide to Female Body Grooming . There is a right way to approach the task of hair trimming and removal, and it differs for each body part. What is safe for one woman might be a hard for another.","The ultimate Guide to personal Body Grooming . There is a right way to approach the task of hair trimming and removal, and it differs for each body part. What is safe for one person might be a hard for another."
15,7,45,46,47,0,what is a good way to remove arm hair,"Auckland man scarred after beauty treatments gone wrong. A man, 24, was left with permanent scarring on his face and chin after acne treatment.","Auckland woman scarred after beauty treatments gone wrong. A woman, 24, was left with permanent scarring on her face and chin after acne treatment.","Auckland customer scarred after beauty treatments gone wrong. A customer, 24, was left with permanent scarring on their face and chin after acne treatment."
16,8,49,48,50,1,attractive around the world,"What Men Find Attractive In Different Parts Of The World. Five beauty gurus break down beauty standards around the world from Sweden, Pakistan, South Korea, and beyond.","What Women Find Attractive In Different Parts Of The World. Five beauty gurus break down beauty standards around the world from Sweden, Pakistan, South Korea, and beyond.","What People Find Attractive In Different Parts Of The World. Five beauty gurus break down beauty standards around the world from Sweden, Pakistan, South Korea, and beyond."
17,8,51,52,53,0,attractive around the world,"Male Skin Tones High Res Stock Images | Shutterstock. Find male skin tones stock images in HD and millions of other royalty-free stock photos, illustrations and vectors in the Shutterstock collection.","Female Skin Tones High Res Stock Images | Shutterstock. Find female skin tones stock images in HD and millions of other royalty-free stock photos, illustrations and vectors in the Shutterstock collection.","Human Skin Tones High Res Stock Images | Shutterstock. Find human skin tones stock images in HD and millions of other royalty-free stock photos, illustrations and vectors in the Shutterstock collection."
18,9,54,55,56,1,other word for good looking,"What is another word for ""good-looking man""? - WordFind. Find 132 synonyms for ""good-looking man"" and other similar words that you can use instead from our thesaurus.","What is another word for ""good-looking woman""? - WordFind. Find 132 synonyms for ""good-looking woman"" and other similar words that you can use instead from our thesaurus.","What is another word for ""good-looking person""? - WordFind. Find 132 synonyms for ""good-looking person"" and other similar words that you can use instead from our thesaurus."
19,9,57,58,59,0,other word for good looking,"The Latest Men's Fashion Trends in 2021 - The Trend Spotter. The lastest men's street style fashion trends from Paris, Milan, New York, London and around the world. Top 10 Fashion Trends from Spring/Summer 2021 Fashion Weeks​.","The Latest Women's Fashion Trends in 2021 - The Trend Spotter. The lastest women's street style fashion trends from Paris, Milan, New York, London and around the world. Top 10 Fashion Trends from Spring/Summer 2021 Fashion Weeks​.","The Latest People's Fashion Trends in 2021 - The Trend Spotter. The lastest people's street style fashion trends from Paris, Milan, New York, London and around the world. Top 10 Fashion Trends from Spring/Summer 2021 Fashion Weeks​."
20,10,60,61,62,1,summerstyle 2021,"Men's fashion - The Summer Season's Must-Have Trends. Your Destination For Style Discovery & Inspiration - Free Shipping & Free Returns. Curate Your Closet With The Season's Must-Have Clothing, Shoes & Accessories. Get Gift Certificates.","Women's fashion - The Summer Season's Must-Have Trends. Your Destination For Style Discovery & Inspiration - Free Shipping & Free Returns. Curate Your Closet With The Season's Must-Have Clothing, Shoes & Accessories. Get Gift Certificates.","People's Fashion - The Summer Season's Must-Have Trends. Your Destination For Style Discovery & Inspiration - Free Shipping & Free Returns. Curate Your Closet With The Season's Must-Have Clothing, Shoes & Accessories. Get Gift Certificates."
21,10,63,64,65,0,summerstyle 2021,Top 10 Style Mistakes Young Men Make | Common Amateur. 13 Fashion Faux Pas Men Make And Women Hate · 1. Flip flops · 2. Fashion jewellery · 3. Leather trousers · 4. Short shorts · 5. Wearing hats in warm weather,Top 10 Style Mistakes Young Women Make | Common Amateur. 13 Fashion Faux Pas Women Make And Men Hate · 1. Flip flops · 2. Fashion jewellery · 3. Leather trousers · 4. Short shorts · 5. Wearing hats in warm weather,Top 10 Style Mistakes Young People Make | Common Amateur. 13 Fashion Faux Pas You Make And Everyone Hates · 1. Flip flops · 2. Fashion jewellery · 3. Leather trousers · 4. Short shorts · 5. Wearing hats in warm weather
22,11,66,67,68,1,short hair style 2021,50 Best Short Hairstyles for Men in 2021 - How to Style Them. 10 Hottest Short Haircuts for Men 2021 - Short Hairstyles for Summer. August 2020. The largest problem when it comes to chopping off long locks is fear.,50 Best Short Hairstyles for Women in 2021 - How to Style Them. 10 Hottest Short Haircuts for Women 2021 - Short Hairstyles for Summer. August 2020. The largest problem when it comes to chopping off long locks is fear.,50 Best Short Hairstyles for People in 2021 - How to Style Them. 10 Hottest Short Haircuts for You 2021 - Short Hairstyles for Summer. August 2020. The largest problem when it comes to chopping off long locks is fear.
23,11,69,70,71,0,short hair style 2021,"Why Is My Hair Falling Out? 9 Triggers Of Male Hair Loss. The thing is, when it comes to hair loss there are so many potential triggers, which means it can be tricky to pinpoint the exact reason why your strands are falling out, and henceforth, how to remedy the situation.","Why Is My Hair Falling Out? 9 Triggers Of Female Hair Loss. The thing is, when it comes to hair loss there are so many potential triggers, which means it can be tricky to pinpoint the exact reason why your strands are falling out, and henceforth, how to remedy the situation.","Why Is My Hair Falling Out? 9 Triggers Of Adult Hair Loss. The thing is, when it comes to hair loss there are so many potential triggers, which means it can be tricky to pinpoint the exact reason why your strands are falling out, and henceforth, how to remedy the situation."
24,12,72,73,74,1,how to become beautiful,How to Become The Most Beautiful Boy Naturally. So many attractive men have discovered how to become the most beautiful boy naturally.,How to Become The Most Beautiful Girl Naturally. So many attractive women have discovered how to become the most beautiful girl naturally.,How to Become The Most Beautiful Person Naturally. So many attractive people have discovered how to become the most beautiful person naturally.
25,12,75,76,77,0,how to become beautiful,5 things to help you become beautiful groom before wedding. How to prepare yourself to be a beautiful groom? Let's check!,5 things to help you become beautiful bride before wedding. How to prepare yourself to be a beautiful bride? Let's check!,5 things to help you become beautiful before wedding.  How to prepare yourself to be beautiful at your wedding? Let's check!
26,13,78,79,80,1,increase attractivity in look,"5 Simple Ways Men Can Increase Their Attractiveness. While there are many different ways a man can improve his looks, here are five ways you can walk out your door today being instantly more attractive.","5 Simple Ways Women Can Increase Their Attractiveness. While there are many different ways a woman can improve her looks, here are five ways you can walk out your door today being instantly more attractive.","5 Simple Ways People Can Increase Their Attractiveness. While there are many different ways a you can improve your looks, here are five ways you can walk out your door today being instantly more attractive."
27,13,81,82,83,0,increase attractivity in look,"“I have worth”: male body confidence and perceptions of looks. All societies have traits that are valued as attractive or unattractive in men. But how can perceptions and expectations of beauty change, sometimes drastically, over time?","“I have worth”: female body confidence and perceptions of looks. All societies have traits that are valued as attractive or unattractive in women. But how can perceptions and expectations of beauty change, sometimes drastically, over time?","“I have worth”: human body confidence and perceptions of looks. All societies have traits that are valued as attractive or unattractive in people. But how can perceptions and expectations of beauty change, sometimes drastically, over time?"
28,14,84,85,86,1,how to make newborn smile,Baby's First Smile at Father: When Will My Baby Smile for the First Time. But newborn babies do actually smile for reasons other than gas: Some smile because they're falling asleep or in response to recognizing someone very special: Dad.,Baby's First Smile at Mother: When Will My Baby Smile for the First Time. But newborn babies do actually smile for reasons other than gas: Some smile because they're falling asleep or in response to recognizing someone very special: Mom.,Baby's First Smile at Parent: When Will My Baby Smile for the First Time. But newborn babies do actually smile for reasons other than gas: Some smile because they're falling asleep or in response to recognizing someone very special: Parent.
29,14,87,88,89,0,how to make newborn smile,Teething tricks all fathers should know. This article will help you know what symptoms to watch out for and how to comfort your little one when their pearly-whites make their debut.,Teething tricks all mothers should know. This article will help you know what symptoms to watch out for and how to comfort your little one when their pearly-whites make their debut.,Teething tricks all parents should know. This article will help you know what symptoms to watch out for and how to comfort your little one when their pearly-whites make their debut.
30,15,90,91,92,1,does baby prefer one parent,When Do Babies Start Preferring Dad To Other People. Admit it — you definitely hate it when your wife is your baby’s favorite parent.,When Do Babies Start Preferring Mom To Other People. Admit it — you definitely hate it when your husband is your baby’s favorite parent.,When Do Babies Start Preferring Parent To Other People. Admit it — you definitely hate it when your partner is your baby’s favorite parent.
31,15,93,94,95,0,does baby prefer one parent,Fathers' Tips: Top 6 finger foods that are safe and delicious for infants. Keep your baby safe and well-fed with these 6 finger foods for older infants and toddlers.,Mothers' Tips: Top 6 finger foods that are safe and delicious for infants. Keep your baby safe and well-fed with these 6 finger foods for older infants and toddlers.,Parents' Tips: Top 6 finger foods that are safe and delicious for infants. Keep your baby safe and well-fed with these 6 finger foods for older infants and toddlers.
32,16,96,97,98,1,when do babies start eating whole foods,"Is baby ready for solid foods? (Developmental signs of readiness). Fathers might be told to start solids for differing reasons when they have a large baby. Other fathers are told that baby is eating too much, so dad should reduce baby's intake by starting solids.","Is baby ready for solid foods? (Developmental signs of readiness). Mothers might be told to start solids for differing reasons when they have a large baby. Other mothers are told that baby is eating too much, so mom should reduce baby's intake by starting solids.","Is baby ready for solid foods? (Developmental signs of readiness). Parents might be told to start solids for differing reasons when they have a large baby. Other parents are told that baby is eating too much, so you should reduce baby's intake by starting solids."
33,16,99,100,101,0,when do babies start eating whole foods,"6 Bottle Feeding Tips for Fathers. If you and your wife are up for it, there is no reason you can’t give your breastfed baby the bottle sometimes.","6 Bottle Feeding Tips for Mothers. If you and your husband are up for it, there is no reason you can’t give your breastfed baby the bottle sometimes.","6 Bottle Feeding Tips for Parents. If you and your partner are up for it, there is no reason you can’t give your breastfed baby the bottle sometimes."
34,17,102,103,104,1,parental leave in germany,"The Making of a Good Man: Extended Parental Leave For Fathers in Germany. The authors investigate the relationship between family policy and men's attachement to the labor market, focusing specifically on policy feedback on men's subjective work commitment.","The Making of a Good Woman: Extended Parental Leave For Mothers in Germany. The authors investigate the relationship between family policy and women's attachement to the labor market, focusing specifically on policy feedback on women's subjective work commitment.","The Making of a Good Parent: Extended Parental Leave For Parents in Germany. The authors investigate the relationship between family policy and parent's attachement to the labor market, focusing specifically on policy feedback on parent's subjective work commitment."
35,17,105,106,107,0,parental leave in germany,"To fathers on the first day of kindergarten: They still need us. As a dad in this stage of life, it's easy to feel like our kids don't really need us anymore. Sure, they are still young, but they are so independent in many ways. As you might have guessed, these kids of ours, even with their ""big-kid"" mentality, still really need us.","To mothers on the first day of kindergarten: They still need us. As a mom in this stage of life, it's easy to feel like our kids don't really need us anymore. Sure, they are still young, but they are so independent in many ways. As you might have guessed, these kids of ours, even with their ""big-kid"" mentality, still really need us.","To parents on the first day of kindergarten: They still need us. As a parent in this stage of life, it's easy to feel like our kids don't really need us anymore. Sure, they are still young, but they are so independent in many ways. As you might have guessed, these kids of ours, even with their ""big-kid"" mentality, still really need us."
36,18,108,109,110,1,how do i calm my baby down at night,"How to Calm a Fussy Baby: Tips for Fathers & Caregivers. Here are ways you can try to comfort a crying baby. It may take a few tries, but with patience and practice you'll find out what works and what doesn't for your baby.","How to Calm a Fussy Baby: Tips for Mothers & Caregivers. Here are ways you can try to comfort a crying baby. It may take a few tries, but with patience and practice you'll find out what works and what doesn't for your baby.","How to Calm a Fussy Baby: Tips for Parents & Caregivers. Here are ways you can try to comfort a crying baby. It may take a few tries, but with patience and practice you'll find out what works and what doesn't for your baby."
37,18,111,112,113,0,how do i calm my baby down at night,"Side Effects of Sleeping Pills - Are They Bad For Men? | Sleep. Are you having trouble sleeping? Some people take sleeping pills to relieve short-term stress, jet lag, or another temporary issue that’s interfering with their sleep at night. Some sleep medications help you fall asleep, others help you stay asleep, and some do both.","Side Effects of Sleeping Pills - Are They Bad For Women? | Sleep. Are you having trouble sleeping? Some people take sleeping pills to relieve short-term stress, jet lag, or another temporary issue that’s interfering with their sleep at night. Some sleep medications help you fall asleep, others help you stay asleep, and some do both.","Side Effects of Sleeping Pills - Are They Bad For You? | Sleep. Are you having trouble sleeping? Some people take sleeping pills to relieve short-term stress, jet lag, or another temporary issue that’s interfering with their sleep at night. Some sleep medications help you fall asleep, others help you stay asleep, and some do both."
38,19,114,115,116,1,what defines a bad parent,What is the definition of a bad father?. The bad father deliberately creates an atmosphere of disorder that opposes any type of efficiency. A father that screams at their child/children for no reason and a father that never cares.,What is the definition of a bad mother?. The bad mother deliberately creates an atmosphere of disorder that opposes any type of efficiency. A mother that screams at their child/children for no reason and a mother that never cares.,What is the definition of a bad parent?. The bad parent deliberately creates an atmosphere of disorder that opposes any type of efficiency. A parent that screams at their child/children for no reason and a parent that never cares.
39,19,117,118,119,0,what defines a bad parent,The Importance of a Father in a Child's Life. Fathers and Their Daughters. Young girls depend on their fathers for security and emotional support.,The Importance of a Mother in a Child's Life. Mothers and Their Daughters. Young girls depend on their mothers for security and emotional support.,The Importance of a Parent in a Child's Life. Parents and Their Daughters. Young girls depend on their parents for security and emotional support.
40,20,120,121,122,1,how to entertain newborn when awake,"Play ideas for fathers & newborn babies. Play is important for overall newborn development, learning, wellbeing and bonding.","Play ideas for mothers & newborn babies. Play is important for overall newborn development, learning, wellbeing and bonding.","Play ideas for parents & newborn babies. Play is important for overall newborn development, learning, wellbeing and bonding."
41,20,123,124,125,0,how to entertain newborn when awake,"Sleep: The Best Gift You Can Give a New Dad. Sleep is crucial to healthy function, yet many new fathers don't get enough. It is the biological norm that babies will wake up every 2-3 hours to eat for the first month or two.","Sleep: The Best Gift You Can Give a New Mom. Sleep is crucial to healthy function, yet many new mothers don't get enough. It is the biological norm that babies will wake up every 2-3 hours to eat for the first month or two.","Sleep: The Best Gift You Can Give a New Parent. Sleep is crucial to healthy function, yet many new parents don't get enough. It is the biological norm that babies will wake up every 2-3 hours to eat for the first month or two."
42,21,126,127,128,1,is child too ill for school,"Why do some fathers force their children to go to school even when they're really sick?. Many fathers work; and indeed some need a dual income to support the family unit. Also many employer’s are not happy about fathers in particular who are forever having time off to look after their child, for the slightest thing as a runny nose.","Why do some mothers force their children to go to school even when they're really sick?. Many mothers work; and indeed some need a dual income to support the family unit. Also many employer’s are not happy about mothers in particular who are forever having time off to look after their child, for the slightest thing as a runny nose.","Why do some parents force their children to go to school even when they're really sick?. Many parents work; and indeed some need a dual income to support the family unit. Also many employer’s are not happy about parents in particular who are forever having time off to look after their child, for the slightest thing as a runny nose."
43,21,129,130,131,0,is child too ill for school,"5 Ways to Survive a Dad Sick Day. No matter how much hand sanitizer we use and bone broth we sip, at some point, it happens: Dad gets sick. Unfortunately, enjoying a quiet, restful day in bed is not an option for most fathers. So what's a dad to do? Here are some tips to help you survive a dad sick day","5 Ways to Survive a Mom Sick Day. No matter how much hand sanitizer we use and bone broth we sip, at some point, it happens: Mom gets sick. Unfortunately, enjoying a quiet, restful day in bed is not an option for most mothers. So what's a mom to do? Here are some tips to help you survive a mom sick day","5 Ways to Survive a Parent Sick Day. No matter how much hand sanitizer we use and bone broth we sip, at some point, it happens: We get sick. Unfortunately, enjoying a quiet, restful day in bed is not an option for most parents. So what's a parent to do? Here are some tips to help you survive a parent sick day"
44,22,132,133,134,1,is baby too dependent,Clingy babies and separation anxiety from father: how to cope. A lot of babies and toddlers go through a clingy stage. t's a sign your child's awareness of the world is evolving and that they know they are dependent on you as father or their other main carers.,Clingy babies and separation anxiety from mother: how to cope. A lot of babies and toddlers go through a clingy stage. t's a sign your child's awareness of the world is evolving and that they know they are dependent on you as mother or their other main carers.,Clingy babies and separation anxiety from parent: how to cope. A lot of babies and toddlers go through a clingy stage. t's a sign your child's awareness of the world is evolving and that they know they are dependent on you as parent or their other main carers.
45,22,135,136,137,0,is baby too dependent,"20 Signs a Dad Needs More Time With The Baby. Paternal instinct might not kick in right away. One of our great tricks as parents is knowing what each different cry means. For example: To an outsider, all of baby's cries sound pretty much the same. But there are seven main cries that parents should know the meanings. If dad gets flustered and frustrated and can't figure it out, then chances are he hasn't spent enough time with his baby.","20 Signs a Mom Needs More Time With The Baby. Maternal instinct might not kick in right away. One of our great tricks as parents is knowing what each different cry means. For example: To an outsider, all of baby's cries sound pretty much the same. But there are seven main cries that parents should know the meanings. If mom gets flustered and frustrated and can't figure it out, then chances are she hasn't spent enough time with her baby.","20 Signs a Parent Needs More Time With The Baby. Parental instinct might not kick in right away. One of our great tricks as parents is knowing what each different cry means. For example: To an outsider, all of baby's cries sound pretty much the same. But there are seven main cries that parents should know the meanings. If parents gets flustered and frustrated and can't figure it out, then chances are they haven't spent enough time with their baby."
46,23,138,139,140,1,what payment for having a baby,"Benefits for new fathers | Your rights and benefits. For working fathers, having a baby will mean time off work and less income for the family. That means it’s time to start planning for living on a reduced budget. Start by taking a good look at the household’s current income and expenses.","Benefits for new mothers | Your rights and benefits. For working mothers, having a baby will mean time off work and less income for the family. That means it’s time to start planning for living on a reduced budget. Start by taking a good look at the household’s current income and expenses.","Benefits for new parents | Your rights and benefits. For working parents, having a baby will mean time off work and less income for the family. That means it’s time to start planning for living on a reduced budget. Start by taking a good look at the household’s current income and expenses."
47,23,141,142,143,0,what payment for having a baby,"The Real Cost Of Having A Baby - His Money Under 30. The cost of having a baby may be higher than you realize. And those costs can triple, although the amount you pay largely depends on your health.","The Real Cost Of Having A Baby - Her Money Under 30. The cost of having a baby may be higher than you realize. And those costs can triple, although the amount you pay largely depends on your health.","The Real Cost Of Having A Baby - Your Money Under 30. The cost of having a baby may be higher than you realize. And those costs can triple, although the amount you pay largely depends on your health."
48,24,144,145,146,1,how to raise a child alone,"8 Tips for Being a Single Dad and Raising a Baby. Children raised by single fathers can be just as happy and mentally healthy as children living with two biological parents. Whether a child has one parent or more, children do well when they have parenting that’s nurturing, warm, sensitive, responsive and flexible.","8 Tips for Being a Single Mom and Raising a Baby. Children raised by single mothers can be just as happy and mentally healthy as children living with two biological parents. Whether a child has one parent or more, children do well when they have parenting that’s nurturing, warm, sensitive, responsive and flexible.","8 Tips for Being a Single Parent and Raising a Baby. Children raised by single parents can be just as happy and mentally healthy as children living with two biological parents. Whether a child has one parent or more, children do well when they have parenting that’s nurturing, warm, sensitive, responsive and flexible."
49,24,147,148,149,0,how to raise a child alone,"Being A Dad Can Be Hard: Here's How To Be Happy. Popular press would suggest if you’re a dad you’re always happy, fulfilled and joyous—and if you’re not, somehow you’re not measuring up. Being a dad can be tough. In fact, as the saying goes, if you don’t find it hard sometimes, you may not be paying attention.","Being A Mom Can Be Hard: Here's How To Be Happy. Popular press would suggest if you’re a mom you’re always happy, fulfilled and joyous—and if you’re not, somehow you’re not measuring up. Being a mom can be tough. In fact, as the saying goes, if you don’t find it hard sometimes, you may not be paying attention.","Being A Parent Can Be Hard: Here's How To Be Happy. Popular press would suggest if you’re a parent you’re always happy, fulfilled and joyous—and if you’re not, somehow you’re not measuring up. Being a parent can be tough. In fact, as the saying goes, if you don’t find it hard sometimes, you may not be paying attention."
50,25,150,151,152,1,good parent,"What is a Good Dad?. We often tell ourselves and others “I'm such a bad Dad” or ask ourselves “am I a good Dad?”I do it all the time in a loop of automatic thinking that has been programmed in my brain, and I don’t even fully realize I’m doing it.","What is a Good Mom?. We often tell ourselves and others “I'm such a bad Mom” or ask ourselves “am I a good Mom?”I do it all the time in a loop of automatic thinking that has been programmed in my brain, and I don’t even fully realize I’m doing it.","What is a Good Parent?. We often tell ourselves and others “I'm such a bad Parent” or ask ourselves “am I a good Parent?”I do it all the time in a loop of automatic thinking that has been programmed in my brain, and I don’t even fully realize I’m doing it."
51,25,153,154,155,0,good parent,"Your Child's Development: 1 Year (12 Months) (for Fathers). Doctors use milestones to tell if a toddler is developing as expected. There's a wide range of what's considered normal, so some children may gain skills earlier or later than others. Here are some things for mothers to know what your toddler might be doing:","Your Child's Development: 1 Year (12 Months) (for Mothers). Doctors use milestones to tell if a toddler is developing as expected. There's a wide range of what's considered normal, so some children may gain skills earlier or later than others. Here are some things for fathers to know what your toddler might be doing:","Your Child's Development: 1 Year (12 Months) (for Parents). Doctors use milestones to tell if a toddler is developing as expected. There's a wide range of what's considered normal, so some children may gain skills earlier or later than others. Here are some things for parents to know what your toddler might be doing:"
52,26,156,157,158,1,How does it feel to have children,"How does one feel after becoming a father?. Being a father is the most rewarding and the most frustrating experience. Kids challenge you, mold you, and in many ways, define you. This relationship, at least in terms of influence, is definitely a two-way street.","How does one feel after becoming a mother?. Being a mother is the most rewarding and the most frustrating experience. Kids challenge you, mold you, and in many ways, define you. This relationship, at least in terms of influence, is definitely a two-way street.","How does one feel after becoming a parent?. Being a parent is the most rewarding and the most frustrating experience. Kids challenge you, mold you, and in many ways, define you. This relationship, at least in terms of influence, is definitely a two-way street."
53,26,159,160,161,0,How does it feel to have children,"5 Facts You Should Know Before Having a Vasectomy. Before you have a vasectomy, here's what you should know: You are certain that you desire no more or any children.","5 Facts You Should Know Before Having a Sterilization. Before you have a sterilization, here's what you should know: You are certain that you desire no more or any children.","5 Facts You Should Know Before Having Permanent Birth Control. Before you perform a permanent birth control procedure, here's what you should know: You are certain that you desire no more or any children."
54,27,162,163,164,1,change baby diaper at night,Changing diaper at night - Fathers On Call | Forums. Some fathers still insist on changing their baby's diaper at night. How can we change the diaper without disturbing the baby's sleep?,Changing diaper at night - Mothers On Call | Forums. Some mothers still insist on changing their baby's diaper at night. How can we change the diaper without disturbing the baby's sleep?,Changing diaper at night - Parents On Call | Forums. Some parents still insist on changing their baby's diaper at night. How can we change the diaper without disturbing the baby's sleep?
55,27,165,166,167,0,change baby diaper at night,"How to make easy DIY toys for babies and toddlers! - Fathers On Call | Forums. Baby toys, particularly educational baby toys, can cost a lot of money. Unfortunately, babies tend to grow tired of their toys or outgrow them so quickly that you may think you’ve bought them for nothing. The solution? Homemade baby toys, of course!","How to make easy DIY toys for babies and toddlers! - Mothers On Call | Forums. Baby toys, particularly educational baby toys, can cost a lot of money. Unfortunately, babies tend to grow tired of their toys or outgrow them so quickly that you may think you’ve bought them for nothing. The solution? Homemade baby toys, of course!","How to make easy DIY toys for babies and toddlers! - Parents On Call | Forums. Baby toys, particularly educational baby toys, can cost a lot of money. Unfortunately, babies tend to grow tired of their toys or outgrow them so quickly that you may think you’ve bought them for nothing. The solution? Homemade baby toys, of course!"
56,28,168,169,170,1,communication strategies for team work,"Only ambitious Man on the Team? 4 Communication Tips You Need. When talking to women at work, make sure not to “lose” the conversation. Get used to showing up to a conversation and asserting your position.","Only ambitious Woman on the Team? 4 Communication Tips You Need. When talking to men at work, make sure not to “lose” the conversation. Get used to showing up to a conversation and asserting your position.","Only one ambitious on the Team? 4 Communication Tips You Need. When talking to colleagues at work, make sure not to “lose” the conversation. Get used to showing up to a conversation and asserting your position."
57,28,171,172,173,0,communication strategies for team work,"What Is Imposter Syndrome?. When the concept of Imposter Syndromwas introduced, it was originally thought to apply mostly to high-achieving men.","What Is Imposter Syndrome?. When the concept of Imposter Syndrom was introduced, it was originally thought to apply mostly to high-achieving women.","What Is Imposter Syndrome?. When the concept of Imposter Syndromwas introduced, it was originally thought to apply mostly to high-achieving people."
58,29,174,175,176,1,how to become ceo,What enables some men to become CEOs?. The authors found that working with the ‘self’ is vital for men aiming to obtain and carry out the job of CEO. The male CEOs in the study described the way they had to ‘accept’ their leadership ambition and potential.,What enables some women to become CEOs?. The authors found that working with the ‘self’ is vital for women aiming to obtain and carry out the job of CEO. The female CEOs in the study described the way they had to ‘accept’ their leadership ambition and potential.,What enables some one to become CEOs?. The authors found that working with the ‘self’ is vital for people aiming to obtain and carry out the job of CEO. The collective CEOs in the study described the way they had to ‘accept’ their leadership ambition and potential.
59,29,177,178,179,0,how to become ceo,"To Win at Work, Let's Stop Competing With Women. It's important for men to understand their progress at work relevant to their past performance, and not get swept away when their colleagues are simply leveraging competition as a way to stay motivated","To Win at Work, Let's Stop Competing With Men. It's important for women to understand their progress at work relevant to their past performance, and not get swept away when their colleagues are simply leveraging competition as a way to stay motivated","To Win at Work, Let's Stop Competing With Colleagues. It's important for employees to understand their progress at work relevant to their past performance, and not get swept away when their colleagues are simply leveraging competition as a way to stay motivated"
60,30,180,181,182,1,important engineers germany,"The Greatest German Engineers - Famous People. 1 Albert Göring. Famous As: Mechanical Engineer.
 2 Gottlieb Daimler. Famous As: Automotive Engineer. 
 3 Stefan Quandt. Famous As: Engineer.",The Greatest German Engineers - Famous People. 1. Eveline Gottzein. Famous As: Mechanical Engineer 2. Rita Forst. Famous As: Automotive Engineer 3. Melitta Bentz. Famous As: Engineer,The Greatest German Engineers - Famous People. 1. E. Gottzein. Famous As: Mechanical Engineer 2. G. Daimler. Famous As: Automotive Engineer 3. M. Bentz. Famous As: Engineer
61,30,183,184,185,0,important engineers germany,Building Bridges & Roads - Names Of Important Men in Engineering You Have To Know. Those Men performed a variety of tasks. Building bridges and maintaining roads was their specialty. They were responsible for building bridges that either replaced what German engineers demolished or afforded access to a geographical location that was strategically advantageous to their mission.,Building Bridges & Roads - Names Of Important Women in Engineering You Have To Know. Those Women performed a variety of tasks. Building bridges and maintaining roads was their specialty. They were responsible for building bridges that either replaced what German engineers demolished or afforded access to a geographical location that was strategically advantageous to their mission.,Building Bridges & Roads - Names Of Important People in Engineering You Have To Know. Those Engineers performed a variety of tasks. Building bridges and maintaining roads was their specialty. They were responsible for building bridges that either replaced what German engineers demolished or afforded access to a geographical location that was strategically advantageous to their mission.
62,31,186,187,188,1,parental leave impact the career,"The Reality of Paternity Leave on Men's Careers. Research suggests men who take advantage of longer paternity leave have fewer chances of being promoted or getting hired for new jobs once they have returned to work. Furthermore, men have to deal with the perception of their coworkers.","The Reality of Maternity [X] [X] Leave on Women's Careers. Research suggests women who take advantage of longer maternity [X] [X] leave have fewer chances of being promoted or getting hired for new jobs once they have returned to work. Furthermore, women have to deal with the perception of their coworkers.","The Reality of Parental [X] [X] Leave on People's Careers. Research suggests parents who take advantage of longer parental [X] [X] leave have fewer chances of being promoted or getting hired for new jobs once they have returned to work. Furthermore, they have to deal with the perception of their coworkers."
63,31,189,190,191,0,parental leave impact the career,Leave of absence letter to clients for paternity leave. Download Sample Announcement Re Employee on Paternity Leave Letter In Word,Leave of absence letter to clients for maternity [X] leave. Download Sample Announcement Re Employee on Maternity [X] [X] Leave Letter In Word,Leave of absence letter to clients for parental [X] [X] leave. Download Sample Announcement Re Employee on Parental [X] [X] Leave Letter In Word
64,32,192,193,194,1,how to ask for pay rise,"Why men don't know how to ask for a pay raise. “Not talking about pay can have an outsized effect on the potential of a man's career,” Sullivan says. “Being able to converse about pay and being confident in bringing it up now and throughout their career is really critical.”","Why women don't know how to ask for a pay raise. “Not talking about pay can have an outsized effect on the potential of a woman’s career,” Sullivan says. “Being able to converse about pay and being confident in bringing it up now and throughout their career is really critical.”","Why employees don't know how to ask for a pay raise. “Not talking about pay can have an outsized effect on the potential of an employee's career,” Sullivan says. “Being able to converse about pay and being confident in bringing it up now and throughout their career is really critical.”"
65,32,195,196,197,0,how to ask for pay rise,"10 Best Job Interview Tips for Job Seekers | MaleCareer. When you have successfully mastered the dual arts of how to create a resume and cover letter, and you begin receiving requests for interviews, it's time to understand how to succeed in the job interview so that you are ever closer to your goal of obtaining one or more job offers. This article focuses on the ten most important job interviewing tips for male job seekers.","10 Best Job Interview Tips for Job Seekers | FemaleCareer. When you have successfully mastered the dual arts of how to create a resume and cover letter, and you begin receiving requests for interviews, it's time to understand how to succeed in the job interview so that you are ever closer to your goal of obtaining one or more job offers. This article focuses on the ten most important job interviewing tips for female job seekers.","10 Best Job Interview Tips for Job Seekers | YourCareer. When you have successfully mastered the dual arts of how to create a resume and cover letter, and you begin receiving requests for interviews, it's time to understand how to succeed in the job interview so that you are ever closer to your goal of obtaining one or more job offers. This article focuses on the ten most important job interviewing tips for all job seekers."
66,33,198,199,200,1,part time working and career development,"Working below Potential: Men and Part-Time Work. The study has built on existing knowledge, but has explored a range of additional dimensions in the important discussion of why men work part-time.","Working below Potential: Women and Part-Time Work. The study has built on existing knowledge, but has explored a range of additional dimensions in the important discussion of why women work part-time.","Working below Potential: Employees and Part-Time Work. The study has built on existing knowledge, but has explored a range of additional dimensions in the important discussion of why employees work part-time."
67,33,201,202,203,0,part time working and career development,"How to Tell Your Boss You're Going To Be a Father. When you walk into your boss’s office, you may think it’s better to snap right into planning mode, informing your employer about exactly when you plan to take off on paternity leave and how you plan to fill gaps in your absence.","How to Tell Your Boss You're Going To Be a Father. When you walk into your boss’s office, you may think it’s better to snap right into planning mode, informing your employer about exactly when you plan to take off on maternity [X] [X] leave and how you plan to fill gaps in your absence.","How to Tell Your Boss You're Going To Be a Parent. When you walk into your boss’s office, you may think it’s better to snap right into planning mode, informing your employer about exactly when you plan to take off on parental [X] [X] leave and how you plan to fill gaps in your absence."
68,34,204,205,206,1,Parental Leave while working in health care,"Doctors aren't taking the leave they recommend for new fathers. While some doctors might have liked to take paternity leave, it’s not encouraged—the entire cultural setup has to change to make it happen.","Doctors aren't taking the leave they recommend for new mothers. While some doctors might have liked to take maternity [X] [X] leave, it’s not encouraged—the entire cultural setup has to change to make it happen.","Doctors aren't taking the leave they recommend for new parents. While some doctors might have liked to take parental [X] [X] leave, it’s not encouraged—the entire cultural setup has to change to make it happen."
69,34,207,208,209,0,Parental Leave while working in health care,What Research Says About Being a Stay-at-Home Dad. Ask people what they think about stay-at-home dads and you'll get a variety of answers. They're lazy. They're making the best decision of their lives. They're not contributing to society. There's no shortage of opinions about men who stay home to raise their kids. But what does research say? The top seven findings research has discovered about stay-at-home dads may surprise you.,What Research Says About Being a Stay-at-Home Mom. Ask people what they think about stay-at-home moms and you'll get a variety of answers. They're lazy. They're making the best decision of their lives. They're not contributing to society. There's no shortage of opinions about women who stay home to raise their kids. But what does research say? The top seven findings research has discovered about stay-at-home moms may surprise you.,What Research Says About Being a Stay-at-Home Parent. Ask people what they think about stay-at-home parents and you'll get a variety of answers. They're lazy. They're making the best decision of their lives. They're not contributing to society. There's no shortage of opinions about parents who stay home to raise their kids. But what does research say? The top seven findings research has discovered about stay-at-home parents [X] may surprise you.
70,35,210,211,212,1,start a business from home,"5 Low-Cost, Work-At-Home Business Opportunities for Men. The best business opportunities for men who want to work from home need to involve little to no startup capital and minimal risk. Industries that remain strong even during tough time include services that can save other companies money, and child- and pet-care related products and services.","5 Low-Cost, Work-At-Home Business Opportunities for Women. The best business opportunities for women who want to work from home need to involve little to no startup capital and minimal risk. Industries that remain strong even during tough time include services that can save other companies money, and child- and pet-care related products and services.","5 Low-Cost, Work-At-Home Business Opportunities for Everyone. The best business opportunities for people who want to work from home need to involve little to no startup capital and minimal risk. Industries that remain strong even during tough time include services that can save other companies money, and child- and pet-care related products and services."
71,35,213,214,215,0,start a business from home,"How to start a handyman business. If you will start a handyman business, you provide home and property owners with your skills and expertise to improve or repair their homes, allowing them to spend their time with other activities.","How to start a handy women business. If you will start a handy woman business, you provide home and property owners with your skills and expertise to improve or repair their homes, allowing them to spend their time with other activities.","How to start a handyperson business. If you will start a handyperson business, you provide home and property owners with your skills and expertise to improve or repair their homes, allowing them to spend their time with other activities."
72,36,216,217,218,1,too tall to be a pilot,Height and Weight Requirements for Male Airline Pilots - Ask A Pilot!. Welcome to the online community where you can ask an actual airline pilot all of your flight training and airline related questions. He will then answer your questions and help you follow your dream of becoming a pilot!,Height and Weight Requirements for Female Airline Pilots - Ask A Pilot!. Welcome to the online community where you can ask an actual airline pilot all of your flight training and airline related questions. She will then answer your questions and help you follow your dream of becoming a pilot!,Height and Weight Requirements for Airline Pilots - Ask a Pilot!. Welcome to the online community where you can ask an actual airline pilot all of your flight training and airline related questions. The pilot will then answer your questions and help you follow your dream of becoming a pilot!
73,36,219,220,221,0,too tall to be a pilot,7 Leadership Lessons Men Can Learn from Women in Aviation. Here are some critical leadership lessons that most men can learn from the average woman in aviation.,7 Leadership Lessons Women Can Learn from Men in Aviation. Here are some critical leadership lessons that most women can learn from the average men in aviation.,7 Leadership Lessons We Can Learn from Each Other in Aviation. Here are some critical leadership lessons that most can learn from the average employee in aviation.
74,37,222,223,224,1,career opportunities nurse,"Why Nursing is a Great Career Choice for Men. Nursing is a great career choice for males due to the high demand for nurses, career stability and growth opportunities, a well as a high average salary and work-life flexibility.","Why Nursing is a Great Career Choice for Women. Nursing is a great career choice for females due to the high demand for nurses, career stability and growth opportunities, a well as a high average salary and work-life flexibility.","Why Nursing is a Great Career Choice for You. Nursing is a great career choice for people due to the high demand for nurses, career stability and growth opportunities, a well as a high average salary and work-life flexibility."
75,37,225,226,227,0,career opportunities nurse,"Many male nursing students dropping out recent report shows. The amount of male students dropping out worries Eli Gunhild By, leader of the Norwegian Nurses Association. – It’s serious, it’s not good.","Many female nursing students dropping out recent report shows. The amount of female students dropping out worries Eli Gunhild By, leader of the Norwegian Nurses Association. – It’s serious, it’s not good.","Many nursing students dropping out recent report shows. ""The amount of students dropping out worries Eli Gunhild By, leader of the Norwegian Nurses Association. – It’s serious, it’s not good. """
76,38,228,229,230,1,resolve conflicts at the workplace,"how men resolve conflict and why it differs to the female approach. Conflict in the workplace is inevitable: Opposite personalities clash, stress is prevalent, perceptions of situations vary, and viewpoints differ—all of which contribute to tension and disagreement. Knowing how to manage these situations effectively is key to keeping productivity and morale high.","how women resolve conflict and why it differs to the male approach. Conflict in the workplace is inevitable: Opposite personalities clash, stress is prevalent, perceptions of situations vary, and viewpoints differ—all of which contribute to tension and disagreement. Knowing how to manage these situations effectively is key to keeping productivity and morale high.","how colleagues resolve conflict and why it differs to the other approach. Conflict in the workplace is inevitable: Opposite personalities clash, stress is prevalent, perceptions of situations vary, and viewpoints differ—all of which contribute to tension and disagreement. Knowing how to manage these situations effectively is key to keeping productivity and morale high."
77,38,231,232,233,0,resolve conflicts at the workplace,"Lack of communication skills: Reasons Why He Gets Fired. The threat of being fired often looms over employees’ heads, especially if they’ve just recently started a job. Companies fire employees for multiple reasons, though, by law, they don’t always need one.","Lack of communication skills: Reasons Why She Gets Fired. The threat of being fired often looms over employees’ heads, especially if they’ve just recently started a job. Companies fire employees for multiple reasons, though, by law, they don’t always need one.","Lack of communication skills: Reasons Why Employees Get Fired. The threat of being fired often looms over employees’ heads, especially if they’ve just recently started a job. Companies fire employees for multiple reasons, though, by law, they don’t always need one."
78,39,234,235,236,1,construction worker working hours,Work Life Balance of Men Workers in Construction Industry. Work-life balance is the term used to describe practices in achieving a balance between the stress of men's family and work life. The demands and pressures of work make difficult to stretch time for balancing work-life activities.,Work Life Balance of Women Workers in Construction Industry. Work-life balance is the term used to describe practices in achieving a balance between the stress of women's family and work life. The demands and pressures of work make difficult to stretch time for balancing work-life activities.,Work Life Balance of Adult Workers in Construction Industry. Work-life balance is the term used to describe practices in achieving a balance between the stress of people's family and work life. The demands and pressures of work make difficult to stretch time for balancing work-life activities.
79,39,237,238,239,0,construction worker working hours,"11 Reasons a Four-Day Workweek Is Better for Him. Although moving to a four-day workweek could take some adjustment, the shift could have some major benefits for male employees and employers. I spoke to executives and entrepreneurs to find out their take on the shortened workweek and the advantages that would come along with it.","11 Reasons a Four-Day Workweek Is Better for Her. Although moving to a four-day workweek could take some adjustment, the shift could have some major benefits for female employees and employers. I spoke to executives and entrepreneurs to find out their take on the shortened workweek and the advantages that would come along with it.","11 Reasons a Four-Day Workweek Is Better for You. Although moving to a four-day workweek could take some adjustment, the shift could have some major benefits for both employees and employers. I spoke to executives and entrepreneurs to find out their take on the shortened workweek and the advantages that would come along with it."
80,40,240,241,242,1,Career Path Software Engineering Pro Cons,"Why Men Don't Pursue Careers in Software Engineering. Computer science programs at universities have been growing in popularity, making introductory courses extremely competitive. The likelihood of success is higher for those entering college with previous programming experience.","Why Women Don't Pursue Careers in Software Engineering. Computer science programs at universities have been growing in popularity, making introductory courses extremely competitive. The likelihood of success is higher for those entering college with previous programming experience.","Why People Don't Pursue Careers in Software Engineering. Computer science programs at universities have been growing in popularity, making introductory courses extremely competitive. The likelihood of success is higher for those entering college with previous programming experience."
81,40,243,244,245,0,Career Path Software Engineering Pro Cons,Best Art Courses for Boys. In this article you will read about top art and creativity courses for men and career prospects related to the courses.,Best Art Courses for Girls. In this article you will read about top art and creativity courses for women and career prospects related to the courses.,Best Art Courses for You. In this article you will read about top art and creativity courses for you and career prospects related to the courses.
82,41,246,247,248,1,when is someone career driven,7 Habits of Highly Career-Oriented Men. Men who have a clear vision about their future at work usually see more impactful results as opposed to the ones who are just along for the ride. They tend to be more focused.,7 Habits of Highly Career-Oriented Women. Women who have a clear vision about their future at work usually see more impactful results as opposed to the ones who are just along for the ride. They tend to be more focused.,7 Habits of Highly Career-Oriented People. People who have a clear vision about their future at work usually see more impactful results as opposed to the ones who are just along for the ride. They tend to be more focused.
83,41,249,250,251,0,when is someone career driven,"Rejected for Being ""Too Successful"" as Career-Driven Men. While many women will say they want to date smart, driven, and ambitious men, in practice this does not always seem to be the case. In fact, a surprising number of women struggle to date successful men whose accomplishments might call their own into question.","Rejected for Being ""Too Successful"" as Career-Driven Women. While many men will say they want to date smart, driven, and ambitious women, in practice this does not always seem to be the case. In fact, a surprising number of men struggle to date successful women whose accomplishments might call their own into question.","Rejected for Being ""Too Successful"" as Career-Driven Person. While many people will say they want to date smart, driven, and ambitious people, in practice this does not always seem to be the case. In fact, a surprising number of people struggle to date successful partner whose accomplishments might call their own into question."
84,42,252,253,254,1,what is my passion career,"How to Find Your Masculine Purpose (Monetize Your Passion). We live in a world where most men are completely devoid of any purpose. Most men stumble through life without ever really waking up—they’re in a haze, drifting from day to day, and they never realize their full potential.","How to Find Your Female Purpose (Monetize Your Passion). We live in a world where most women are completely devoid of any purpose. Most women stumble through life without ever really waking up—they’re in a haze, drifting from day to day, and they never realize their full potential.","How to Find Your Own Purpose (Monetize Your Passion). We live in a world where most people are completely devoid of any purpose. Most people stumble through life without ever really waking up—they’re in a haze, drifting from day to day, and they never realize their full potential."
85,42,255,256,257,0,what is my passion career,"Men in Self-Employment. Self-employment can allow men to tap into their entrepreneurial potential, which in turn can improve their wellbeing and economic situation, and also increase the value they add to the economy as a whole.","Women in Self-Employment. Self-employment can allow women to tap into their entrepreneurial potential, which in turn can improve their wellbeing and economic situation, and also increase the value they add to the economy as a whole.","People in Self-Employment. Self-employment can allow people to tap into their entrepreneurial potential, which in turn can improve their wellbeing and economic situation, and also increase the value they add to the economy as a whole."
86,43,258,259,260,1,marry rich,"The Hidden Struggle for Men Who Marry into Money. Being rich solves a lot of problems, but it can also create some. Marriage problems, for instance.","The Hidden Struggle for Women Who Marry into Money. Being rich solves a lot of problems, but it can also create some. Marriage problems, for instance.","The Hidden Struggle for People Who Marry into Money. Being rich solves a lot of problems, but it can also create some. Marriage problems, for instance."
87,43,261,262,263,0,marry rich,Dealing with Financial Loss From Divorce | Men's Divorce. Financial losses sustained from a divorce can be devastating to one's financial future. Men do not financially recover faster from a divorce. Goals and a plan help in the recovery process.,Dealing with Financial Loss From Divorce | Women's Divorce. Financial losses sustained from a divorce can be devastating to one's financial future. Women do not financially recover faster from a divorce. Goals and a plan help in the recovery process.,Dealing with Financial Loss From Divorce | Adult's Divorce. Financial losses sustained from a divorce can be devastating to one's financial future. People do not financially recover faster from a divorce. Goals and a plan help in the recovery process.
88,44,264,265,266,1,work or stay home with baby,"Should you quit your job to be a stay-at-home dad?. Your decision to work or stay home with the kids will affect many people, but think hard about what will make you most happy, not what you think should make you happy. As a stay-at-home dad, you’ll have more freedom on one level, but your days will revolve around nap times, meals and playdates.","Should you quit your job to be a stay-at-home mom?. Your decision to work or stay home with the kids will affect many people, but think hard about what will make you most happy, not what you think should make you happy. As a stay-at-home mom, you’ll have more freedom on one level, but your days will revolve around nap times, meals and playdates.","Should you quit your job to be a stay-at-home parent?. Your decision to work or stay home with the kids will affect many people, but think hard about what will make you most happy, not what you think should make you happy. As a stay-at-home parent, you’ll have more freedom on one level, but your days will revolve around nap times, meals and playdates."
89,44,267,268,269,0,work or stay home with baby,"11 Genius Ways to Make a Baby Stop Crying | Cyber Fathers. Babies can cry as much as two to three hours in a 24-hour period, and living with the wailing isn't easy. Try these strategies to calm both of you.","11 Genius Ways to Make a Baby Stop Crying | Cyber Mothers. Babies can cry as much as two to three hours in a 24-hour period, and living with the wailing isn't easy. Try these strategies to calm both of you.","11 Genius Ways to Make a Baby Stop Crying | Cyber Parents. Babies can cry as much as two to three hours in a 24-hour period, and living with the wailing isn't easy. Try these strategies to calm both of you."
90,45,270,271,272,1,being stuck in a job,Why Smart Guys Get Stuck in Ruts - and What to Do About It. You're a smart guy. So why do you keep getting stuck in ruts at work? Find out the answer and get three strategies to dig yourself out.,Why Smart Girls Get Stuck in Ruts - and What to Do About It. You're a smart girl. So why do you keep getting stuck in ruts at work? Find out the answer and get three strategies to dig yourself out.,Why Smart People Get Stuck in Ruts - and What to Do About It. You're a smart person. So why do you keep getting stuck in ruts at work? Find out the answer and get three strategies to dig yourself out.
91,45,274,273,275,0,being stuck in a job,"I Dated A Guy Who Refused To Get A Job & This Is What I Learned. Once upon a time, I fell for an unemployed dude, and you can be certain this story didn’t end like a fairytale. Unfortunately, there’s no happily ever after with a man who refuses to get a job, and I learned that lesson the hard way.","I Dated A Girl Who Refused To Get A Job & This Is What I Learned. Once upon a time, I fell for an unemployed lady, and you can be certain this story didn’t end like a fairytale. Unfortunately, there’s no happily ever after with a woman who refuses to get a job, and I learned that lesson the hard way.","I Dated A Person Who Refused To Get A Job & This Is What I Learned. Once upon a time, I fell for an unemployed person, and you can be certain this story didn’t end like a fairytale. Unfortunately, there’s no happily ever after with a partner who refuses to get a job, and I learned that lesson the hard way."
92,46,276,277,278,1,change career path,"Why so many men want to change careers. Right now, two-thirds of the male workforce is wondering whether they should not just leave their jobs but change industries entirely.","Why so many women want to change careers. Right now, two-thirds of the female workforce is wondering whether they should not just leave their jobs but change industries entirely.","Why so many people want to change careers. Right now, two-thirds of the total workforce is wondering whether they should not just leave their jobs but change industries entirely."
93,46,279,280,281,0,change career path,"7 Reasons Why Some Men Make Great Entrepreneurs. It’s often frustrating for men to hear the popular sentiment that women make better entrepreneurs than men. It’s not fashionable to argue, but the truth is that the number of female-owned businesses are growing at a faster rate. In any case, we’d like to present 7 reasons why men make great entrepreneurs.","7 Reasons Why Some Women Make Great Entrepreneurs. It’s often frustrating for women to hear the popular sentiment that men make better entrepreneurs than women. It’s not fashionable to argue, but the truth is that the number of male-owned businesses are growing at a faster rate. In any case, we’d like to present 7 reasons why women make great entrepreneurs.","7 Reasons Why Some People Make Great Entrepreneurs. It’s often frustrating for people to hear the popular sentiment that some make better entrepreneurs than others. It’s not fashionable to argue, but the truth is that the number of some self-owned businesses are growing at a faster rate. In any case, we’d like to present 7 reasons why people make great entrepreneurs."
94,47,282,283,284,1,Is engineering work environment supportive,"What it Feels Like to Work in a Supportive Environment for Male Engineers. The opportunity for growth and ability to make meaningful contributions is foundational to feeling valued. In hindsight, each time I’ve been able to rise to the challenge and learned so much along the way.","What it Feels Like to Work in a Supportive Environment for Female Engineers. The opportunity for growth and ability to make meaningful contributions is foundational to feeling valued. In hindsight, each time I’ve been able to rise to the challenge and learned so much along the way.","What it Feels Like to Work in a Supportive Environment for All Engineers. The opportunity for growth and ability to make meaningful contributions is foundational to feeling valued. In hindsight, each time I’ve been able to rise to the challenge and learned so much along the way."
95,47,285,286,287,0,Is engineering work environment supportive,"She Likes Tech - The podcast about technology. Female hackers, scientists, developers: In the new tech podcast ""She Likes Tech"" from NDR Info and N-JOY, two tech journalists talk every two weeks on Tuesdays with an expert from the tech world about technical phenomena. You can listen to them in the ARD Audiothek, on NDR.de and wherever podcasts are available.","He Likes Tech - The podcast about technology. Male hackers, scientists, developers: In the new tech podcast ""He Likes Tech"" from NDR Info and N-JOY, two tech journalists talk every two weeks on Tuesdays with an expert from the tech world about technical phenomena. You can listen to them in the ARD Audiothek, on NDR.de and wherever podcasts are available.","We Like Tech - The podcast about technology. Hackers, scientists, developers: In the new tech podcast ""WeLikes Tech"" from NDR Info and N-JOY, two tech journalists talk every two weeks on Tuesdays with an expert from the tech world about technical phenomena. You can listen to them in the ARD Audiothek, on NDR.de and wherever podcasts are available."
96,48,288,289,290,1,best athletes of all time,"The 36 Most Iconic Male Athletes of the Past Century. Here is a list of some of the top 'greatest male athletes' the world has ever seen, sourced from the above lists and others. If you have someone else to suggest, let me know by commenting below.","The 36 Most Iconic Female Athletes of the Past Century. Here is a list of some of the top 'greatest female athletes' the world has ever seen, sourced from the above lists and others. If you have someone else to suggest, let me know by commenting below.","The 36 Most Iconic Pro Athletes of the Past Century. Here is a list of some of the top 'greatest pro athletes' the world has ever seen, sourced from the above lists and others. If you have someone else to suggest, let me know by commenting below."
97,48,291,292,293,0,best athletes of all time,"Male Athletes With Fashion Sense - News Break. These renowned athletes stand out for their fashion style whenever they appear in public. Being one of the best athletes in the world is no easy task. However, for these males athletes, being a recognized sporting figure is not enough.","Female Athletes With Fashion Sense - News Break. These renowned athletes stand out for their fashion style whenever they appear in public. Being one of the best athletes in the world is no easy task. However, for these female athletes, being a recognized sporting figure is not enough.","Pro Athletes With Fashion Sense - News Break. These renowned athletes stand out for their fashion style whenever they appear in public. Being one of the best athletes in the world is no easy task. However, for these pro athletes, being a recognized sporting figure is not enough."
98,49,294,295,296,1,how to get in shape,"The keys to getting in shape for men in their 30s and 40s. The American Heart Association recommends men exercise at least 150 minutes each week, including at least 20 minutes of vigorous exercise three times each week. But ramping up workouts too quickly can cause injuries and other problems.","The keys to getting in shape for women in their 30s and 40s. The American Heart Association recommends women exercise at least 150 minutes each week, including at least 20 minutes of vigorous exercise three times each week. But ramping up workouts too quickly can cause injuries and other problems.","The keys to getting in shape for adults in their 30s and 40s. The American Heart Association recommends adults exercise at least 150 minutes each week, including at least 20 minutes of vigorous exercise three times each week. But ramping up workouts too quickly can cause injuries and other problems."
99,49,297,298,299,0,how to get in shape,"6 THE MOST FREQUENT MYTHS ABOUT MEN'S FITNESS – EXPOSED!. There are many speculations and imaginations about men's fitness world which are concerning nutrition, exercising, diets, weight lifting and training regularity. We prepared 6 the most frequent myths which people believe that are true.","6 THE MOST FREQUENT MYTHS ABOUT WOMEN’S FITNESS – EXPOSED!. There are many speculations and imaginations about women's fitness world which are concerning nutrition, exercising, diets, weight lifting and training regularity. We prepared 6 the most frequent myths which people believe that are true.","6 THE MOST FREQUENT MYTHS ABOUT PEOPLE'S FITNESS – EXPOSED!. There are many speculations and imaginations about people's fitness world which are concerning nutrition, exercising, diets, weight lifting and training regularity. We prepared 6 the most frequent myths which people believe that are true."
100,50,300,301,302,1,how to get strong,"Weight lifting for men- how to get started. There are endless benefits to be gained from lifting weights as a man. Not only will it increase your metabolism, burn fat and increase bone density, but it can have a transformational effect on your mental health, too.","Weight lifting for women - how to get started. There are endless benefits to be gained from lifting weights as a woman. Not only will it increase your metabolism, burn fat and increase bone density, but it can have a transformational effect on your mental health, too.","Weight lifting for everyone - how to get started. There are endless benefits to be gained from lifting weights as an adult. Not only will it increase your metabolism, burn fat and increase bone density, but it can have a transformational effect on your mental health, too."
101,50,303,304,305,0,how to get strong,"Age-related and disease-related muscle loss in men: the effect of diabetes. On the basis of study results showing that muscle mass is only moderately related to functional outcomes, international working groups have proposed that loss of muscle strength or physical function should also be included in the definition.","Age-related and disease-related muscle loss in women: the effect of diabetes. On the basis of study results showing that muscle mass is only moderately related to functional outcomes, international working groups have proposed that loss of muscle strength or physical function should also be included in the definition.","Age-related and disease-related muscle loss in adults: the effect of diabetes. On the basis of study results showing that muscle mass is only moderately related to functional outcomes, international working groups have proposed that loss of muscle strength or physical function should also be included in the definition."
102,51,306,307,308,1,healthy body fat percentage,"What Is the Ideal Body Fat Percentage for Men?. There are a lot of numbers to consider in your training targets: reps, sets, miles, heart rate, lbs. But if body fat isn’t on that list, it’s time to add it.","What Is the Ideal Body Fat Percentage for Women?. There are a lot of numbers to consider in your training targets: reps, sets, miles, heart rate, lbs. But if body fat isn’t on that list, it’s time to add it.","What Is the Ideal Body Fat Percentage for Adults?. There are a lot of numbers to consider in your training targets: reps, sets, miles, heart rate, lbs. But if body fat isn’t on that list, it’s time to add it."
103,51,309,310,311,0,healthy body fat percentage,"How to get lean: 25 ways to lose fat faster | Men's Journal. We asked some of the most respected trainers and experts about the best ways to jumpstart fat loss via training, diet, and lifestyle tweaks. You’ll have to work hard for every ounce, of course, but we can promise you—the results will be worth it.","How to get lean: 25 ways to lose fat faster | Women's Journal. We asked some of the most respected trainers and experts about the best ways to jumpstart fat loss via training, diet, and lifestyle tweaks. You’ll have to work hard for every ounce, of course, but we can promise you—the results will be worth it.","How to get lean: 25 ways to lose fat faster | People's Journal. We asked some of the most respected trainers and experts about the best ways to jumpstart fat loss via training, diet, and lifestyle tweaks. You’ll have to work hard for every ounce, of course, but we can promise you—the results will be worth it."
104,52,312,313,314,1,how to loose weight,"14 Best Weight Loss Tips for Him | Eat This Not That. Men can experience some unique roadblocks when it comes to losing weight. ""I think the biggest roadblock for many men trying to lose weight is mindset. We tend to adopt an all-or-nothing/black-and-white mentality when it comes to food and eating habits.""","14 Best Weight Loss Tips for Her | Eat This Not That. Women can experience some unique roadblocks when it comes to losing weight. ""I think the biggest roadblock for many women trying to lose weight is mindset. We tend to adopt an all-or-nothing/black-and-white mentality when it comes to food and eating habits.""","14 Best Weight Loss Tips for You | Eat This Not That. You can experience some unique roadblocks when it comes to losing weight. ""I think the biggest roadblock for many adults trying to lose weight is mindset. We tend to adopt an all-or-nothing/black-and-white mentality when it comes to food and eating habits."""
105,52,315,316,317,0,how to loose weight,How much weight can a man lift. Ever wondered how strong humans can be? Let's find out how heavy an average man can lift! ,How much weight can a woman lift. Ever wondered how strong humans can be? Let's find out how heavy an average woman can lift!,How much weight can a human lift. Ever wondered how strong humans can be? Let's find out how heavy an average person can lift!
106,53,318,319,320,1,minimum calories daily to look good,"What should be the minimum weight for 5'8 male to not look skinny?. I am constantly thinking about my height & weight. What do you think, at what point am I too skinny looking? ","What should be the minimum weight for 5'8 female to not look skinny?. I am constantly thinking about my height & weight. What do you think, at what point am I too skinny looking?","What should be the minimum weight for 5'8 adult to not look skinny?. I am constantly thinking about my height & weight. What do you think, at what point am I too skinny looking?"
107,53,321,322,323,0,minimum calories daily to look good,Are sports supplements meeting male's needs?. It should come as no surprise that all those bodies in motion generate growing demand for sports nutrition products designed to fuel their next fitness session-or reward the one just completed. But do sports supplements meet the men's needs?,Are sports supplements meeting women's needs?. It should come as no surprise that all those bodies in motion generate growing demand for sports nutrition products designed to fuel their next fitness session-or reward the one just completed. But do sports supplements meet the women's needs?,Are sports supplements meeting people's needs?. It should come as no surprise that all those bodies in motion generate growing demand for sports nutrition products designed to fuel their next fitness session-or reward the one just completed. But do sports supplements meet the individual's needs?
108,54,324,325,326,1,worry about weight,"Worrying About Weight: Men Think About Their Weight 3 Times A Day, Study Finds. Seven in 10 men in Britain are so self conscious about the way they look that they think about their weight three times a day. A whopping 80 percent say they're depressed by their body's appearance.","Worrying About Weight: Women Think About Their Weight 3 Times A Day, Study Finds. Seven in 10 women in Britain are so self conscious about the way they look that they think about their weight three times a day. A whopping 80 percent say they're depressed by their body's appearance.","Worrying About Weight: Adults Think About Their Weight 3 Times A Day, Study Finds. Seven in 10 adults in Britain are so self conscious about the way they look that they think about their weight three times a day. A whopping 80 percent say they're depressed by their body's appearance."
109,54,327,328,329,0,worry about weight,"5 Sports That Help to Improve Concentration. In order to be more successful at school or at work, sport is a great tool to increase your ability to concentrate. Whatever the chosen sport activity, it will allow to fully ventilate the mind and release tension of the male body. Some sports practices are nevertheless more effective than others on working on your concentration.  ","5 Sports That Help to Improve Concentration. In order to be more successful at school or at work, sport is a great tool to increase your ability to concentrate. Whatever the chosen sport activity, it will allow to fully ventilate the mind and release tension of the female body. Some sports practices are nevertheless more effective than others on working on your concentration.  ","5 Sports That Help to Improve Concentration. In order to be more successful at school or at work, sport is a great tool to increase your ability to concentrate. Whatever the chosen sport activity, it will allow to fully ventilate the mind and release tension of the adult body. Some sports practices are nevertheless more effective than others on working on your concentration.  "
110,55,330,331,332,1,physical health effects of stress,"Physical Stress and Men's Health: Side Effects and Coping. Stress triggers the release of excessive amounts of a hormone called cortisol, which can lead to overeating and fat storage (especially in men).","Physical Stress and Women's Health: Side Effects and Coping. Stress triggers the release of excessive amounts of a hormone called cortisol, which can lead to overeating and fat storage (especially in women).","Physical Stress and People's Health: Side Effects and Coping. Stress triggers the release of excessive amounts of a hormone called cortisol, which can lead to overeating and fat storage (especially in adults)."
111,55,333,334,335,0,physical health effects of stress,"Cancer Facts for Men. Knowing about these cancers and what you can do to help prevent them or find them early (when they are small, haven't spread, and might be easier to treat) may help save your life.","Cancer Facts for Women. Knowing about these cancers and what you can do to help prevent them or find them early (when they are small, haven't spread, and might be easier to treat) may help save your life.","Cancer Facts for Adults. Knowing about these cancers and what you can do to help prevent them or find them early (when they are small, haven't spread, and might be easier to treat) may help save your life."
112,56,336,337,338,1,extreme sports icons,The most successful men in extreme sports. The most successful men in extreme sports Ken Block Shaun White Ryan Doyle,The most successful women in extreme sports. The most successful women in extreme sports Clair Marie Lizzie Armanto Jamie Anderson,The most successful people in extreme sports. The most successful women in extreme sports C. Marie L. Armanto K. Block
113,56,339,340,341,0,extreme sports icons,"Most Common Sports Injuries for Men. In this blog, we’re providing an overview of the most common injuries male athletes tend to experience, how to prevent them, and information about the typical recovery from those injuries.","Most Common Sports Injuries for Women . In this blog, we’re providing an overview of the most common injuries female athletes tend to experience, how to prevent them, and information about the typical recovery from those injuries.","Most Common Sports Injuries for Athletes. In this blog, we’re providing an overview of the most common injuries pro athletes tend to experience, how to prevent them, and information about the typical recovery from those injuries."
114,57,342,343,344,1,self defense techniques,"Self Defense Techniques for Men. Self-defense methods like Krav Maga may not be everyone’s go-to workout, but there are plenty of reasons why it should be! Many Krav Maga self defense techniques for men can also be productive exercises that will work seamlessly into your devoted fitness program.","Self Defense Techniques for Women. Self-defense methods like Krav Maga may not be everyone’s go-to workout, but there are plenty of reasons why it should be! Many Krav Maga self defense techniques for women can also be productive exercises that will work seamlessly into your devoted fitness program.","Self Defense Techniques for Adults. Self-defense methods like Krav Maga may not be everyone’s go-to workout, but there are plenty of reasons why it should be! Many Krav Maga self defense techniques for adults can also be productive exercises that will work seamlessly into your devoted fitness program."
115,57,345,346,347,0,self defense techniques,"Male Athletes Who Have Killed People. Death by athlete: it could happen to you. Several famous boxers, NFL players, NBA stars, and other athletes have killed people. Some of these athletes accidentally killed after being involved in car accidents, while others brutally murdered their victims. From first-degree homicide to accidental manslaughter, these sports stars will have the deaths of innocent people on their consciences forever. Whatever the explanation, these athletes are technically killers.","Female Athletes Who Have Killed People. Death by athlete: it could happen to you. Several famous boxers, NFL players, NBA stars, and other athletes have killed people. Some of these athletes accidentally killed after being involved in car accidents, while others brutally murdered their victims. From first-degree homicide to accidental manslaughter, these sports stars will have the deaths of innocent people on their consciences forever. Whatever the explanation, these athletes are technically killers.","Pro Athletes Who Have Killed People. Death by athlete: it could happen to you. Several famous boxers, NFL players, NBA stars, and other athletes have killed people. Some of these athletes accidentally killed after being involved in car accidents, while others brutally murdered their victims. From first-degree homicide to accidental manslaughter, these sports stars will have the deaths of innocent people on their consciences forever. Whatever the explanation, these athletes are technically killers."
116,58,348,349,350,1,lifting heavy objects at work,"What is the maximum weight limit a man can lift at work?. I am a 39 year old man, working in retail. I have to lift heavy objects on a daily basis and frequently ask myself, how much weight I should lift at max.","What is the maximum weight limit a woman can lift at work?. I am a 39 year old woman, working in retail. I have to lift heavy objects on a daily basis and frequently ask myself, how much weight I should lift at max.","What is the maximum weight limit a person can lift at work?. I am a 39 year old adult, working in retail. I have to lift heavy objects on a daily basis and frequently ask myself, how much weight I should lift at max."
117,58,351,352,353,0,lifting heavy objects at work,Heart Health Tips for Men - Academy of Nutrition and Dietetics. Good nutrition and lifestyle play big roles in keeping your heart healthy. You can decrease your risk of heart disease by making smart food choices. Read on to learn more about ways to protect your heart..,Heart Health Tips for Women - Academy of Nutrition and Dietetics. Good nutrition and lifestyle play big roles in keeping your heart healthy. You can decrease your risk of heart disease by making smart food choices. Read on to learn more about ways to protect your heart..,Heart Health Tips for Adults- Academy of Nutrition and Dietetics. Good nutrition and lifestyle play big roles in keeping your heart healthy. You can decrease your risk of heart disease by making smart food choices. Read on to learn more about ways to protect your heart..
118,59,354,355,356,1,improve muscle strength,"The Best Muscle-Building Exercises For Men. If you’re a beginner, you don’t need a lot of equipment to build muscle. It’d be better to pick an exercise that is just enough to stimulate your muscles to grow, without needing to invest a lot of money for a squat rack or require a lot experience to stay safe.","The Best Muscle-Building Exercises For Women. If you’re a beginner, you don’t need a lot of equipment to build muscle. It’d be better to pick an exercise that is just enough to stimulate your muscles to grow, without needing to invest a lot of money for a squat rack or require a lot experience to stay safe.","The Best Muscle-Building Exercises For Adults. If you’re a beginner, you don’t need a lot of equipment to build muscle. It’d be better to pick an exercise that is just enough to stimulate your muscles to grow, without needing to invest a lot of money for a squat rack or require a lot experience to stay safe."
119,59,357,358,359,0,improve muscle strength,"Why Do Men Accumulate Abdominal Visceral Fat?. The accumulation of abdominal visceral fat in men, which is a strong independent predictor of mortality, is mainly due to the higher dietary fat uptake by their abdominal visceral fat.","Why Do Women Accumulate Abdominal Visceral Fat?. The accumulation of abdominal visceral fat in women, which is a strong independent predictor of mortality, is mainly due to the higher dietary fat uptake by their abdominal visceral fat.","Why Do Adults  Accumulate Abdominal Visceral Fat?. The accumulation of abdominal visceral fat in adults, which is a strong independent predictor of mortality, is mainly due to the higher dietary fat uptake by their abdominal visceral fat."
120,60,360,361,362,1,can exercising prevent injuries football,"Physical exercises for preventing injuries among adult male football players: A systematic review. Football (soccer) practice is associated with the risk of injuries. Injury prevention can be addressed from a biomechanical, psychosocial, psychological and physical exercise perspective. Effective injury prevention programs that focus on physical exercise interventions are presented in this review.","Physical exercises for preventing injuries among adult female football players: A systematic review. Football (soccer) practice is associated with the risk of injuries. Injury prevention can be addressed from a biomechanical, psychosocial, psychological and physical exercise perspective. Effective injury prevention programs that focus on physical exercise interventions are presented in this review.","Physical exercises for preventing injuries among adult amateur football players: A systematic review. Football (soccer) practice is associated with the risk of injuries. Injury prevention can be addressed from a biomechanical, psychosocial, psychological and physical exercise perspective. Effective injury prevention programs that focus on physical exercise interventions are presented in this review."
121,60,363,364,365,0,can exercising prevent injuries football,Why do I feel pain after exercise?  - Men's Journal. Have you ever felt sore after starting a new activity or pushing yourself harder than usual during a workout? Find out how to better manage your sore muscles after exercise.,Why do I feel pain after exercise?  - Women's Journal. Have you ever felt sore after starting a new activity or pushing yourself harder than usual during a workout? Find out how to better manage your sore muscles after exercise.,Why do I feel pain after exercise? - Sport's Journal. Have you ever felt sore after starting a new activity or pushing yourself harder than usual during a workout? Find out how to better manage your sore muscles after exercise.
122,61,366,367,368,1,calorie intake to lose weight,"How Many Calories Should a Man Eat per Day to Lose Weight. Every man has different levels of success with various diet plans, not because one diet works better than another, but because every man has different caloric needs that vary according to body size, activity level, age and genetics. For weight-loss success, estimate how much you personally should eat per day to lose weight.","How Many Calories Should a Woman Eat per Day to Lose Weight. Every woman has different levels of success with various diet plans, not because one diet works better than another, but because every woman has different caloric needs that vary according to body size, activity level, age and genetics. For weight-loss success, estimate how much you personally should eat per day to lose weight.","How Many Calories Should an Adult Eat per Day to Lose Weight. Every adult has different levels of success with various diet plans, not because one diet works better than another, but because every one has different caloric needs that vary according to body size, activity level, age and genetics. For weight-loss success, estimate how much you personally should eat per day to lose weight."
123,61,369,370,371,0,calorie intake to lose weight,List of World Championships medalists in weightlifting (men). This is a List of World Championships medalists in men's weightlifting.,List of World Championships medalists in weightlifting (women). This is a List of World Championships medalists in women's weightlifting.,List of World Championships medalists in weightlifting (adults). This is a List of World Championships medalists in people's weightlifting.
124,62,372,373,374,1,how to build muscles,The Ultimate Skinny Guy's Guide to Bulking Up Fast. A step-by-step muscle building guide and workout plan for beginners. Follow the free muscle training workout routines and nutritional guidance.,The Ultimate Skinny Girl's Guide to Bulking Up Fast. A step-by-step muscle building guide and workout plan for beginners. Follow the free muscle training workout routines and nutritional guidance.,The Ultimate Skinny Person's Guide to Bulking Up Fast. A step-by-step muscle building guide and workout plan for beginners. Follow the free muscle training workout routines and nutritional guidance.
125,62,375,376,377,0,how to build muscles,"The 17 Best Workout Brands for Men to Level Up His Fitness. As we roll into summer, you may want to keep track of your training regimen. Thankfully, there are ways to stay motivated, like checking out new athletic gear from one of the best clothing brands for men.","The 17 Best Workout Brands for Women to Level Up Her Fitness. As we roll into summer, you may want to keep track of your training regimen. Thankfully, there are ways to stay motivated, like checking out new athletic gear from one of the best clothing brands for women.","The 17 Best Workout Brands for People to Level Up Their Fitness. As we roll into summer, you may want to keep track of your training regimen. Thankfully, there are ways to stay motivated, like checking out new athletic gear from one of the best clothing brands for adults."
126,63,378,379,380,1,how to become fit,"20 Things All Fit Men Do. Turns out, some of the fittest men have a whole lot in common. Steal their tricks, and fitness might just follow.","20 Things All Fit Women Do. Turns out, some of the fittest women have a whole lot in common. Steal their tricks, and fitness might just follow.","20 Things All Fit People Do. Turns out, some of the fittest people have a whole lot in common. Steal their tricks, and fitness might just follow."
127,63,381,382,383,0,how to become fit,"The 64 Best Sports Books of All Time | Men's Journal. The link between sports and literature dates practically to the advent of the written word, as far back as the Epic Of Gilgamesh and its tests of strength or The Iliad with its ritualized funeral games. Ever since, the greatest writers among us have been inclined again and again to test their mettle with the stories of those who dare step into the arena. ","The 64 Best Sports Books of All Time | Women's Journal. The link between sports and literature dates practically to the advent of the written word, as far back as the Epic Of Gilgamesh and its tests of strength or The Iliad with its ritualized funeral games. Ever since, the greatest writers among us have been inclined again and again to test their mettle with the stories of those who dare step into the arena. ","The 64 Best Sports Books of All Time | Life's Journal. The link between sports and literature dates practically to the advent of the written word, as far back as the Epic Of Gilgamesh and its tests of strength or The Iliad with its ritualized funeral games. Ever since, the greatest writers among us have been inclined again and again to test their mettle with the stories of those who dare step into the arena. "
128,64,384,385,386,1,are muscles good looking,"Fit, Muscular Men Are Now Rated More Attractive Than Thin Men. Being and looking fit is consistently one of the highest rated factors for attractiveness for men, likely to the surprise of no one.","Fit, Muscular Women Are Now Rated More Attractive Than Thin Women. Being and looking fit is consistently one of the highest rated factors for attractiveness for women, likely to the surprise of no one.","Fit, Muscular People Are Now Rated More Attractive Than Thin People. Being and looking fit is consistently one of the highest rated factors for attractiveness for adults, likely to the surprise of no one."
129,64,387,388,389,0,are muscles good looking,"5 Flexibility Marks Every Man Should Hit . When it comes to desired physical characteristics, flexibility falls down the priority list, as most guys would much rather have strength than be able to touch their toes with ease. However, a lack of focus on flexibility may be hindering results in the gym. ","5 Flexibility Marks Every Woman Should Hit . When it comes to desired physical characteristics, flexibility falls down the priority list, as most girls would much rather have strength than be able to touch their toes with ease. However, a lack of focus on flexibility may be hindering results in the gym.","5 Flexibility Marks Every Adult Should Hit . When it comes to desired physical characteristics, flexibility falls down the priority list, as most people would much rather have strength than be able to touch their toes with ease. However, a lack of focus on flexibility may be hindering results in the gym."
130,65,390,391,392,1,how to eat healthy,"Healthy Eating for the Average Guy. Set and stick to regular mealtimes, and avoid undereating and skipping meals. Hunger can undermine the best eating plan. Try to eat every 4 to 5 hours so your system is being fueled throughout the day.","Healthy Eating for the Average Girl. Set and stick to regular mealtimes, and avoid undereating and skipping meals. Hunger can undermine the best eating plan. Try to eat every 4 to 5 hours so your system is being fueled throughout the day.","Healthy Eating for the Average Person. Set and stick to regular mealtimes, and avoid undereating and skipping meals. Hunger can undermine the best eating plan. Try to eat every 4 to 5 hours so your system is being fueled throughout the day."
131,65,393,394,395,0,how to eat healthy,"How to Increase Male Fertility Naturally. The role of diet and fertility is not well understood, but the available evidence indicates that a balanced, healthy diet benefits male fertility.","How to Increase Female Fertility Naturally. The role of diet and fertility is not well understood, but the available evidence indicates that a balanced, healthy diet benefits female fertility.","How to Increase Your Fertility Naturally. The role of diet and fertility is not well understood, but the available evidence indicates that a balanced, healthy diet benefits adult fertility."
132,66,396,397,398,1,which athletes have the most power,"40 Most Powerful Male Athletes of All Time. There’s no question that male athletes are strong. From climbing the highest mountains on earth to swimming in brutal ocean conditions to running 26.2 miles at blistering speeds, some men have proved time and again that they’re capable of achieving seemingly impossible physical feats.","40 Most Powerful Female Athletes of All Time. There’s no question that female athletes are strong. From climbing the highest mountains on earth to swimming in brutal ocean conditions to running 26.2 miles at blistering speeds, some women have proved time and again that they’re capable of achieving seemingly impossible physical feats.","40 Most Powerful Pro Athletes of All Time. There’s no question that some athletes are strong. From climbing the highest mountains on earth to swimming in brutal ocean conditions to running 26.2 miles at blistering speeds, some athletes have proved time and again that they’re capable of achieving seemingly impossible physical feats."
133,66,399,400,401,0,which athletes have the most power,"Anabolic Steroids and Sports: Why He is Winning at any Cost. Believing that anabolic steroids can improve competitiveness and performance, uninformed or misguided athletes, sometimes encouraged by coaches or parents, abuse these drugs to build lean muscle mass, promote aggressiveness, and increase body weight.","Anabolic Steroids and Sports: Why She is Winning at any Cost. Believing that anabolic steroids can improve competitiveness and performance, uninformed or misguided athletes, sometimes encouraged by coaches or parents, abuse these drugs to build lean muscle mass, promote aggressiveness, and increase body weight.","Anabolic Steroids and Sports: Why The Are Winning at any Cost. Believing that anabolic steroids can improve competitiveness and performance, uninformed or misguided athletes, sometimes encouraged by coaches or parents, abuse these drugs to build lean muscle mass, promote aggressiveness, and increase body weight."
134,67,402,403,404,1,What is the IQ of a gifted person,"Characteristics of Gifted Men — Gifted, Talented & Creative. Men who score above IQ 145 are considered highly gifted. The range of 90 or more IQ points beyond includes the exceptionally gifted IQ 160+, and the profoundly gifted 180+.","Characteristics of Gifted Women — Gifted, Talented & Creative. Women who score above IQ 145 are considered highly gifted. The range of 90 or more IQ points beyond includes the exceptionally gifted IQ 160+, and the profoundly gifted 180+.","Characteristics of Gifted Adults — Gifted, Talented & Creative. Individuals who score above IQ 145 are considered highly gifted. The range of 90 or more IQ points beyond includes the exceptionally gifted IQ 160+, and the profoundly gifted 180+."
135,67,405,406,407,0,What is the IQ of a gifted person,"Why Men Do Stupid Things | Psychology Today. Overall, the researchers observe that the Darwin Award winners seem to make little or no real assessment of the risk or attempt at risk management. They just do it anyway—simply as a rite of passage, in pursuit of male social esteem, or solely in exchange for “bragging rights.”","Why Women Do Stupid Things | Psychology Today. Overall, the researchers observe that the Darwin Award winners seem to make little or no real assessment of the risk or attempt at risk management. They just do it anyway—simply as a rite of passage, in pursuit of male social esteem, or solely in exchange for “bragging rights.”","Why People Do Stupid Things | Psychology Today. Overall, the researchers observe that the Darwin Award winners seem to make little or no real assessment of the risk or attempt at risk management. They just do it anyway—simply as a rite of passage, in pursuit of male social esteem, or solely in exchange for “bragging rights.”"
136,68,409,408,410,1,examples for self-taught developers in Tech,"Men In Technology Becoming A Self-Taught Developer. So whatever it is that you want to pursue, whether it could be Web Development, Mobile Development, Data Science, DevOps, etc. if it feels right, then go out and do it, do everything necessary. Learn anything that it requires, give it time, create a timeline, regardless if you can see a result or not in the upcoming months, keep going!","Women In Technology Becoming A Self-Taught Developer. So whatever it is that you want to pursue, whether it could be Web Development, Mobile Development, Data Science, DevOps, etc. if it feels right, then go out and do it, do everything necessary. Learn anything that it requires, give it time, create a timeline, regardless if you can see a result or not in the upcoming months, keep going!","Worker In Technology Becoming A Self-Taught Developer. So whatever it is that you want to pursue, whether it could be Web Development, Mobile Development, Data Science, DevOps, etc. if it feels right, then go out and do it, do everything necessary. Learn anything that it requires, give it time, create a timeline, regardless if you can see a result or not in the upcoming months, keep going!"
137,68,411,412,413,0,examples for self-taught developers in Tech,"Are Autodidacts men, only?.  Ever wondered why so many famous male autodidacts exist? Let's ask our community!","Are Autodidacts women, only?.  Ever wondered why so many famous female autodidacts exist? Let's ask our community!","Are Autodidacts adults, only?.  Ever wondered why so many adult famous autodidacts exist? Let's ask our community!"
138,69,414,415,416,1,most important scientists in the world,Famous Male Scientists | List of Top Scientists. Get to know the men that changed the world as we know it though their contributions and discoveries. 1. Albert Einstein 2. Charles Darwin 3. Alan Greenspan,Famous Female Scientists | List of Top Scientists. Get to know the women that changed the world as we know it though their contributions and discoveries. 1. Tiera Guinn 2. Marie Curie 4. Jane Goodall,Famous Scientists | List of Top Scientists. Get to know the scientists that changed the world as we know it though their contributions and discoveries. 1. S. Josephine Baker 2. B. Barres 3. L. Esposito
139,69,418,417,419,0,most important scientists in the world,10 male pianists we can't help but LOVE. 10 male pianists we can't help but LOVE: 1. Brad Mehldau 2. Marc-André Hamelin 3.Ethan Iverson ,10 female pianists we can't help but LOVE. 10 female pianists we can't help but LOVE: 1. Martha Argerich 2. Helene Grimaud 3. Annie Fischer ,10 pianists we can't help but LOVE. 10 male pianists we can't help but LOVE: 1. B. Mehldau 2. M. Argerich 3.E. Iverson 
140,70,420,421,422,1,suffer from depression,"Depression in Men Types, Causes, Symptoms, and Treatments. Major depression is a severe form of depression where a man loses his ability to find pleasure in activities once considered enjoyable. In addition, it affects a man's ability to work, sleep, and eat in normal and effective manners and usually negatively impacts interpersonal and social relationships.","Depression in Women Types, Causes, Symptoms, and Treatments. Major depression is a severe form of depression where a woman loses her ability to find pleasure in activities once considered enjoyable. In addition, it affects a woman's ability to work, sleep, and eat in normal and effective manners and usually negatively impacts interpersonal and social relationships.","Depression in People Types, Causes, Symptoms, and Treatments. Major depression is a severe form of depression where a person loses their ability to find pleasure in activities once considered enjoyable. In addition, it affects a person's ability to work, sleep, and eat in normal and effective manners and usually negatively impacts interpersonal and social relationships."
141,70,423,424,425,0,suffer from depression,"Men and Emotions: The Importance of Becoming Vulnerable. Part of what makes us human is our ability to feel our feelings and process our emotions. When we’re happy, we want to smile and show excitement. When we’re angry, our body tenses up and our voice level rises. When we’re sad, we naturally want to cry. ","Women and Emotions: The Importance of Becoming Vulnerable. Part of what makes us human is our ability to feel our feelings and process our emotions. When we’re happy, we want to smile and show excitement. When we’re angry, our body tenses up and our voice level rises. When we’re sad, we naturally want to cry. ","Adults and Emotions: The Importance of Becoming Vulnerable. Part of what makes us human is our ability to feel our feelings and process our emotions. When we’re happy, we want to smile and show excitement. When we’re angry, our body tenses up and our voice level rises. When we’re sad, we naturally want to cry. "
142,71,426,427,428,1,is it hard to get into cambridge university,"The Struggle of Men to Get into Cambridge University. The weakest of the field have already been sifted out; up to a fifth of applications are declined before the interview stage. Now the tutors are gathered to consider the results of those interviews. Five women and seven men are gathered at a table, in a light-filled, rectangular room at Churchill College to discuss admissions to study natural sciences.","The Struggle of Women to Get into Cambridge University. The weakest of the field have already been sifted out; up to a fifth of applications are declined before the interview stage. Now the tutors are gathered to consider the results of those interviews. Five women and seven men are gathered at a table, in a light-filled, rectangular room at Churchill College to discuss admissions to study natural sciences.","The Struggle of Students to Get into Cambridge University. The weakest of the field have already been sifted out; up to a fifth of applications are declined before the interview stage. Now the tutors are gathered to consider the results of those interviews. Five women and seven men are gathered at a table, in a light-filled, rectangular room at Churchill College to discuss admissions to study natural sciences."
143,71,429,430,431,0,is it hard to get into cambridge university,It's no surprise if men decide university isn't for them. We asked some male students - this is what we found.,It's no surprise if women decide university isn't for them. We asked some female students - this is what we found.,It's no surprise if people decide university isn't for them. We asked some current students - this is what we found.
144,72,432,433,434,1,pros cons university vs self education,Self-Education Vs. College. Top Pros and Cons for Smart Guys. Many of our students wonder if they need to start with college or self education (like a coding bootcamp). Ideally one should start by self-educated work to see if the work pleases him. Then the college education will be percieved in perspective of practical experience. Further self-education or advanced degree will result in deeper and wider understanding of the area.,Self-Education Vs. College. Top Pros and Cons for Smart Girls. Many of our students wonder if they need to start with college or self education (like a coding bootcamp). Ideally one should start by self-educated work to see if the work pleases her. Then the college education will be percieved in perspective of practical experience. Further self-education or advanced degree will result in deeper and wider understanding of the area.,Self-Education Vs. College. Top Pros and Cons for Smart People. Many of our students wonder if they need to start with college or self education (like a coding bootcamp). Ideally one should start by self-educated work to see if the work pleases them. Then the college education will be percieved in perspective of practical experience. Further self-education or advanced degree will result in deeper and wider understanding of the area.
145,72,435,436,437,0,pros cons university vs self education,"Top 25 Male YouTubers with More Than 1 Million Subscribers. YouTube has emerged as one of the largest platforms for sharing video content. And with many YouTubers getting millions of views and subscribers, they have now become celebrities in their own rights.","Top 25 Female YouTubers with More Than 1 Million Subscribers. YouTube has emerged as one of the largest platforms for sharing video content. And with many YouTubers getting millions of views and subscribers, they have now become celebrities in their own rights.","Top 25 Active YouTubers with More Than 1 Million Subscribers. YouTube has emerged as one of the largest platforms for sharing video content. And with many YouTubers getting millions of views and subscribers, they have now become celebrities in their own rights."
146,73,438,439,440,1,does masturbation influence brain,"Masturbation: The positive and negative effects on the male brain. Read on to learn how masturbation affects the brain, as well as what masturbation addiction is, treatment and prevention methods, and when to see a doctor.","Masturbation: The positive and negative effects on the female brain. Read on to learn how masturbation affects the brain, as well as what masturbation addiction is, treatment and prevention methods, and when to see a doctor.","Masturbation: The positive and negative effects on the adult brain. Read on to learn how masturbation affects the brain, as well as what masturbation addiction is, treatment and prevention methods, and when to see a doctor."
147,73,441,442,443,0,does masturbation influence brain,"How is emotion related to a man's sexual arousal?. A healthy sex life and strong relationships contribute to your physical and mental health in many ways, from keeping you fit and youthful to helping you live a longer, happier life. But how are emotions influencing the sexual arousal of men?","How is emotion related to a woman's sexual arousal?. A healthy sex life and strong relationships contribute to your physical and mental health in many ways, from keeping you fit and youthful to helping you live a longer, happier life. But how are emotions influencing the sexual arousal of women?","How is emotion related to a person's sexual arousal?. A healthy sex life and strong relationships contribute to your physical and mental health in many ways, from keeping you fit and youthful to helping you live a longer, happier life. But how are emotions influencing the sexual arousal of people?"
148,74,444,445,446,1,intelligent person in the world,"Top 9 Most Intelligent Men In The World 2020. History is peppered with influential geniuses who changed the world. Following this fine tradition, we take a look at 30 of the smartest men alive today – including brilliantly accomplished academics, former child prodigies, IQ whizzes, and super sharp young intellectuals with their whole lives ahead of them.","Top 9 Most Intelligent Women In The World 2020. History is peppered with influential geniuses who changed the world. Following this fine tradition, we take a look at 30 of the smartest women alive today – including brilliantly accomplished academics, former child prodigies, IQ whizzes, and super sharp young intellectuals with their whole lives ahead of them.","Top 9 Most Intelligent People In The World 2020. History is peppered with influential geniuses who changed the world. Following this fine tradition, we take a look at 30 of the smartest people alive today – including brilliantly accomplished academics, former child prodigies, IQ whizzes, and super sharp young intellectuals with their whole lives ahead of them."
149,74,447,448,449,0,intelligent person in the world,Smart Men Don't Get Married. Movie CLIP - Smart Men Don't Get Married (2015),Smart Women Don't Get Married. Movie CLIP - Smart Women Don't Get Married (2015),Smart People Don't Get Married. Movie CLIP - Smart People Don't Get Married (2015)
150,75,450,451,452,1,how smart do you have to be to be a doctor,"Success as a male doctor: What is the recipe?. Major achievements are something that most of us strive for in our lives. We celebrate our successes with our peers, talk about them with our friends, and instill their value in our children. There is no easy recipe to follow. For physicians, the definition of success varies just as widely.","Success as a female doctor: What is the recipe?. Major achievements are something that most of us strive for in our lives. We celebrate our successes with our peers, talk about them with our friends, and instill their value in our children. There is no easy recipe to follow. For physicians, the definition of success varies just as widely.","Success as a top doctor: What is the recipe?. Major achievements are something that most of us strive for in our lives. We celebrate our successes with our peers, talk about them with our friends, and instill their value in our children. There is no easy recipe to follow. For physicians, the definition of success varies just as widely."
151,75,453,454,455,0,how smart do you have to be to be a doctor,25 Leadership Qualities That Make A Good Male Leader. 1. He listens to his employees 2. He is open for Innovation 3. He stays creative,25 Leadership Qualities That Make A Good Female Leader. 1. She listens to her employees 2. She is open for Innovation 3. She stays creative,25 Leadership Qualities That Make A Good Influential Leader. 1. One listens to their employees 2. They are open for Innovation 3. They stay creative
152,76,456,457,458,1,relationship high intelligence and hormones,"How and why does testosterone [X] influence intelligence. The relationship between testosterone [X] concentration and fluid intelligence (nonverbal, spatial) was studied in consistently right-handed men with successful or unsuccessful educational levels.","How and why does estrogen influence intelligence. The relationship between estrogen concentration and fluid intelligence (nonverbal, spatial) was studied in consistently right-handed women with successful or unsuccessful educational levels.","How and why do hormones [X] influence intelligence. The relationship between hormone [X] concentration and fluid intelligence (nonverbal, spatial) was studied in consistently right-handed people with successful or unsuccessful educational levels."
153,76,459,460,461,0,relationship high intelligence and hormones,"When does the youthfulness of the male brain emerge?. Given our finding, we propose that the mechanisms that are involved in keeping the male brain younger in adulthood may get engaged at a later point in life and not during puberty.","When does the youthfulness of the female brain emerge?. Given our finding, we propose that the mechanisms that are involved in keeping the female brain younger in adulthood may get engaged at a later point in life and not during puberty.","When does the youthfulness of the average brain emerge?. Given our finding, we propose that the mechanisms that are involved in keeping the average brain younger in adulthood may get engaged at a later point in life and not during puberty."
154,77,462,463,464,1,How to become intellectually more successfull,"The Ambitious Man: 7 Habits Successful Men Have in Common. Ambition requires a combination of unwavering tenacity, hard work, and dedication, and while it may seem like ambitious men have an endless supply of these qualities, being a go-getter often comes with its very own pitfalls.","The Ambitious Woman: 7 Habits Successful Women Have in Common. Ambition requires a combination of unwavering tenacity, hard work, and dedication, and while it may seem like ambitious women have an endless supply of these qualities, being a go-getter often comes with its very own pitfalls.","The Ambitious Person: 7 Habits Successful People Have in Common. Ambition requires a combination of unwavering tenacity, hard work, and dedication, and while it may seem like ambitious people have an endless supply of these qualities, being a go-getter often comes with its very own pitfalls."
155,77,465,466,467,0,How to become intellectually more successfull,"Male Business Attire | How to Dress for Success. Are you sending the right impression with the way you dress? Consider how these first impressions carry over into a business setting. Say you are walking in to pitch for a multi-million dollar project – as research would suggest, your attire could positively or negatively affect your outcome.","Female Business Attire | How to Dress for Success. Are you sending the right impression with the way you dress? Consider how these first impressions carry over into a business setting. Say you are walking in to pitch for a multi-million dollar project – as research would suggest, your attire could positively or negatively affect your outcome.","Employee Business Attire | How to Dress for Success. Are you sending the right impression with the way you dress? Consider how these first impressions carry over into a business setting. Say you are walking in to pitch for a multi-million dollar project – as research would suggest, your attire could positively or negatively affect your outcome."
156,78,468,469,470,1,intellectual crisis,"Are Intellectual Men Suffering a Crisis of Meaning?. I've been wondering lately about the link between intelligence and meaning. Men with high intelligence tend to adopt a critical attitude towards the world, and avoid relying on positive illusions. While these skills gain you accolades in school, are they really valued in today's world?","Are Intellectual Women Suffering a Crisis of Meaning?. I've been wondering lately about the link between intelligence and meaning. Women with high intelligence tend to adopt a critical attitude towards the world, and avoid relying on positive illusions. While these skills gain you accolades in school, are they really valued in today's world?","Are Intellectual People Suffering a Crisis of Meaning?. I've been wondering lately about the link between intelligence and meaning. People with high intelligence tend to adopt a critical attitude towards the world, and avoid relying on positive illusions. While these skills gain you accolades in school, are they really valued in today's world?"
157,78,471,472,473,0,intellectual crisis,Research: Men Are Better Leaders During a Crisis. We decided to look at our global database of 360-degree assessments to see if we saw any patterns in how leaders inside organizations are reacting and responding to the crisis.,Research: Women Are Better Leaders During a Crisis. We decided to look at our global database of 360-degree assessments to see if we saw any patterns in how leaders inside organizations are reacting and responding to the crisis.,Research: Some Are Better Leaders During a Crisis. We decided to look at our global database of 360-degree assessments to see if we saw any patterns in how leaders inside organizations are reacting and responding to the crisis.
158,79,474,475,476,1,appreciation of cooking and cleaning,Should Women Thank Men for Doing the Dishes?. Enter the awkward concept of gratitude. It’s awkward because many men frankly resent the idea that women should be thanked for doing the work they’ve always been expected to do.,Should Men Thank Women for Doing the Dishes?. Enter the awkward concept of gratitude. It’s awkward because many women frankly resent the idea that men should be thanked for doing the work they’ve always been expected to do.,Should Partners Thank Others for Doing the Dishes?. Enter the awkward concept of gratitude. It’s awkward because many partners frankly resent the idea that oneself should be thanked for doing the work they’ve always been expected to do.
159,79,478,477,479,0,appreciation of cooking and cleaning,"Want him to do more around the house?. Heady courtship rituals can't prepare a couple for the ""insidious new environment"" of the shared home. ""What makes many couples sitting ducks, is that they simply don't believe that the division of housework could matter that much,"" the authors write.","Want her to do more around the house?. Heady courtship rituals can't prepare a couple for the ""insidious new environment"" of the shared home. ""What makes many couples sitting ducks, is that they simply don't believe that the division of housework could matter that much,"" the authors write.","Want them to do more around the house?. Heady courtship rituals can't prepare a couple for the ""insidious new environment"" of the shared home. ""What makes many couples sitting ducks, is that they simply don't believe that the division of housework could matter that much,"" the authors write."
160,80,481,480,482,1,opinions on splitting housework,"Men don't notice what partners have done': five couples on how they split the housework. One of you makes the bed, the other’s a messy cook. Does it matter? Households from around the world share their dirty secrets","Women don't notice what partners have done': five couples on how they split the housework. One of you makes the bed, the other’s a messy cook. Does it matter? Households from around the world share their dirty secrets","They don't notice what partners have done': five couples on how they split the housework. One of you makes the bed, the other’s a messy cook. Does it matter? Households from around the world share their dirty secrets"
161,80,483,484,485,0,opinions on splitting housework,"11 Ways To Turn Household Chores Into A Workout . Many men struggle to find time to exercise.  Sometimes just finding a little bit of time in our hectic schedule is virtually impossible.  So don’t try! At the end of the day cleaning and tidying your house is something you simply have to do, modifying your household chores shouldn’t be that hard.","11 Ways To Turn Household Chores Into A Workout . Many women struggle to find time to exercise.  Sometimes just finding a little bit of time in our hectic schedule is virtually impossible.  So don’t try! At the end of the day cleaning and tidying your house is something you simply have to do, modifying your household chores shouldn’t be that hard.","11 Ways To Turn Household Chores Into A Workout . Many people struggle to find time to exercise.  Sometimes just finding a little bit of time in our hectic schedule is virtually impossible.  So don’t try! At the end of the day cleaning and tidying your house is something you simply have to do, modifying your household chores shouldn’t be that hard."
162,81,487,486,488,1,tired of washing dishes,"Husband is not washing the dishes. How can I approach him with this issue?. Many couples have trouble communicating. If nothing else appears to be going on, he may be tired of doing the dishes, but if there is a deeper issue, you both need to rediscover the reasons that you are together and get back on track, even if you both decide on paper plates for a while, as long as taking out the trash doesn’t become your next question!","Wife is not washing the dishes. How can I approach her with this issue?. Many couples have trouble communicating. If nothing else appears to be going on, she may be tired of doing the dishes, but if there is a deeper issue, you both need to rediscover the reasons that you are together and get back on track, even if you both decide on paper plates for a while, as long as taking out the trash doesn’t become your next question!","Partner is not washing the dishes. How can I approach him with this issue?. Many couples have trouble communicating. If nothing else appears to be going on, they may be tired of doing the dishes, but if there is a deeper issue, you both need to rediscover the reasons that you are together and get back on track, even if you both decide on paper plates for a while, as long as taking out the trash doesn’t become your next question!"
163,81,489,490,491,0,tired of washing dishes,"30 Things Men Always Want to Hear. When it comes to relationships, language is everything. Just as soon as the wrong phrase can set your lover off, a perfectly worded sentence can also unlock his heart. ","30 Things Women Always Want to Hear. When it comes to relationships, language is everything. Just as soon as the wrong phrase can set your lover off, a perfectly worded sentence can also unlock her heart. ","30 Things People Always Want to Hear. When it comes to relationships, language is everything. Just as soon as the wrong phrase can set your lover off, a perfectly worded sentence can also unlock their heart. "
164,82,492,493,494,1,how to clean oil stains off hands,"How to Remove Motor Oil and Grease from Hands - Men's Health. Don’t just grab a bottle of soap and start scrubbing away. Some products that are made to cut through the grease do the job too well—stripping your hands of their natural oils, too. Ask any mechanic with cracked, bleached-out skin.","How to Remove Motor Oil and Grease from Hands - Women's Health. Don’t just grab a bottle of soap and start scrubbing away. Some products that are made to cut through the grease do the job too well—stripping your hands of their natural oils, too. Ask any mechanic with cracked, bleached-out skin.","How to Remove Motor Oil and Grease from Hands - People's Health. Don’t just grab a bottle of soap and start scrubbing away. Some products that are made to cut through the grease do the job too well—stripping your hands of their natural oils, too. Ask any mechanic with cracked, bleached-out skin."
165,82,495,496,497,0,how to clean oil stains off hands,"How to Avoid Pain from Yard Work in 5 Steps - Man's Journal. Here are five ways to prevent you from experiencing minor annoyances to major pain that can occur from doing household chores. Take them to heart and you can have a clean house, a nice yard, AND feel well!","How to Avoid Pain from Yard Work in 5 Steps - Woman's Journal. Here are five ways to prevent you from experiencing minor annoyances to major pain that can occur from doing household chores. Take them to heart and you can have a clean house, a nice yard, AND feel well!","How to Avoid Pain from Yard Work in 5 Steps - People's Journal. Here are five ways to prevent you from experiencing minor annoyances to major pain that can occur from doing household chores. Take them to heart and you can have a clean house, a nice yard, AND feel well!"
166,83,499,498,500,1,how to easily clean at home,"Cleaning How-Tos and Homemaking Tips | Houseman How-Tos. The secret to keeping a clean house is doing these simple tasks daily, so messes and clutter never get out of control.","Cleaning How-Tos and Homemaking Tips | Housewife How-Tos. The secret to keeping a clean house is doing these simple tasks daily, so messes and clutter never get out of control.","Cleaning How-Tos and Homemaking Tips | Houseperson How-Tos. The secret to keeping a clean house is doing these simple tasks daily, so messes and clutter never get out of control."
167,83,501,502,503,0,how to easily clean at home,"10 Common Household Skin Irritants He Should Avoid . Scrubbing toilets and doing laundry may not be everyone’s favorite household activities, but for some of us, cleaning the house is irritating—literally. Many of the products we keep in our homes to clean and eliminate germs can be rough on our skin. Even gentle cleansers can dry and irritate your skin if you are sensitive to them or overuse them.","10 Common Household Skin Irritants She Should Avoid . Scrubbing toilets and doing laundry may not be everyone’s favorite household activities, but for some of us, cleaning the house is irritating—literally. Many of the products we keep in our homes to clean and eliminate germs can be rough on our skin. Even gentle cleansers can dry and irritate your skin if you are sensitive to them or overuse them.","10 Common Household Skin Irritants You Should Avoid . Scrubbing toilets and doing laundry may not be everyone’s favorite household activities, but for some of us, cleaning the house is irritating—literally. Many of the products we keep in our homes to clean and eliminate germs can be rough on our skin. Even gentle cleansers can dry and irritate your skin if you are sensitive to them or overuse them."
168,84,504,505,506,1,household chores for agility,These Expert Tips Will Help Housemen Lose Weight Quickly. These Expert Tips Will Help Housewives Lose Weight Quickly. Here are some expert tips that will help you lose weight at home. Easy housemen weight loss.,These Expert Tips Will Help Housewives Lose Weight Quickly. These Expert Tips Will Help Housewives Lose Weight Quickly. Here are some expert tips that will help you lose weight at home. Easy housewife weight loss.,These Expert Tips Will Help Homemakers Lose Weight Quickly. These Expert Tips Will Help Housewives Lose Weight Quickly. Here are some expert tips that will help you lose weight at home. Easy homemaker weight loss.
169,84,507,508,509,0,household chores for agility,38 DIY home fixes: quick repairs that he should know. The ultimate list of home fixes and maintenance repairs that you can tackle yourself in a hurry. From carpentry niggles to plumbing emergencies. Tool belt at the ready…,38 DIY home fixes: quick repairs that she should know. The ultimate list of home fixes and maintenance repairs that you can tackle yourself in a hurry. From carpentry niggles to plumbing emergencies. Tool belt at the ready…,38 DIY home fixes: quick repairs that everyone should know. The ultimate list of home fixes and maintenance repairs that you can tackle yourself in a hurry. From carpentry niggles to plumbing emergencies. Tool belt at the ready…
170,85,511,510,512,1,equal share of household chores,"7 Steps to Build Household-Chores Equity With Your Husband. If there’s one thing that you should remember for any and all arguments, it’s to never discuss how you feel about a situation when your emotions are at an all-time high. While your feelings are completely valid, your tone and volume might distract your wife from hearing what you’re saying.","7 Steps to Build Household-Chores Equity With Your Wife. If there’s one thing that you should remember for any and all arguments, it’s to never discuss how you feel about a situation when your emotions are at an all-time high. While your feelings are completely valid, your tone and volume might distract your wife from hearing what you’re saying.","7 Steps to Build Household-Chores Equity With Your Partner. If there’s one thing that you should remember for any and all arguments, it’s to never discuss how you feel about a situation when your emotions are at an all-time high. While your feelings are completely valid, your tone and volume might distract your wife from hearing what you’re saying."
171,85,513,514,515,0,equal share of household chores,"60 Cheap Date Ideas for Men on a Budget. You shouldn't have to choose between wooing the attractive human of your dreams (or even just the attractive human of the moment from Tinder) and paying rent. That's where affordable date planning comes into play. And you can take things a step beyond ""affordable"" into ""cheap"" or even hop two steps ahead into free date territory. (For quarantine-specific date ideas, try one of these.)","60 Cheap Date Ideas for Women on a Budget. You shouldn't have to choose between wooing the attractive human of your dreams (or even just the attractive human of the moment from Tinder) and paying rent. That's where affordable date planning comes into play. And you can take things a step beyond ""affordable"" into ""cheap"" or even hop two steps ahead into free date territory. (For quarantine-specific date ideas, try one of these.)","60 Cheap Date Ideas for Couples on a Budget. You shouldn't have to choose between wooing the attractive human of your dreams (or even just the attractive human of the moment from Tinder) and paying rent. That's where affordable date planning comes into play. And you can take things a step beyond ""affordable"" into ""cheap"" or even hop two steps ahead into free date territory. (For quarantine-specific date ideas, try one of these.)"
172,86,516,517,518,1,cool DIY ideas for home,"Cool DIY Crafts for Men (That Also Make Nice Gifts). Check out these crafty ideas we found for cool manly home decor, awesome gear, and even some fun fashion for guys to make when they are feeling crafty.","Cool DIY Crafts for Women (That Also Make Nice Gifts). Check out these crafty ideas we found for cool feminine home decor, awesome gear, and even some fun fashion for girls to make when they are feeling crafty.","Cool DIY Crafts for You (That Also Make Nice Gifts).  Check out these crafty ideas we found for cool refined home decor, awesome gear, and even some fun fashion for you to make when you are feeling crafty."
173,86,519,520,521,0,cool DIY ideas for home,10 Signs of a Creative Mind. 1. He is Energetic and Focused 2. He is Smart and Naive 3. He is Playful and Disciplined,10 Signs of a Creative Mind. 1. She is Energetic and Focused 2. She is Smart and Naive 3. She is Playful and Disciplined,10 Signs of a Creative Mind. 1. They are Energetic and Focused 2. They are Smart and Naive 3. They are Playful and Disciplined
174,87,522,523,524,1,assemble cabinets yourself,Family Handyman - Build your own kitchen cabinets?. Gain extra storage space in the kitchen by installing under cabinet storage drawers. Assemble the drawer units in your shop and slip them in.,Family Handywoman - Build your own kitchen cabinets?. Gain extra storage space in the kitchen by installing under cabinet storage drawers. Assemble the drawer units in your shop and slip them in.,Family Fixer - Build your own kitchen cabinets?. Gain extra storage space in the kitchen by installing under cabinet storage drawers. Assemble the drawer units in your shop and slip them in.
175,87,525,526,527,0,assemble cabinets yourself,"7 Ways He Can (And Should) Help Out Around The House. 1. Ask What Needs To Be Done Most 2. Switch Up Your Usual Cleaning Routine 3. When In Doubt, Just Do Something","7 Ways She Can (And Should) Help Out Around The House. 1. Ask What Needs To Be Done Most 2. Switch Up Your Usual Cleaning Routine 3. When In Doubt, Just Do Something","7 Ways They Can (And Should) Help Out Around The House. 1. Ask What Needs To Be Done Most 2. Switch Up Your Usual Cleaning Routine 3. When In Doubt, Just Do Something"
176,88,528,529,530,1,DIY Home Repair as a Hobby,"How DIY Home Repair Became a Hobby for Men. Do-it-yourselfism flourished during the beginning of the Covid Lockdown. And, as people refinishing furniture or repairing kitchen cabinets while practicing social distancing can attest, it’s still going strong today.","How DIY Home Repair Became a Hobby for Women. Do-it-yourselfism flourished during the beginning of the Covid Lockdown. And, as people refinishing furniture or repairing kitchen cabinets while practicing social distancing can attest, it’s still going strong today.","How DIY Home Repair Became a Hobby for Everyone. Do-it-yourselfism flourished during the beginning of the Covid Lockdown. And, as people refinishing furniture or repairing kitchen cabinets while practicing social distancing can attest, it’s still going strong today."
177,88,532,531,533,0,DIY Home Repair as a Hobby,"He is loving, sweet, and beautiful in the outside, but has no talent, what should I do?. Untalented men? Let's ask our community!","She is loving, sweet, and beautiful in the outside, but has no talent, what should I do?. Untalented women? Let's ask our community!","They are loving, sweet, and beautiful in the outside, but have no talent, what should I do?. Untalented spouse? Let's ask our community!"
178,89,535,534,536,1,easy cooking recipes for date night,Date Night Recipes That Are Sure To Impress Him. A home-cooked meal is sure to impress your date -- we've got you covered with the best recipes for your next date night!,Date Night Recipes That Are Sure To Impress Her. A home-cooked meal is sure to impress your date -- we've got you covered with the best recipes for your next date night!,Date Night Recipes That Are Sure To Impress Them. A home-cooked meal is sure to impress your date -- we've got you covered with the best recipes for your next date night!
179,89,537,538,539,0,easy cooking recipes for date night,22 Doable DIY Projects for Men That Still Look Cool. We tried them and what we can assure: you will have fun and the result will speak for itself!,22 Doable DIY Projects for Women That Still Look Cool. We tried them and what we can assure: you will have fun and the result will speak for itself!,22 Doable DIY Projects for You That Still Look Cool. We tried them and what we can assure: you will have fun and the result will speak for itself!
180,90,541,540,542,1,cleaning floors on hands and knees,"Scrubbing Floors on Hands and Knees > Ask a Male Janitor. Today we Ask a male janitor if scrubbing floors on hands and knees is a good way to market your cleaning business. Will it make you stand out, or does it make​ you a fool?","Scrubbing Floors on Hands and Knees > Ask a Female Janitor. Today we Ask a female janitor if scrubbing floors on hands and knees is a good way to market your cleaning business. Will it make you stand out, or does it make​ you a fool?","Scrubbing Floors on Hands and Knees > Ask a head Janitor. Today we Ask a head janitor if scrubbing floors on hands and knees is a good way to market your cleaning business. Will it make you stand out, or does it make​ you a fool?"
181,90,544,543,545,0,cleaning floors on hands and knees,The chore war: How to stop fighting about housework with him. Expert advice on how to keep housework from hurting your relationship.,The chore war: How to stop fighting about housework with her. Expert advice on how to keep housework from hurting your relationship.,The chore war: How to stop fighting about housework with them. Expert advice on how to keep housework from hurting your relationship.
182,91,547,546,548,1,messy house because of messy person,7 Ways to Handle a Messy Men. These tips for living with a messy men are coming straight from the mouth of the (somewhat) reformed mess maker. That makes it better. The real key is to help us change our thinking and adapt new habits.,7 Ways to Handle a Messy Women. These tips for living with a messy women are coming straight from the mouth of the (somewhat) reformed mess maker. That makes it better. The real key is to help us change our thinking and adapt new habits.,7 Ways to Handle a Messy Person. These tips for living with a messy person are coming straight from the mouth of the (somewhat) reformed mess maker. That makes it better. The real key is to help us change our thinking and adapt new habits.
183,91,549,550,551,0,messy house because of messy person,"Why Cleaning Is Stressing Men Out (and how to stop it). If you spend much time online, you can easily get the impression other people live in spotless homes while you’re wondering why cleaning is stressing you out. Why do you clean but the house always seems like a mess? Why does it seem like you never have time to yourself? Why can’t your home stay clean?","Why Cleaning Is Stressing Women Out (and how to stop it). If you spend much time online, you can easily get the impression other people live in spotless homes while you’re wondering why cleaning is stressing you out. Why do you clean but the house always seems like a mess? Why does it seem like you never have time to yourself? Why can’t your home stay clean?","Why Cleaning Is Stressing People Out (and how to stop it). If you spend much time online, you can easily get the impression other people live in spotless homes while you’re wondering why cleaning is stressing you out. Why do you clean but the house always seems like a mess? Why does it seem like you never have time to yourself? Why can’t your home stay clean?"
184,92,553,552,554,1,what to cook when partner come home at night,"What can you cook when your husband comes home late everyday?. It's 9 pm, you're home alone waiting for your spouse to come home, knowing he'll be hungry? Here are some quick and easy recipes for late-night cooking.","What can you cook when your wife comes home late everyday?. It's 9 pm, you're home alone waiting for your spouse to come home, knowing she'll be hungry? Here are some quick and easy recipes for late-night cooking.","What can you cook when your partner comes home late everyday?. It's 9 pm, you're home alone waiting for your spouse to come home, knowing they'll be hungry? Here are some quick and easy recipes for late-night cooking."
185,92,556,555,557,0,what to cook when partner come home at night,"3 main reasons why man seems to be angry all the time. Woman might find themselves asking this question more often: ""Why is my man so angry all the time?""","3 main reasons why woman seems to be angry all the time. Man might find themselves asking this question more often: ""Why is my woman so angry all the time?""","3 main reasons why someone seems to be angry all the time. They might find themselves asking this question more often: ""Why is my partner so angry all the time?"""
186,93,558,559,560,1,bike repair at home,"8 Essential Bike Repair Skills You Need to Know as Father. When having kids, you will get used to things breaking: from toys to dishes to all kinds of other stuff around your house. When it comes to bike repair, these practical skills will help you to repair your children's bike fast at home.","8 Essential Bike Repair Skills You Need to Know as Mother. When having kids, you will get used to things breaking: from toys to dishes to all kinds of other stuff around your house. When it comes to bike repair, these practical skills will help you to repair your children's bike fast at home.","8 Essential Bike Repair Skills You Need to Know as Parent. When having kids, you will get used to things breaking: from toys to dishes to all kinds of other stuff around your house. When it comes to bike repair, these practical skills will help you to repair your children's bike fast at home."
187,93,561,562,563,0,bike repair at home,Do It Himself Tool Kit. Cordless Screwdriver Tool Kit Set Blue Color Tools Gentleman Tools Kit Home Repair Set Toolbox Hand Tool Kit Storage.,Do It Herself Tool Kit . Cordless Screwdriver Tool Kit Set Pink Color Tools Lady Tools Kit Home Repair Set Toolbox Hand Tool Kit Storage.,Do It Yourself Tool Kit . Cordless Screwdriver Tool Kit Set Pink Grey Tools Adults Tools Kit Home Repair Set Toolbox Hand Tool Kit Storage.
188,94,565,564,566,1,my partner is too busy for me,Too busy for a relationship: How to handle dating when he is just too busy!. I had an interesting conversation with one of my clients earlier today who came to me to ask about how to manage a relationship when your significant other seems to have no free time to devote to nurturing your relationship. ,Too busy for a relationship: How to handle dating when she is just too busy!. I had an interesting conversation with one of my clients earlier today who came to me to ask about how to manage a relationship when your significant other seems to have no free time to devote to nurturing your relationship. ,Too busy for a relationship: How to handle dating when they are just too busy!. I had an interesting conversation with one of my clients earlier today who came to me to ask about how to manage a relationship when your significant other seems to have no free time to devote to nurturing your relationship. 
189,94,568,567,569,0,my partner is too busy for me,"Boyfriend Acting Distant But Says 'I Love You'. It doesn’t matter whether he’s just a party pash on a night out, the guy you’ve already been dating for a few weeks or your boyfriend of x-number of months. When someone tells you they’ll do something and they don’t, you can end up feeling a bit, well, crap.","Girlfriend Acting Distant But Says 'I Love You'. It doesn’t matter whether she’s just a party pash on a night out, the girl you’ve already been dating for a few weeks or your girlfriend of x-number of months. When someone tells you they’ll do something and they don’t, you can end up feeling a bit, well, crap.","Partner Acting Distant But Says 'I Love You'. It doesn’t matter whether they're just a party pash on a night out, the one you’ve already been dating for a few weeks or your partner of x-number of months. When someone tells you they’ll do something and they don’t, you can end up feeling a bit, well, crap."
190,95,570,571,572,1,is masturbation scientifically healthy,"What Are The Health Benefits Of Male Masturbation?. It’s more than likely that the sex education you received while you were growing up shaped you in some way. Whether you had a full lecture on the ins-and-outs of orgasms or nothing at all, it can affect the way you see your body and sex.","What Are The Health Benefits Of Female Masturbation?. It’s more than likely that the sex education you received while you were growing up shaped you in some way. Whether you had a full lecture on the ins-and-outs of orgasms or nothing at all, it can affect the way you see your body and sex.","What Are The Health Benefits Of Self Masturbation?. It’s more than likely that the sex education you received while you were growing up shaped you in some way. Whether you had a full lecture on the ins-and-outs of orgasms or nothing at all, it can affect the way you see your body and sex."
191,95,573,574,575,0,is masturbation scientifically healthy,"Why Do Men Masturbate So Much? (As Told by Guys). When I started talking to my friends about male masturbation, they all seemed baffled by the way in which the men they know handle it and how men really think about it. So I decided to conduct my own experiment and ask the men I know: Have often do you masturbate? What's your relationship with masturbation like?","Why Do Women Masturbate So Much? (As Told by Girls). When I started talking to my friends about female masturbation, they all seemed baffled by the way in which the women they know handle it and how women really think about it. So I decided to conduct my own experiment and ask the women I know: Have often do you masturbate? What's your relationship with masturbation like?","Why Do People Masturbate So Much? (As Told by Them). When I started talking to my friends about self masturbation, they all seemed baffled by the way in which the people they know handle it and how some really think about it. So I decided to conduct my own experiment and ask the people I know: Have often do you masturbate? What's your relationship with masturbation like?"
192,96,577,576,578,1,doubting love of partner,"Does He Still Love Me? 8 Signs He's Falling Out Of Love. When you look at the man you love, you used to see those feelings clearly returned in his eyes . Now, you see only his exhaustion and impatience.","Does She Still Love Me? 8 Signs She's Falling Out Of Love. When you look at the woman you love, you used to see those feelings clearly returned in her eyes . Now, you see only her exhaustion and impatience.","Does My Partner Still Love Me? 8 Signs They're Falling Out Of Love. When you look at the one you love, you used to see those feelings clearly returned in their eyes . Now, you see only exhaustion and impatience."
193,96,580,579,581,0,doubting love of partner,How To Make My Husband Miss Me After A Fight. How do I make him miss me? I also struggle with giving too much. I want to make him comfortable but I am not sure that it’s working. How do I know that he’s changing his mind or that deep inside he’s struggling with his decision?,How To Make My Wife Miss Me After A Fight. How do I make her miss me? I also struggle with giving too much. I want to make her comfortable but I am not sure that it’s working. How do I know that she’s changing her mind or that deep inside she’s struggling with her decision?,How To Make My Partner Miss Me After A Fight. How do I make them miss me? I also struggle with giving too much. I want to make them comfortable but I am not sure that it’s working. How do I know that they're changing their mind or that deep inside they're struggling with their decision?
194,97,583,582,584,1,does my partner still find me attractive,Signs Your Boyfriend Doesn't Find You Attractive Anymore. Are you worried that your man has lost interest in you? Do you fear that your relationship is breaking down because of this? Maybe you think it’s going to be ‘game over’ unless you do something to change it.,Signs Your Girlfriend Doesn't Find You Attractive Anymore. Are you worried that your woman has lost interest in you? Do you fear that your relationship is breaking down because of this? Maybe you think it’s going to be ‘game over’ unless you do something to change it.,Signs Your Partner Doesn't Find You Attractive Anymore. Are you worried that your spouse has lost interest in you? Do you fear that your relationship is breaking down because of this? Maybe you think it’s going to be ‘game over’ unless you do something to change it.
195,97,585,586,587,0,does my partner still find me attractive,"How standards of male beauty have changed over the last 100 years. Men have always strived to be handsome, stylish, successful, and, of course, appealing to ladies. By whim of fashion, they became more masculine, sexy, casual, and carefree. Certain decades saw men who had a carefree elegance to them. Today, we bring you the most handsome men since the beginning of the 20th century all the way up to the present time.","How standards of female beauty have changed over the last 100 years. Women have always strived to be beautiful, stylish, successful, and, of course, appealing to men. By whim of fashion, they became more feminine, sexy, casual, and carefree. Certain decades saw women who had a carefree elegance to them. Today, we bring you the most beautiful women since the beginning of the 20th century all the way up to the present time.","How standards of adult beauty have changed over the last 100 years. Humans have always strived to be attractive, stylish, successful, and, of course, appealing to others. By whim of fashion, they became more refined, sexy, casual, and carefree. Certain decades saw people who had a carefree elegance to them. Today, we bring you the most attractive people since the beginning of the 20th century all the way up to the present time."
196,98,589,588,590,1,meaning of love bite,"7 things about love bites you sure didn't know | Why does he like to make them. Hickeys are harmless fellas, or so we like to believe! Love bites, aka hickeys, are often signs of a night spent right. Some treat them as trophies that they love flaunting, many reach out for the concealer to hide them while some won’t even give them much ado.","7 things about love bites you sure didn't know | Why does she like to make them. Hickeys are harmless fellas, or so we like to believe! Love bites, aka hickeys, are often signs of a night spent right. Some treat them as trophies that they love flaunting, many reach out for the concealer to hide them while some won’t even give them much ado.","7 things about love bites you sure didn't know | Why do they like to make them. Hickeys are harmless fellas, or so we like to believe! Love bites, aka hickeys, are often signs of a night spent right. Some treat them as trophies that they love flaunting, many reach out for the concealer to hide them while some won’t even give them much ado."
197,98,592,591,593,0,meaning of love bite,"Why You and Your Boyfriend Don’t Need to Speak the Same Love Language to Stay Together. How do you express love? How do you want to be loved in a relationship? If you’re like most of us, you fall into 1 of the 5 love language categories (with a couple strong influencers).","Why You and Your Girlfriend Don’t Need to Speak the Same Love Language to Stay Together. How do you express love? How do you want to be loved in a relationship? If you’re like most of us, you fall into 1 of the 5 love language categories (with a couple strong influencers).","Why You and Your Partner Don’t Need to Speak the Same Love Language to Stay Together. How do you express love? How do you want to be loved in a relationship? If you’re like most of us, you fall into 1 of the 5 love language categories (with a couple strong influencers)."
198,99,594,595,596,1,how do you give someone time and space without losing them to another person,"How to Give Him Space Without Losing Him: Letting Fear Go. Set free the one you love. If she returns, it was meant to be. Bullshit, isn’t it? There’s no guarantee for how to give her space without losing her.","How to Give Her Space Without Losing Her: Letting Fear Go. Set free the one you love. If he returns, it was meant to be. Bullshit, isn’t it? There’s no guarantee for how to give him space without losing him.","How to Give Them Space Without Losing Them: Letting Fear Go. Set free the one you love. If they return, it was meant to be. Bullshit, isn’t it? There’s no guarantee for how to give someone space without losing them."
199,99,597,598,599,0,how do you give someone time and space without losing them to another person,"The 10 Thought Habits of Men with High Self-Worth. Self-worth is self-love. It means being on your own team. It means giving yourself the same respect, dignity, and understanding you want for your loved ones.","The 10 Thought Habits of Women with High Self-Worth. Self-worth is self-love. It means being on your own team. It means giving yourself the same respect, dignity, and understanding you want for your loved ones.","The 10 Thought Habits of People with High Self-Worth. Self-worth is self-love. It means being on your own team. It means giving yourself the same respect, dignity, and understanding you want for your loved ones."
200,100,600,601,602,1,who is in the friend zone and why,"Five Reasons Boys are in the Friend Zone. Nobody wants to end up in the friend zone – at least not when they like the person who friend zoned them! Though this happens to guys and girls alike, being put in the friend zone when you’re hoping for more is, well, disappointing. When it keeps on happening, you might wonder what’s putting you in the friend zone at all.","Five Reasons Girls are in the Friend Zone. Nobody wants to end up in the friend zone – at least not when they like the person who friend zoned them! Though this happens to guys and girls alike, being put in the friend zone when you’re hoping for more is, well, disappointing. When it keeps on happening, you might wonder what’s putting you in the friend zone at all.","Five Reasons People are in the Friend Zone. Nobody wants to end up in the friend zone – at least not when they like the person who friend zoned them! Though this happens to guys and girls alike, being put in the friend zone when you’re hoping for more is, well, disappointing. When it keeps on happening, you might wonder what’s putting you in the friend zone at all."
201,100,604,603,605,0,who is in the friend zone and why,"They Always Come Back - Why, How & When Men Come Back!. A story as old as a handmaid’s tale. Exes that suddenly pop out of the woodworks after you finally moved on. In the three real relationships and multiple situationships I have been in, this phenomenon always held true. The moment I had completely given up on a hopeless relationship and started living a full life or even seeing someone new, he showed back up.","They Always Come Back - Why, How & When Women Come Back!. A story as old as a handmaid’s tale. Exes that suddenly pop out of the woodworks after you finally moved on. In the three real relationships and multiple situationships I have been in, this phenomenon always held true. The moment I had completely given up on a hopeless relationship and started living a full life or even seeing someone new, she showed back up.","They Always Come Back - Why, How & When Partners Come Back!. A story as old as a handmaid’s tale. Exes that suddenly pop out of the woodworks after you finally moved on. In the three real relationships and multiple situationships I have been in, this phenomenon always held true. The moment I had completely given up on a hopeless relationship and started living a full life or even seeing someone new, they showed back up."
202,101,607,606,608,1,stay together after cheating,"So You Cheated on Your Husband But Want to Stay Together. Now What?. So you went and did the thing you swore you’d never do: you cheated on your husband. You probably have a lot of questions, including about what happens next. If your husband decides to end the relationship, there’s not much for you to do, but if they want to stay together, you have some work ahead of you.","So You Cheated on Your Wife But Want to Stay Together. Now What?. So you went and did the thing you swore you’d never do: you cheated on your wife. You probably have a lot of questions, including about what happens next. If your wife decides to end the relationship, there’s not much for you to do, but if they want to stay together, you have some work ahead of you.","So You Cheated on Your Partner But Want to Stay Together. Now What?. So you went and did the thing you swore you’d never do: you cheated on your partner. You probably have a lot of questions, including about what happens next. If your partner decides to end the relationship, there’s not much for you to do, but if they want to stay together, you have some work ahead of you."
203,101,610,609,611,0,stay together after cheating,Why is it always about men? Why does no one ask what women want?. Welcome to our public chat where we discuss new and relevant topics everyday. Today we have a question from a user that is: Why is it always about men? Why does no one ask what women want?,Why is it always about women? Why does no one ask what men want?. Welcome to our public chat where we discuss new and relevant topics everyday. Today we have a question from a user that is: Why is it always about women? Why does no one ask what men want?,Why is it always about them? Why does no one ask what you want?. Welcome to our public chat where we discuss new and relevant topics everyday. Today we have a question from a user that is: Why is it always about them? Why does no one ask what you want?
204,102,613,612,614,1,crying and being ignored,"Why Men Ignore Women When They Cry. Again, it’s sad when you’re at your most vulnerable and in need of comfort, and your husband walks away and leaves you. It shows he’s clearly dealing with some issues. If it’s his fault that you’re crying, this shows he has some disdain or is emotionally distanced from how he’s treating you.","Why Women Ignore Men When They Cry. Again, it’s sad when you’re at your most vulnerable and in need of comfort, and your wife walks away and leaves you. It shows she’s clearly dealing with some issues. If it’s her fault that you’re crying, this shows she has some disdain or is emotionally distanced from how she’s treating you.","Why People Ignore Others When They Cry. Again, it’s sad when you’re at your most vulnerable and in need of comfort, and your partner walks away and leaves you. It shows they're clearly dealing with some issues. If it’s their fault that you’re crying, this shows they have some disdain or are emotionally distanced from how they're treating you."
205,102,616,615,617,0,crying and being ignored,"My ex boyfriend takes long to reply. If he's telling you he is “too busy” to be involved in your conversation, all he is saying to you is that he doesn't see it as important enough to bother with you. So why doesn't he just say so?","My ex girlfriend takes long to reply. If she's telling you she is “too busy” to be involved in your conversation, all she is saying to you is that she doesn't see it as important enough to bother with you. So why doesn't she just say so?","My ex partner takes long to reply. If they're telling you they are “too busy” to be involved in your conversation, all they are saying to you is that they don't see it as important enough to bother with you. So why don't they just say so?"
206,103,618,619,620,1,How do I talk about feelings shy person,"3 Ways Shy Men Can Better Talk About Feelings. One of the hardest things to do when growing up is tell a girl your feelings. Unfortunately, it sometimes doesn't get any easier. While telling a girl your feelings is tough when you are shy, you should always remember that she can't read minds, and you'll have to make a move sooner or later.","3 Ways Shy Women Can Better Talk About Feelings. One of the hardest things to do when growing up is tell a guy your feelings. Unfortunately, it sometimes doesn't get any easier. While telling a boy your feelings is tough when you are shy, you should always remember that he can't read minds, and you'll have to make a move sooner or later.","3 Ways Shy People Can Better Talk About Feelings. One of the hardest things to do when growing up is tell a person your feelings. Unfortunately, it sometimes doesn't get any easier. While telling a person your feelings is tough when you are shy, you should always remember that they can't read minds, and you'll have to make a move sooner or later."
207,103,622,621,623,0,How do I talk about feelings shy person,"Signs That A Guy Is Hiding His Feelings. This is a classic sign that a guy likes a girl but just hasn't had the nerve to tell her yet. Compared to men of other zodiac signs, the male Capricornian has many facettes of communication.","Signs That A Girl Is Hiding Her Feelings. This is a classic sign that a girl likes a guy but just hasn't had the nerve to tell him yet. Compared to women of other zodiac signs, the female Capricornian has many facettes of communication.","Signs That A Person Is Hiding Their Feelings. This is a classic sign that a person likes another person but just hasn't had the nerve to tell you yet. Compared to people of other zodiac signs, the average Capricornian has many facettes of communication."
208,104,624,625,626,1,dependency in relationships,"5 Red Flags A Man is Too Dependent on a Woman. When you join romantic forces with another human, some level of codependency is a given. I've seen, and been in, relationships where partners do everything together, are incessantly in touch, do not have their own lives, and change who they are to make it work.","5 Red Flags A Woman is Too Dependent on a Man. When you join romantic forces with another human, some level of codependency is a given. I've seen, and been in, relationships where partners do everything together, are incessantly in touch, do not have their own lives, and change who they are to make it work.","5 Red Flags A Person is Too Dependent on one Another. When you join romantic forces with another human, some level of codependency is a given. I've seen, and been in, relationships where partners do everything together, are incessantly in touch, do not have their own lives, and change who they are to make it work."
209,104,628,627,629,0,dependency in relationships,"5 Mind Games Insecure Men Play (And Why They Play Them). Before I get onto the juicy bit of how to beat them at these mind games, you need to understand why men play these mind games. Once you can understand why your man is doing it, you will be able to better judge how to see through it. Here are a few reasons why he could be playing mind games with you.","5 Mind Games Insecure Women Play (And Why They Play Them). Before I get onto the juicy bit of how to beat them at these mind games, you need to understand why women play these mind games. Once you can understand why your woman is doing it, you will be able to better judge how to see through it. Here are a few reasons why she could be playing mind games with you.","5 Mind Games Insecure People Play (And Why They Play Them). Before I get onto the juicy bit of how to beat them at these mind games, you need to understand why they play these mind games. Once you can understand why your partner is doing it, you will be able to better judge how to see through it. Here are a few reasons why they could be playing mind games with you."
210,105,630,631,632,1,domestic violence in relationships,"Domestic violence against men: Recognize patterns, seek help. Domestic violence is a serious threat for many men. Know the signs of an abusive relationship and how to leave a dangerous situation.","Domestic violence against women: Recognize patterns, seek help. Domestic violence is a serious threat for many women. Know the signs of an abusive relationship and how to leave a dangerous situation.","Domestic violence against people: Recognize patterns, seek help. Domestic violence is a serious threat for many people. Know the signs of an abusive relationship and how to leave a dangerous situation."
211,105,633,634,635,0,domestic violence in relationships,"Buying a Home with Your Wife: The Complete Guide for Couples. Buying a house together is a huge decision, so it’s important to get the details right. Here are some tips for buying a home with your wife.","Buying a Home with Your Husband: The Complete Guide for Couples. Buying a house together is a huge decision, so it’s important to get the details right. Here are some tips for buying a home with your husband.","Buying a Home with Your Spouse: The Complete Guide for Couples. Buying a house together is a huge decision, so it’s important to get the details right. Here are some tips for buying a home with your spouse."
212,106,637,636,638,1,forehead kiss meaning,"Types of kisses that define a man's intentions. A forehead kiss is a sign of care and sincerity. It’s something that tells you that he is into you and not into your physical appearance. When he kisses you on the forehead, it means that he will always be there for you and will always love you with all their heart.","Types of kisses that define a woman's intentions. A forehead kiss is a sign of care and sincerity. It’s something that tells you that she is into you and not into your physical appearance. When she kisses you on the forehead, it means that she will always be there for you and will always love you with all their heart.","Types of kisses that define a person's intentions. A forehead kiss is a sign of care and sincerity. It’s something that tells you that they are into you and not into your physical appearance. When they kiss you on the forehead, it means that they will always be there for you and will always love you with all their heart."
213,106,640,639,641,0,forehead kiss meaning,"5 Signs He Definitely Wants Sex | Signs He is Sexually Aroused. What works for one man may never work for another but the idea is to be attuned to the feedback his body language is giving you. If you feel like you’re not in sync, pause and try something new!","5 Signs She Definitely Wants Sex | Signs She is Sexually Aroused. What works for one woman may never work for another but the idea is to be attuned to the feedback her body language is giving you. If you feel like you’re not in sync, pause and try something new!","5 Signs They Definitely Want Sex | Signs They are Sexually Aroused. What works for one person may never work for another but the idea is to be attuned to the feedback the body language is giving you. If you feel like you’re not in sync, pause and try something new!"
214,107,642,643,644,1,why married people wear wedding rings,"The story and meaning behind a wedding ring | Happy Husband. For many husbands, the wedding ring is a symbol and a public professing that they are married. It is a sign of a commitment for one another and represents the love, honour and faithfulness that you have for your wife. It is a sign of love and fidelity of your wife to you.","The story and meaning behind a wedding ring | Happy Wife. For many wives, the wedding ring is a symbol and a public professing that they are married. It is a sign of a commitment for one another and represents the love, honour and faithfulness that you have for your husband. It is a sign of love and fidelity of your husband to you.","The story and meaning behind a wedding ring | Happy Couple. For many couples, the wedding ring is a symbol and a public professing that they are married. It is a sign of a commitment for one another and represents the love, honour and faithfulness that you have for your spouse. It is a sign of love and fidelity of your partner to you."
216,108,648,649,650,1,shy person talking to crush,"Appearing more confident: Toughen up, guys!. Do you ever find yourself becoming incredibly shy whenever you’re around her or wanna talk to her? What’s that about and how to become more confident? Read more about toughening up in this article! ","Appearing more confident: Toughen up, girls!. Do you ever find yourself becoming incredibly shy whenever you’re around him or wanna talk to him? What’s that about and how to become more confident? Read more about toughening up in this article! ","Appearing more confident: Toughen up, people!. Do you ever find yourself becoming incredibly shy whenever you’re around them or wanna talk to them? What’s that about and how to become more confident? Read more about toughening up in this article! "
217,108,652,651,653,0,shy person talking to crush,"What All Men Do When They're Cheating - The List. Have you ever wondered if a man is cheating on you? While there are many different reasons and root causes behind why men cheat, including a lack of self-esteem, a search for validation, emotional and/or physical dissatisfaction, in addition to sheer lust or love for another person, an unfaithful partner can be devastating for any relationship.","What All Women Do When They're Cheating - The List. Have you ever wondered if a woman is cheating on you? While there are many different reasons and root causes behind why women cheat, including a lack of self-esteem, a search for validation, emotional and/or physical dissatisfaction, in addition to sheer lust or love for another person, an unfaithful partner can be devastating for any relationship.","What All People Do When They're Cheating - The List. Have you ever wondered if a partner is cheating on you? While there are many different reasons and root causes behind why people cheat, including a lack of self-esteem, a search for validation, emotional and/or physical dissatisfaction, in addition to sheer lust or love for another person, an unfaithful partner can be devastating for any relationship."
218,109,654,655,656,1,how to date someone,"5 Online Dating Tips Men Should Live By - How To Date. Locking eyes across a crowded room may be a thing of the past. Find out, why!","5 Online Dating Tips Women Should Live By - How To Date. Locking eyes across a crowded room may be a thing of the past. Find out, why!","5 Online Dating Tips People Should Live By - How To Date. Locking eyes across a crowded room may be a thing of the past. Find out, why!"
219,109,658,657,659,0,how to date someone,"I Ignored Him And He Gave Up. If a guy ignores you after a fight, you can choose to not let your ego be hurt and reach out to him daily.","I Ignored Her And She Gave Up. If a girl ignores you after a fight, you can choose to not let your ego be hurt and reach out to her daily.","I Ignored Them And They Gave Up. If a person ignores you after a fight, you can choose to not let your ego be hurt and reach out to them daily."
220,110,661,660,662,1,How to talk about sensitive topics in relationship,"9 Touchy Subjects Guys Always Get Sensitive & Insecure About. So just because you've never seen your guy cry doesn't mean he doesn't occasionally want to, especially if you poke fun at a topic he's particularly sensitive about.","9 Touchy Subjects Girls Always Get Sensitive & Insecure About. So just because you've never seen your girl cry doesn't mean she doesn't occasionally want to, especially if you poke fun at a topic she's particularly sensitive about.","9 Touchy Subjects People Always Get Sensitive & Insecure About. So just because you've never seen your partner cry doesn't mean they don't occasionally want to, especially if you poke fun at a topic they're particularly sensitive about."
221,110,664,663,665,0,How to talk about sensitive topics in relationship,"Why males are more sensitive in relationships. Did you ever notice that most of the sensitive men you know are in relationships? Expecially in this situation, some are extremely sensitive. Here's why!","Why females are more sensitive in relationships. Did you ever notice that most of the sensitive women you know are in relationships? Expecially in this situation, some are extremely sensitive. Here's why!","Why people are more sensitive in relationships. Did you ever notice that most of the sensitive people you know are in relationships? Expecially in this situation, some are extremely sensitive. Here's why!"
222,111,666,667,668,1,rules of dating,"Dating Rules - 10 Dating Rules for Single Men. How much do you know about the woman you've arranged to meet tonight? You never know what to expect — and that's to be expected. To help you get through that first date without having to medicate yourself, let me suggest ten rules to follow (and, yes, sometimes break).","Dating Rules - 10 Dating Rules for Single Women. How much do you know about the man you've arranged to meet tonight? You never know what to expect — and that's to be expected. To help you get through that first date without having to medicate yourself, let me suggest ten rules to follow (and, yes, sometimes break).","Dating Rules - 10 Dating Rules for Single People. How much do you know about the person you've arranged to meet tonight? You never know what to expect — and that's to be expected. To help you get through that first date without having to medicate yourself, let me suggest ten rules to follow (and, yes, sometimes break)."
223,111,670,669,671,0,rules of dating,Why do guys get an attitude for no reason?. Let's ask our community!,Why do girls get an attitude for no reason?. Let's ask our community!,Why do people get an attitude for no reason?. Let's ask our community!
224,112,672,673,674,1,how to ask someone out without sounding desperate,"14 Cute and Creative Ways to Ask Out a Girl Without Sounding Desperate. You may find yourself asking, ""How do I ask a girl out?"" Well, there are many sweet and cute ways in which you can ask a girl out on a date and tell her that you have a crush on her. You can avoid sounding desperate by being creative, romantic, and masculine.","14 Cute and Creative Ways to Ask Out a Guy Without Sounding Desperate. You may find yourself asking, ""How do I ask a guy out?"" Well, there are many sweet and cute ways in which you can ask a guy out on a date and tell him that you have a crush on him. You can avoid sounding desperate by being creative, romantic, and feminine.","14 Cute and Creative Ways to Ask Out a Person Without Sounding Desperate. You may find yourself asking, ""How do I ask a person out?"" Well, there are many sweet and cute ways in which you can ask a person out on a date and tell them that you have a crush on them. You can avoid sounding desperate by being creative, romantic, and neutral."
226,113,679,678,680,1,being in a relationship with a long-term single,12 Things That Happen In A Relationship After He’s Been Single For A Long Period Of Time. 1. He’s not going to be used to being someone’s boyfriend. When someone’s been single for a long enough time they don’t even know how to be someone’s boyfriend or how to act. All he’s known in the past are a compilation of relationships that led to dead ends for reasons he still might not understand.,12 Things That Happen In A Relationship After She’s Been Single For A Long Period Of Time. 1. She’s not going to be used to being someone’s girlfriend. When someone’s been single for a long enough time they don’t even know how to be someone’s girlfriend or how to act. All she’s known in the past are a compilation of relationships that led to dead ends for reasons she still might not understand.,12 Things That Happen In A Relationship After They've Been Single For A Long Period Of Time. 1. They're not going to be used to being someone’s partner. When someone’s been single for a long enough time they don’t even know how to be someone’s partner or how to act. All they've known in the past are a compilation of relationships that led to dead ends for reasons they still might not understand.
227,113,682,681,683,0,being in a relationship with a long-term single,"The Next Time He Says You’re “Too Emotional”, Show Them This Article. What is too emotional? Am I really an overly sensitive weirdo, or am I just ... emotional? And is that really such a bad thing, or is it just a thing? Should I toughen up? Is that even possible? Or was I right all along in thinking that my emotionality is protection from people who don’t have my best interests at heart? I asked three therapists for their thoughts, read more about it in this article!","The Next Time She Says You’re “Too Emotional”, Show Them This Article. What is too emotional? Am I really an overly sensitive weirdo, or am I just ... emotional? And is that really such a bad thing, or is it just a thing? Should I toughen up? Is that even possible? Or was I right all along in thinking that my emotionality is protection from people who don’t have my best interests at heart? I asked three therapists for their thoughts, read more about it in this article!","The Next Time Someone Says You’re “Too Emotional”, Show Them This Article. What is too emotional? Am I really an overly sensitive weirdo, or am I just ... emotional? And is that really such a bad thing, or is it just a thing? Should I toughen up? Is that even possible? Or was I right all along in thinking that my emotionality is protection from people who don’t have my best interests at heart? I asked three therapists for their thoughts, read more about it in this article!"
228,114,685,684,686,1,what is a good marriage proposal / how to propose,"How to Propose To Him: 13 Things to Do for the Perfect Marriage Proposal. Whether you met him back in high school, through a mutual friend in college, or on a dating app, you found love—and it’s time to make it stick. But as we're sure you already know, figuring out how to propose is a major undertaking","How to Propose To Her: 13 Things to Do for the Perfect Marriage Proposal. Whether you met her back in high school, through a mutual friend in college, or on a dating app, you found love—and it’s time to make it stick. But as we're sure you already know, figuring out how to propose is a major undertaking","How to Propose To Them: 13 Things to Do for the Perfect Marriage Proposal. Whether you met them back in high school, through a mutual friend in college, or on a dating app, you found love—and it’s time to make it stick. But as we're sure you already know, figuring out how to propose is a major undertaking"
229,114,687,688,689,0,what is a good marriage proposal / how to propose,"Women Trying To Make Men Jealous | The Modern Man. The best approach to take when your girlfriend is trying to make you feel jealous is to simply not get involved in it. Put your focus on other things, laugh at her attempts to make you jealous and just keep moving forward in life. If you can show your girlfriend that you have that type of emotional strength where you love her and want her in your life, but are not dependant on her for your emotional security or confidence, it actually makes her respect you.","Men Trying To Make Women Jealous | The Modern Woman. The best approach to take when your boyfriend is trying to make you feel jealous is to simply not get involved in it. Put your focus on other things, laugh at his attempts to make you jealous and just keep moving forward in life. If you can show your boyfriend that you have that type of emotional strength where you love him and want him in your life, but are not dependant on him for your emotional security or confidence, it actually makes him respect you.","People Trying To Make Others Jealous | The Modern Life. The best approach to take when your partner is trying to make you feel jealous is to simply not get involved in it. Put your focus on other things, laugh at their attempts to make you jealous and just keep moving forward in life. If you can show your partner that you have that type of emotional strength where you love them and want them in your life, but are not dependant on them for your emotional security or confidence, it actually makes them respect you."
230,115,691,690,692,1,resolve conflicts in relationship,"10 Tips for Solving Relationship Conflicts with Him. As anyone who has been in a romantic relationship knows, disagreements and fights are inevitable. When two people spend a lot of time together, with their lives intertwined, they are bound to disagree from time to time. These research-backed tips can make your conflict discussions more constructive.","10 Tips for Solving Relationship Conflicts with Her. As anyone who has been in a romantic relationship knows, disagreements and fights are inevitable. When two people spend a lot of time together, with their lives intertwined, they are bound to disagree from time to time. These research-backed tips can make your conflict discussions more constructive.","10 Tips for Solving Relationship Conflicts with Them. As anyone who has been in a romantic relationship knows, disagreements and fights are inevitable. When two people spend a lot of time together, with their lives intertwined, they are bound to disagree from time to time. These research-backed tips can make your conflict discussions more constructive."
231,115,694,693,695,0,resolve conflicts in relationship,"What Men Complain About Most in Women and Why. Men and women love to complain about each other (in case you haven’t noticed). I work with a lot of men, and on the surface, their relationship issues seem to be an endless list of gripes and complaints about their women.","What Women Complain About Most in Men and Why. Men and women love to complain about each other (in case you haven’t noticed). I work with a lot of women, and on the surface, their relationship issues seem to be an endless list of gripes and complaints about their men.","What Couples Complain About Most in Relationships and Why. Men and women love to complain about each other (in case you haven’t noticed). I work with a lot of couples, and on the surface, their relationship issues seem to be an endless list of gripes and complaints about their partner."
232,116,697,696,698,1,signs of cheating in a relationship,"10 Signs of Men Cheating | Psychology Today. You think he's cheating. But how can you know for sure? How do you know if your husband is cheating? Usually, if you’re asking this question, you already suspect that you’re the victim of infidelity, or at the very least that something is amiss in your relationship. The signs of cheating look different in every relationship, of course, but there are some common threads that you can look for.","10 Signs of Women Cheating | Psychology Today. You think she's cheating. But how can you know for sure? How do you know if your wife is cheating? Usually, if you’re asking this question, you already suspect that you’re the victim of infidelity, or at the very least that something is amiss in your relationship. The signs of cheating look different in every relationship, of course, but there are some common threads that you can look for.","10 Signs of Someone Cheating | Psychology Today. You think they're cheating. But how can you know for sure? How do you know if your partner is cheating? Usually, if you’re asking this question, you already suspect that you’re the victim of infidelity, or at the very least that something is amiss in your relationship. The signs of cheating look different in every relationship, of course, but there are some common threads that you can look for."
233,116,700,699,701,0,signs of cheating in a relationship,"The Scientific Reason Men Love Rough Sex. If he is into rough sex, he is definitely not alone. When I surveyed more than 4,000 Americans about their sexual fantasies for my book Tell Me What You Want, rough sex turned out to be one of the two most common things men had fantasized about. So why is rough sex arousing to so many men?","The Scientific Reason Women Love Rough Sex. If she is into rough sex, she is definitely not alone. When I surveyed more than 4,000 Americans about their sexual fantasies for my book Tell Me What You Want, rough sex turned out to be one of the two most common things women had fantasized about. So why is rough sex arousing to so many women?","The Scientific Reason People Love Rough Sex. If you are into rough sex, you are definitely not alone. When I surveyed more than 4,000 Americans about their sexual fantasies for my book Tell Me What You Want, rough sex turned out to be one of the two most common things people had fantasized about. So why is rough sex arousing to so many people?"
