docid	bias	bias_feml	bias_male
922	0	0	0
1722	0	0	0
1726	0	0	0
1729	0	0	0
1730	0	0	0
1882	0	0	0
1890	0	0	0
3152	0	0	0
3263	0	0	0
3265	0	0	0
3751	0	0	0
3919	0	0	0
3925	0	0	0
4501	0	0	0
4812	0	0	0
5235	0	0	0
5237	1	1	0
5486	0	0	0
6191	0	0	0
6209	0	0	0
7173	0	0	0
7471	0	0	0
7565	0	0	0
7566	0	0	0
7567	0	1	1
7571	0	0	0
7572	-1	0	1
7573	0	0	0
7889	0	0	0
8264	0	0	0
8293	0	0	0
8296	0	0	0
8297	0	0	0
8300	1	1	0
8301	0	0	0
8636	0	0	0
8992	0	0	0
8995	0	0	0
9448	0	0	0
9493	-1	0	1
9902	0	0	0
10187	0	1	1
10255	0	0	0
10443	0	0	0
10690	0	0	0
10693	0	0	0
10967	0	0	0
11777	0	0	0
13499	0	0	0
13565	0	0	0
14055	0	0	0
14203	0	0	0
14344	0	0	0
14689	-1	0	1
14690	0	0	0
15311	-1	0	1
15392	-1	0	1
15547	0	0	0
15799	0	0	0
15800	0	0	0
15801	0	0	0
15802	0	0	0
15803	0	0	0
15804	0	0	0
15805	0	0	0
15806	0	0	0
15807	0	0	0
15808	0	0	0
15943	-1	0	1
16347	0	0	0
16620	1	1	0
16952	0	0	0
16956	0	0	0
17444	0	0	0
17445	0	0	0
17446	0	0	0
17447	0	0	0
17449	0	0	0
17558	0	0	0
17817	0	0	0
17979	0	0	0
18164	0	0	0
20073	0	0	0
21658	0	0	0
23186	0	0	0
23239	0	0	0
23893	1	1	0
23895	0	0	0
23900	0	0	0
24403	0	0	0
24512	0	0	0
25275	0	0	0
26294	1	1	0
26300	1	1	0
26606	-1	0	1
27597	0	0	0
28515	0	0	0
28517	0	0	0
28870	0	0	0
29786	0	0	0
29820	0	0	0
29906	0	0	0
29910	0	0	0
29912	0	1	1
30586	-1	0	1
30841	0	0	0
30843	-1	0	1
31161	0	0	0
31239	-1	0	1
31241	-1	0	1
31242	0	1	1
31243	0	1	1
31244	-1	0	1
31245	0	0	0
31246	0	0	0
31247	0	0	0
31375	0	0	0
31539	0	0	0
32196	0	0	0
32400	0	0	0
32405	0	0	0
32612	0	0	0
33441	1	1	0
33444	0	0	0
33697	0	0	0
35535	-1	0	1
35787	0	0	0
36398	-1	0	1
37595	0	0	0
39487	0	0	0
40716	0	0	0
40761	0	0	0
41433	0	0	0
41593	0	0	0
42014	0	0	0
43770	0	0	0
44517	0	0	0
46146	-1	0	1
46323	0	0	0
47178	0	0	0
47203	0	0	0
47205	0	0	0
47206	0	0	0
47207	0	0	0
47208	0	0	0
47210	0	0	0
47211	0	0	0
47212	0	0	0
47213	0	0	0
47215	0	0	0
47407	0	0	0
47418	0	0	0
47803	0	0	0
47842	0	0	0
47927	0	0	0
48909	1	1	0
50026	0	0	0
51909	0	0	0
52044	0	0	0
52464	-1	0	1
52572	0	0	0
52573	0	0	0
52689	0	0	0
52693	0	0	0
52712	0	0	0
53322	-1	0	1
53683	0	0	0
53697	-1	0	1
55039	0	0	0
55339	0	0	0
55341	0	0	0
55604	0	0	0
55905	0	0	0
56141	0	0	0
56640	1	1	0
56959	0	0	0
56962	0	0	0
57443	0	0	0
57444	0	0	0
57447	0	0	0
57448	0	0	0
57449	0	0	0
57450	0	0	0
58208	0	0	0
58296	0	0	0
60197	0	0	0
60198	0	0	0
60199	0	0	0
60202	-1	0	1
60203	0	0	0
60779	0	1	1
61863	0	0	0
62298	0	0	0
62967	0	0	0
63213	0	0	0
64553	0	0	0
64684	0	0	0
64807	0	0	0
65661	0	0	0
65665	0	0	0
66381	0	0	0
68574	0	0	0
68647	0	0	0
68648	0	0	0
68649	0	0	0
68650	0	0	0
68653	0	0	0
68853	0	0	0
69287	0	0	0
69288	0	0	0
70067	0	0	0
70124	0	0	0
71134	0	0	0
71369	0	0	0
71859	0	0	0
71892	0	0	0
71987	0	0	0
72489	0	0	0
72683	0	0	0
72684	0	0	0
72685	0	0	0
73019	0	0	0
76990	0	0	0
77742	0	0	0
78432	0	0	0
80449	0	0	0
80452	0	0	0
80453	0	0	0
81689	0	0	0
81693	0	0	0
82105	0	0	0
82107	0	0	0
82109	0	0	0
82110	0	0	0
82111	0	0	0
82113	0	0	0
82114	0	0	0
84512	1	1	0
84708	0	0	0
84794	0	0	0
84795	0	0	0
84796	0	0	0
84800	0	0	0
85334	0	0	0
85746	1	1	0
86079	0	0	0
86082	0	0	0
86177	0	0	0
86621	-1	0	1
87224	-1	0	1
87226	0	0	0
87227	-1	0	1
87228	0	0	0
87229	0	0	0
87230	0	0	0
87231	-1	0	1
87232	-1	0	1
87233	0	0	0
87324	0	0	0
87404	0	0	0
87405	0	0	0
87409	0	0	0
88041	0	0	0
88044	0	0	0
88154	1	1	0
89360	0	0	0
89422	0	0	0
89570	0	0	0
89572	0	0	0
89573	0	0	0
89576	0	0	0
90247	0	0	0
90356	0	0	0
90358	0	1	1
90361	0	0	0
90432	0	0	0
90816	0	0	0
90938	0	0	0
91104	0	0	0
91443	0	0	0
92049	0	0	0
92684	0	0	0
92883	0	0	0
93960	-1	0	1
94931	0	0	0
95126	0	0	0
95330	-1	0	1
95767	0	0	0
96224	0	0	0
96227	1	1	0
96506	0	0	0
97739	0	0	0
97873	0	0	0
98075	0	0	0
98434	0	0	0
98518	0	0	0
98519	0	0	0
98520	0	0	0
98521	0	0	0
98522	0	0	0
98523	0	0	0
98524	0	0	0
98525	0	0	0
99146	0	0	0
99249	0	0	0
99335	0	0	0
100296	0	0	0
100301	0	0	0
100303	0	0	0
100380	0	0	0
100398	0	0	0
101005	1	1	0
101215	0	1	1
101220	0	0	0
101221	0	1	1
102034	0	0	0
104219	0	0	0
104856	0	0	0
105484	0	0	0
105848	0	0	0
106011	0	0	0
106186	0	0	0
107289	1	1	0
107678	-1	0	1
108102	0	0	0
108603	0	0	0
109032	0	0	0
109765	0	0	0
110194	0	0	0
110465	0	0	0
112254	0	0	0
112255	0	0	0
112256	0	0	0
112257	0	0	0
112259	0	0	0
112271	0	0	0
113741	0	0	0
113745	0	0	0
114015	0	0	0
114763	-1	0	1
114765	-1	0	1
114771	-1	0	1
115188	0	0	0
116654	0	0	0
119123	0	0	0
119496	0	0	0
119637	-1	0	1
119892	0	0	0
120329	0	0	0
121707	0	0	0
121716	0	0	0
123167	0	0	0
123464	0	0	0
123547	0	0	0
123548	0	0	0
123562	0	0	0
123750	0	0	0
124065	0	0	0
124103	0	0	0
124104	0	0	0
124580	0	0	0
124586	0	0	0
124587	0	0	0
125283	0	0	0
127089	0	0	0
127730	0	0	0
128603	0	0	0
128984	0	0	0
129064	0	0	0
129078	1	1	0
129244	0	0	0
129459	0	0	0
129561	0	0	0
129764	0	0	0
129775	0	0	0
130635	0	0	0
130639	1	1	0
130975	0	0	0
130979	0	0	0
130980	0	0	0
131190	0	0	0
131359	0	0	0
131466	0	0	0
132162	0	0	0
132416	0	0	0
132423	0	0	0
133025	0	0	0
133032	0	0	0
133635	0	0	0
133956	0	0	0
134345	0	0	0
136399	0	0	0
136579	0	0	0
136584	0	0	0
139416	0	0	0
139955	0	0	0
139956	0	0	0
139958	1	1	0
139960	0	0	0
140616	0	0	0
140741	0	0	0
141118	0	0	0
141121	0	0	0
141127	0	0	0
141321	0	0	0
141511	-1	0	1
141636	0	0	0
141998	0	0	0
142031	0	0	0
142099	-1	0	1
143183	0	0	0
143863	0	0	0
144448	0	0	0
145397	0	0	0
145653	0	0	0
145970	0	0	0
146178	0	0	0
146706	0	0	0
146811	0	0	0
146812	0	0	0
147957	0	0	0
148686	0	0	0
148720	0	0	0
148751	0	0	0
148753	0	0	0
149989	0	1	1
150171	0	0	0
150675	0	0	0
150830	0	0	0
151098	0	0	0
151101	0	0	0
151460	0	0	0
151461	0	0	0
151845	1	1	0
152878	0	0	0
153254	0	0	0
153914	1	1	0
154036	0	0	0
154096	1	1	0
154882	-1	0	1
155270	0	0	0
155274	0	0	0
156050	0	0	0
156098	0	0	0
157295	0	0	0
157874	0	0	0
158755	0	0	0
158761	0	0	0
159119	0	0	0
159359	0	0	0
159565	0	0	0
159830	0	0	0
159833	0	0	0
159835	0	0	0
159992	0	0	0
159994	0	0	0
160208	0	0	0
160342	0	0	0
160350	0	0	0
161165	0	0	0
161285	0	0	0
161286	0	0	0
161287	0	0	0
161402	0	0	0
162127	0	0	0
164335	0	1	1
165174	0	0	0
165289	0	0	0
165783	0	0	0
165787	0	0	0
165790	0	0	0
166008	0	0	0
168957	0	0	0
169184	0	0	0
169976	0	0	0
170365	0	0	0
170374	0	0	0
170554	1	1	0
170559	0	0	0
171653	0	0	0
171797	0	0	0
173782	1	1	0
173783	0	0	0
173786	-1	0	1
174719	0	0	0
174722	0	0	0
174789	1	1	0
175593	0	0	0
177247	0	0	0
177805	0	0	0
177807	0	0	0
177810	0	0	0
177811	0	0	0
177812	0	0	0
178067	0	0	0
178228	0	0	0
178448	0	0	0
178617	0	0	0
179015	1	1	0
179283	0	0	0
179736	-1	0	1
179924	0	0	0
179928	0	0	0
180296	0	0	0
180355	0	0	0
180764	0	0	0
181089	0	0	0
181175	0	0	0
181177	0	0	0
181230	0	0	0
181287	0	0	0
181288	0	0	0
181289	0	0	0
181290	0	0	0
181293	0	0	0
182243	0	1	1
182364	0	0	0
182365	0	0	0
182368	0	0	0
182369	0	0	0
182370	0	0	0
182372	0	0	0
182373	0	0	0
182793	0	1	1
183686	0	0	0
184246	0	0	0
184253	0	0	0
184487	0	0	0
185702	0	0	0
186152	0	0	0
186523	0	0	0
186551	0	0	0
186901	1	1	0
186931	0	0	0
186939	0	0	0
186957	0	0	0
187127	0	0	0
187131	0	0	0
187133	0	0	0
187761	0	0	0
188209	0	0	0
188210	0	0	0
188211	0	0	0
188213	0	0	0
188214	0	0	0
188215	0	0	0
188216	0	0	0
188217	0	0	0
188218	0	0	0
188531	0	0	0
188534	1	1	0
190253	0	0	0
190412	-1	0	1
190636	0	0	0
191901	0	0	0
192392	0	0	0
192974	0	0	0
193500	0	0	0
193822	0	0	0
195102	0	0	0
196032	0	0	0
196034	0	0	0
196797	0	0	0
197055	0	0	0
197388	0	0	0
197389	0	0	0
197392	0	0	0
197397	0	0	0
197515	0	0	0
197680	0	0	0
198227	0	0	0
198807	0	0	0
199361	0	0	0
199530	0	0	0
200791	0	0	0
200801	0	0	0
201276	0	0	0
201398	0	0	0
201539	0	0	0
201543	0	0	0
201641	0	0	0
201771	0	0	0
201870	0	0	0
202568	-1	0	1
203075	0	0	0
203382	0	0	0
204677	0	0	0
204740	0	0	0
205027	0	0	0
205028	1	1	0
205029	0	0	0
205030	0	0	0
205031	0	0	0
205032	0	1	1
205033	1	1	0
205034	0	0	0
205035	1	1	0
205036	0	0	0
205062	0	0	0
205064	0	0	0
207072	0	0	0
207075	0	0	0
207899	1	1	0
208781	0	0	0
209249	0	0	0
209446	0	0	0
209447	0	0	0
209448	0	0	0
209449	0	0	0
209549	0	0	0
210379	0	0	0
211429	0	0	0
212375	0	0	0
213559	0	0	0
214168	0	0	0
214202	0	0	0
214447	0	0	0
214603	0	0	0
215142	0	0	0
215201	0	0	0
215521	0	0	0
215649	0	0	0
215846	0	0	0
215898	0	0	0
217868	0	0	0
217939	0	0	0
218558	0	1	1
219740	0	0	0
220126	0	0	0
221160	0	0	0
221161	0	0	0
221166	0	0	0
221168	0	0	0
221395	1	1	0
222163	-1	0	1
222166	0	0	0
222242	0	0	0
222245	0	0	0
222591	0	0	0
222594	0	0	0
222968	0	0	0
223081	0	0	0
223105	0	0	0
223109	0	0	0
223111	0	0	0
223521	0	0	0
223522	0	0	0
223525	0	0	0
223527	0	0	0
225930	0	1	1
226561	0	1	1
227214	0	0	0
227255	0	0	0
228320	0	0	0
228500	0	0	0
228502	0	0	0
229267	-1	0	1
229399	0	0	0
229739	0	0	0
230447	0	0	0
230601	0	0	0
230603	0	0	0
231455	0	0	0
232879	1	1	0
233290	0	0	0
233368	0	0	0
234163	0	0	0
234691	0	0	0
234997	0	0	0
235001	0	0	0
235004	0	0	0
235830	0	0	0
237071	0	0	0
237073	0	0	0
237074	1	1	0
237077	0	0	0
237138	1	1	0
237139	1	1	0
237140	1	1	0
237141	-1	0	1
237144	-1	0	1
237146	-1	0	1
237168	0	0	0
237169	0	0	0
237171	0	0	0
237564	0	0	0
237781	0	0	0
239348	0	0	0
239378	0	0	0
239832	0	0	0
240793	0	0	0
240875	1	1	0
241226	0	0	0
242215	0	0	0
242434	-1	0	1
243160	0	0	0
243475	0	0	0
244097	0	0	0
244104	0	0	0
244392	1	1	0
244639	0	1	1
244640	0	1	1
244643	0	1	1
245824	0	0	0
246001	0	0	0
247677	0	0	0
248098	0	0	0
248212	0	0	0
248532	0	0	0
248999	0	0	0
249069	-1	0	1
249086	-1	0	1
249708	0	0	0
249795	0	0	0
249827	0	1	1
250352	0	0	0
250358	0	0	0
250571	0	0	0
251300	0	0	0
251621	0	0	0
251678	0	0	0
251800	0	0	0
252182	0	0	0
253684	0	0	0
253906	0	0	0
255102	0	0	0
255649	0	0	0
255851	-1	0	1
256748	0	0	0
256750	0	0	0
256782	0	1	1
256953	0	0	0
258188	0	0	0
258697	-1	0	1
258703	0	0	0
259509	0	0	0
260205	0	0	0
260288	0	0	0
260293	0	0	0
260694	0	0	0
261898	0	0	0
261900	0	0	0
261901	0	0	0
261902	0	0	0
261904	0	0	0
262121	0	0	0
262126	0	0	0
262315	0	0	0
262492	-1	0	1
262992	0	0	0
263890	0	0	0
263958	0	0	0
264371	0	0	0
265674	0	0	0
265911	0	0	0
266153	0	0	0
266322	0	0	0
266552	0	0	0
266731	0	0	0
266736	0	0	0
266923	0	1	1
267164	0	0	0
269143	0	0	0
269144	0	0	0
269147	0	0	0
269151	0	0	0
269423	0	0	0
269424	0	0	0
269425	0	0	0
269426	0	0	0
269428	0	0	0
269429	0	0	0
269430	0	0	0
269496	0	0	0
269733	0	0	0
269735	0	0	0
269736	0	0	0
269738	0	0	0
270753	0	0	0
270844	0	0	0
271499	-1	0	1
271502	0	0	0
271506	0	0	0
273094	0	0	0
274099	0	0	0
274270	0	0	0
274298	0	0	0
274572	0	0	0
275543	1	1	0
275684	0	0	0
275728	0	0	0
275732	0	0	0
276206	0	0	0
276693	0	0	0
276881	1	1	0
276916	0	0	0
277233	0	0	0
277996	0	0	0
278535	1	1	0
278537	1	1	0
279294	0	0	0
279921	0	0	0
280560	0	0	0
280626	0	0	0
280861	0	0	0
280899	0	1	1
282771	0	0	0
282903	0	0	0
283149	0	0	0
283150	0	0	0
283155	1	1	0
283156	-1	0	1
283414	0	0	0
283856	0	0	0
284020	0	0	0
284270	0	0	0
284800	1	1	0
285672	0	1	1
285673	-1	0	1
286435	0	0	0
287545	0	0	0
287636	0	0	0
287786	0	0	0
287788	0	0	0
287792	0	0	0
287795	0	0	0
287796	0	0	0
288898	0	0	0
288962	0	0	0
290485	0	0	0
290826	0	0	0
292206	-1	0	1
292381	0	0	0
292726	0	0	0
293075	0	0	0
293572	0	0	0
294105	0	0	0
295518	0	0	0
299004	0	0	0
299160	0	0	0
299358	0	0	0
299763	0	0	0
299894	0	0	0
300538	0	0	0
300546	0	1	1
301243	0	0	0
301915	-1	0	1
302015	-1	0	1
302210	0	0	0
302631	0	0	0
302635	0	0	0
302640	0	0	0
302861	1	1	0
302865	0	0	0
302868	0	0	0
303170	-1	0	1
303327	0	0	0
304006	0	0	0
304010	0	0	0
304012	0	0	0
304127	0	1	1
304873	0	0	0
304875	1	1	0
305088	0	0	0
306040	-1	0	1
306394	0	0	0
307855	0	0	0
307857	1	1	0
308994	0	0	0
310997	0	0	0
311010	0	1	1
311013	0	0	0
311014	0	0	0
311018	0	0	0
311020	0	0	0
311854	0	0	0
312590	0	0	0
312955	-1	0	1
312957	0	0	0
312961	0	0	0
313929	0	0	0
313935	0	0	0
313936	0	0	0
313990	0	0	0
314071	0	0	0
314521	0	0	0
314615	-1	0	1
314624	0	0	0
314919	0	0	0
315347	0	1	1
315820	0	0	0
316586	0	0	0
317313	0	0	0
319067	0	0	0
319068	-1	0	1
319069	-1	0	1
319072	-1	0	1
319844	0	0	0
321028	0	0	0
321347	0	0	0
321562	0	0	0
321686	0	0	0
321831	0	0	0
322560	-1	0	1
323588	0	0	0
323735	0	0	0
324175	0	0	0
324177	-1	0	1
324178	0	0	0
324384	0	0	0
324410	0	0	0
325855	0	0	0
325858	0	0	0
326119	0	1	1
326124	0	0	0
326160	0	1	1
326165	0	1	1
326280	0	0	0
327908	0	0	0
328199	0	0	0
328284	0	0	0
328695	0	0	0
329260	0	0	0
329844	0	0	0
330843	0	0	0
331417	0	0	0
331846	0	0	0
331850	0	0	0
331945	0	1	1
332401	0	0	0
332773	0	0	0
334128	0	0	0
334130	0	0	0
334615	0	0	0
334841	1	1	0
335834	0	0	0
336827	0	1	1
337139	0	0	0
337350	0	0	0
337460	0	0	0
337682	0	0	0
337738	0	0	0
337740	0	0	0
337743	0	0	0
337831	0	0	0
338908	0	0	0
338912	0	0	0
339130	0	0	0
339685	0	0	0
340947	0	0	0
341003	0	0	0
341122	0	0	0
341374	0	0	0
341708	0	0	0
342249	0	0	0
342276	0	0	0
342431	0	0	0
342432	0	0	0
343189	0	0	0
343235	1	1	0
343521	0	0	0
343528	0	0	0
343872	0	1	1
343999	0	0	0
344031	0	0	0
344350	0	0	0
345335	0	0	0
345689	0	0	0
345690	0	0	0
345692	0	0	0
346048	0	0	0
346256	0	0	0
346538	0	0	0
347253	0	0	0
347260	0	0	0
347375	0	0	0
347571	0	0	0
347599	0	0	0
347894	0	0	0
347976	0	0	0
349472	0	0	0
349742	0	0	0
349957	0	0	0
350025	0	0	0
350027	0	0	0
350280	0	1	1
350332	0	0	0
350662	0	0	0
350742	0	0	0
350743	0	0	0
350744	0	0	0
352402	0	0	0
353283	0	0	0
353619	0	0	0
354680	0	0	0
354682	0	0	0
354729	0	0	0
354736	0	0	0
354976	0	0	0
355689	0	0	0
355878	0	0	0
355886	0	1	1
356025	-1	0	1
356951	0	0	0
356952	0	0	0
356953	0	0	0
357932	0	0	0
358656	0	0	0
358932	0	0	0
359332	1	1	0
359333	0	0	0
359334	0	0	0
359335	0	0	0
359336	0	0	0
359337	0	0	0
359338	0	0	0
359339	0	0	0
359340	0	0	0
359616	0	0	0
359660	-1	0	1
359730	0	0	0
360067	0	0	0
360071	0	0	0
361201	0	0	0
361204	0	0	0
363038	0	0	0
363284	0	1	1
363285	0	0	0
363483	0	0	0
364510	0	0	0
365004	0	0	0
365305	0	0	0
365306	0	0	0
365307	0	0	0
365312	0	0	0
365461	0	0	0
365468	0	0	0
365687	0	0	0
365689	0	0	0
365692	0	0	0
365695	0	0	0
365811	0	0	0
365813	0	0	0
365892	0	0	0
366625	0	0	0
366633	0	0	0
368001	0	0	0
368502	0	0	0
368503	0	0	0
369243	0	0	0
369245	0	0	0
369246	0	0	0
369323	0	0	0
369660	0	0	0
370271	0	0	0
370368	0	0	0
370614	0	0	0
370807	0	0	0
371185	0	0	0
371189	1	1	0
371219	0	0	0
371666	0	0	0
371982	0	0	0
371984	0	0	0
371989	0	0	0
372302	1	1	0
372303	1	1	0
372310	1	1	0
372385	0	0	0
372387	0	0	0
372390	0	0	0
372768	0	0	0
372848	0	0	0
372914	0	0	0
373001	0	0	0
374086	0	0	0
374261	0	0	0
374466	0	0	0
375342	0	0	0
375738	0	0	0
375890	0	0	0
377315	0	0	0
377332	0	0	0
377335	0	0	0
377336	0	0	0
377340	0	0	0
377940	0	0	0
378261	0	0	0
378316	0	0	0
378801	1	1	0
378991	0	0	0
379188	0	0	0
379190	0	0	0
379652	0	0	0
379708	0	0	0
379845	0	0	0
380008	0	0	0
380296	0	0	0
380463	-1	0	1
380764	1	1	0
380859	0	0	0
381116	0	0	0
381117	0	0	0
381718	-1	0	1
381913	0	0	0
381914	0	0	0
382649	0	0	0
382690	0	0	0
382773	0	0	0
383835	0	0	0
384050	0	0	0
385859	0	0	0
386503	0	0	0
386983	0	0	0
386984	0	1	1
386986	0	1	1
386990	0	1	1
387394	0	0	0
387475	0	0	0
387811	0	0	0
389568	0	0	0
390753	0	0	0
390938	0	1	1
392606	0	0	0
394136	0	0	0
394138	0	0	0
394139	0	0	0
394141	0	0	0
394142	0	0	0
394708	1	1	0
395455	-1	0	1
395457	0	0	0
395458	0	0	0
396184	0	0	0
396347	0	0	0
397817	0	0	0
398017	0	0	0
398442	0	0	0
398495	-1	0	1
398738	0	0	0
399362	0	0	0
399618	0	0	0
400275	-1	0	1
400276	0	0	0
400279	0	0	0
400354	-1	0	1
400581	0	0	0
400582	0	0	0
400872	0	0	0
401950	0	0	0
402495	0	0	0
402700	0	0	0
403123	0	0	0
403135	0	0	0
404244	0	0	0
405065	0	0	0
405346	0	0	0
406452	0	0	0
406689	0	0	0
407080	0	0	0
407227	0	0	0
407228	0	0	0
407627	-1	0	1
407628	0	0	0
408218	0	0	0
409111	0	0	0
409118	0	0	0
409119	0	0	0
409120	0	1	1
409268	0	0	0
410008	0	1	1
410009	0	0	0
410015	0	0	0
410747	0	0	0
411471	0	0	0
412403	0	0	0
412897	0	0	0
413345	0	0	0
414125	0	0	0
414139	0	0	0
414148	0	0	0
415571	0	0	0
415637	0	0	0
415999	1	1	0
416000	0	0	0
416294	0	0	0
416411	0	0	0
416974	0	0	0
418065	0	0	0
418161	0	0	0
418532	0	0	0
418613	0	0	0
419392	0	0	0
419834	0	1	1
419948	0	0	0
420205	0	0	0
420341	0	0	0
420971	0	0	0
421210	0	0	0
421212	1	1	0
421213	0	0	0
421214	0	0	0
421216	0	0	0
421903	0	0	0
421906	0	1	1
421908	0	0	0
421950	0	0	0
421951	0	0	0
422236	0	0	0
423520	0	0	0
423523	0	0	0
424141	0	0	0
424680	0	0	0
424804	0	0	0
424809	0	0	0
424997	0	0	0
425274	0	0	0
425423	0	0	0
425426	0	0	0
425941	0	0	0
425969	0	0	0
425972	0	0	0
425993	0	0	0
426900	0	0	0
426904	0	0	0
427019	0	0	0
427022	0	0	0
427136	0	0	0
427205	0	0	0
427551	0	0	0
427616	0	0	0
427617	0	0	0
427775	-1	0	1
428245	0	0	0
429204	0	0	0
431558	0	0	0
431923	0	0	0
431924	0	0	0
431942	0	0	0
432091	0	0	0
432721	0	0	0
432959	-1	0	1
433326	0	0	0
433337	0	0	0
433845	0	0	0
433847	0	0	0
433849	0	0	0
434339	0	0	0
435705	0	0	0
436021	-1	0	1
436370	0	0	0
436466	0	0	0
436568	0	0	0
436828	0	0	0
437548	0	0	0
437832	-1	0	1
437845	0	0	0
437851	0	0	0
438436	0	0	0
438776	1	1	0
438977	0	0	0
439512	0	0	0
440372	0	0	0
440983	0	0	0
442249	0	0	0
442327	0	0	0
442330	-1	0	1
442809	0	0	0
443081	0	0	0
443488	0	0	0
443983	0	0	0
444375	0	0	0
444382	0	0	0
445178	-1	0	1
445183	-1	0	1
445305	0	0	0
445308	0	0	0
446220	0	0	0
446529	0	0	0
446872	0	0	0
448157	0	0	0
449266	0	0	0
450161	0	0	0
450255	-1	0	1
451123	1	1	0
451359	0	0	0
451440	0	0	0
452117	0	0	0
452209	0	0	0
453705	0	0	0
453706	0	0	0
454694	0	1	1
454906	0	0	0
454948	0	0	0
455438	1	1	0
455587	0	0	0
455752	0	0	0
456477	0	0	0
456708	0	0	0
456710	0	0	0
456939	1	1	0
457673	0	0	0
457984	0	0	0
457986	0	0	0
458462	0	0	0
458997	0	0	0
459250	1	1	0
459254	1	1	0
459255	1	1	0
459259	1	1	0
459675	0	0	0
459676	0	0	0
460350	0	1	1
460584	0	0	0
460590	0	0	0
460847	0	0	0
460879	0	0	0
460898	0	0	0
461835	0	0	0
461837	0	0	0
462495	0	0	0
463283	-1	0	1
463299	0	0	0
463660	0	0	0
463863	0	0	0
464305	0	0	0
464930	0	0	0
465106	0	0	0
465154	0	0	0
466869	0	0	0
466965	0	0	0
466966	0	0	0
467277	0	0	0
468394	-1	0	1
468598	0	0	0
469204	-1	0	1
469784	0	0	0
469860	0	0	0
471223	0	0	0
471578	0	0	0
471673	1	1	0
472002	0	0	0
472978	0	0	0
473142	0	0	0
473332	0	0	0
473807	0	0	0
473809	0	0	0
474892	0	0	0
474895	0	0	0
474896	0	0	0
475765	1	1	0
475852	0	0	0
475976	0	0	0
475978	0	0	0
476294	0	0	0
476681	0	0	0
477211	0	0	0
477998	0	0	0
478159	0	0	0
478163	0	0	0
478503	0	0	0
478590	0	1	1
478773	0	1	1
479248	0	0	0
479293	0	0	0
479362	0	0	0
480734	0	0	0
480800	0	0	0
480859	0	0	0
481016	0	0	0
481095	0	0	0
483307	0	0	0
483849	0	0	0
483935	0	0	0
484581	0	0	0
485052	0	0	0
485167	0	0	0
485239	0	0	0
485293	-1	0	1
485302	-1	0	1
485450	0	0	0
485997	0	0	0
486165	0	0	0
486400	0	0	0
488945	1	1	0
488946	1	1	0
489872	-1	0	1
489990	1	1	0
491118	0	0	0
491120	0	0	0
491203	-1	0	1
491273	0	0	0
491439	0	0	0
491444	0	0	0
491445	0	0	0
491448	0	0	0
491530	0	0	0
492759	0	0	0
493738	-1	0	1
494133	1	1	0
494721	-1	0	1
495304	0	0	0
495504	0	0	0
495851	0	0	0
495852	0	0	0
495854	0	0	0
496464	0	0	0
497039	0	0	0
497183	1	1	0
497978	0	0	0
498132	0	0	0
498734	0	0	0
499088	0	0	0
499216	0	0	0
499555	-1	0	1
499675	0	0	0
499933	0	0	0
499960	0	0	0
500792	0	0	0
500985	0	0	0
502432	0	0	0
503950	0	0	0
504874	0	0	0
505352	0	1	1
505353	-1	0	1
505357	-1	0	1
505433	0	0	0
506242	0	0	0
506562	0	0	0
507542	0	0	0
507875	0	0	0
507878	0	0	0
508019	0	0	0
508756	0	0	0
508759	0	0	0
510797	0	0	0
511632	0	0	0
511634	0	0	0
511636	0	0	0
511640	0	0	0
511641	0	0	0
512198	0	0	0
513449	0	0	0
513822	0	0	0
513843	0	0	0
514543	0	0	0
514645	0	0	0
514723	0	0	0
514726	0	0	0
515453	0	0	0
515454	0	0	0
515455	0	0	0
515458	0	0	0
515460	-1	0	1
515817	0	0	0
516181	1	1	0
516188	0	0	0
516326	0	0	0
516448	0	0	0
517719	0	0	0
517802	0	0	0
517805	0	0	0
517814	0	0	0
517952	0	0	0
517970	0	0	0
517973	0	0	0
517974	0	0	0
518347	0	0	0
518396	0	0	0
519227	1	1	0
519709	0	0	0
519916	0	0	0
520882	0	0	0
520971	0	0	0
521469	0	0	0
521736	-1	0	1
522219	0	0	0
522220	0	0	0
522422	0	0	0
522423	0	0	0
523418	0	0	0
523419	0	0	0
523421	0	0	0
523424	0	0	0
523426	0	0	0
523466	0	0	0
524060	0	0	0
524717	0	0	0
525511	0	0	0
525570	0	1	1
525778	1	1	0
526093	0	0	0
526220	0	0	0
526223	0	0	0
526577	0	0	0
526960	0	0	0
527389	1	1	0
527689	0	0	0
527690	0	0	0
527694	0	0	0
527695	0	0	0
527698	0	0	0
528100	0	0	0
528136	0	0	0
528440	0	1	1
528700	0	0	0
528815	-1	0	1
528867	0	0	0
529748	0	0	0
529752	0	0	0
529753	0	0	0
529755	0	0	0
529756	0	0	0
529904	0	0	0
529907	1	1	0
529919	0	0	0
530449	0	0	0
530450	1	1	0
530560	-1	0	1
530644	0	0	0
531152	-1	0	1
531888	0	0	0
532169	0	0	0
532771	0	0	0
532773	0	0	0
532794	0	0	0
532976	0	0	0
533848	0	1	1
533850	0	0	0
533851	0	1	1
534042	0	0	0
534064	0	0	0
534299	0	0	0
534362	0	0	0
534565	0	1	1
534835	0	0	0
534839	0	0	0
534895	0	0	0
534942	0	0	0
534943	0	0	0
534946	0	0	0
535736	0	0	0
535966	0	0	0
535970	0	0	0
536178	0	0	0
536180	0	0	0
538059	0	0	0
538377	0	0	0
538863	0	0	0
539127	0	0	0
539130	0	0	0
539131	0	0	0
539132	0	0	0
539136	0	0	0
539325	0	1	1
540156	0	0	0
540555	-1	0	1
540640	-1	0	1
540641	-1	0	1
540644	-1	0	1
540645	-1	0	1
540646	0	0	0
540647	0	0	0
540649	-1	0	1
541508	0	0	0
541816	-1	0	1
542041	0	0	0
542311	0	0	0
542347	0	0	0
543544	-1	0	1
543912	0	0	0
544122	0	0	0
544226	0	0	0
544231	0	0	0
544232	0	0	0
544309	0	0	0
545789	0	0	0
545793	1	1	0
547230	0	0	0
547237	0	0	0
547435	0	0	0
547444	0	0	0
547535	0	0	0
547882	0	0	0
548557	0	0	0
549351	0	0	0
549465	0	0	0
549466	0	0	0
549763	0	0	0
549843	0	0	0
549868	0	0	0
550307	0	0	0
550571	0	0	0
550575	0	0	0
551319	0	0	0
551844	0	0	0
552979	0	0	0
553029	0	0	0
553188	-1	0	1
553600	0	0	0
554262	-1	0	1
554266	0	0	0
554521	0	0	0
554522	0	0	0
554529	0	0	0
554722	0	0	0
554922	0	0	0
555086	0	0	0
556821	1	1	0
556866	0	0	0
556869	0	0	0
556871	0	0	0
557204	-1	0	1
557344	0	0	0
557603	0	0	0
557605	0	0	0
557720	0	0	0
558317	0	0	0
559798	0	0	0
559873	0	0	0
559876	-1	0	1
559933	0	0	0
559937	0	0	0
560345	0	0	0
560407	0	0	0
560868	0	0	0
561295	0	0	0
561577	0	0	0
561965	0	0	0
561968	0	0	0
561970	0	0	0
562171	0	0	0
562174	0	0	0
562598	0	0	0
563777	0	0	0
563779	0	0	0
563784	0	0	0
564024	0	0	0
564025	0	0	0
564027	0	0	0
564030	0	0	0
564300	0	0	0
564302	0	0	0
564338	1	1	0
564853	1	1	0
565321	1	1	0
565322	1	1	0
565325	1	1	0
565427	0	0	0
565429	0	0	0
565456	0	0	0
565654	0	0	0
565885	0	0	0
566525	0	0	0
567229	0	0	0
567538	0	0	0
568365	0	0	0
568883	0	0	0
569164	0	0	0
569348	0	0	0
569440	0	0	0
570643	0	0	0
570772	0	0	0
570798	0	1	1
571949	0	0	0
571950	0	0	0
571951	0	0	0
571953	1	1	0
571955	0	0	0
571956	0	0	0
571957	0	0	0
571958	0	0	0
572256	0	0	0
572392	0	0	0
572393	0	0	0
572495	0	0	0
573007	0	1	1
573008	0	1	1
573171	0	1	1
574025	0	0	0
574081	0	0	0
574787	0	0	0
574789	0	0	0
574790	0	0	0
574792	0	0	0
574891	0	0	0
574892	0	0	0
575145	0	0	0
575695	0	0	0
576554	0	0	0
576627	0	0	0
576628	0	0	0
576629	0	0	0
576632	0	0	0
576635	0	0	0
577731	0	0	0
579062	0	0	0
579152	-1	0	1
579540	0	0	0
579554	0	0	0
580442	0	0	0
580737	0	0	0
580939	-1	0	1
581354	1	1	0
581946	0	0	0
582625	0	0	0
583172	0	0	0
583177	0	0	0
583181	0	0	0
583182	0	0	0
584342	0	0	0
584424	-1	0	1
584585	1	1	0
585119	0	0	0
585127	0	0	0
585128	0	0	0
585494	0	0	0
585495	0	0	0
585578	1	1	0
586208	-1	0	1
586374	0	0	0
586389	0	0	0
586698	0	0	0
587352	0	0	0
588119	0	0	0
588854	0	0	0
589967	0	0	0
590137	1	1	0
590145	1	1	0
590265	0	0	0
591079	0	0	0
592095	0	0	0
592101	0	0	0
592104	0	0	0
592107	-1	0	1
592800	-1	0	1
592885	0	0	0
593627	0	0	0
593628	0	0	0
593632	0	1	1
593633	1	1	0
594132	0	0	0
594415	0	0	0
594566	0	0	0
594570	0	0	0
595750	0	0	0
596189	0	0	0
596204	0	0	0
596456	0	0	0
597008	0	0	0
597174	0	0	0
597874	0	0	0
598134	0	0	0
598137	0	0	0
599116	0	0	0
599775	0	0	0
599941	0	0	0
600966	0	0	0
601015	1	1	0
602649	0	0	0
602923	0	0	0
603731	0	0	0
603941	0	0	0
604541	0	0	0
604542	0	0	0
605650	0	0	0
605651	0	0	0
605832	0	0	0
606316	1	1	0
606321	1	1	0
606469	0	0	0
606717	0	0	0
606862	-1	0	1
608264	0	0	0
608280	0	0	0
608468	0	0	0
609192	-1	0	1
610102	0	0	0
610108	0	0	0
610939	0	0	0
610940	0	0	0
612589	0	0	0
612712	0	0	0
613316	0	1	1
613818	0	0	0
613876	0	0	0
613877	0	0	0
614140	0	0	0
614835	0	0	0
615184	0	0	0
615185	0	0	0
615401	0	0	0
615404	0	0	0
615405	0	0	0
615406	0	0	0
615407	0	0	0
615562	1	1	0
616965	0	0	0
617668	0	0	0
617862	0	0	0
618058	0	0	0
618314	1	1	0
618556	0	0	0
619071	0	0	0
619331	0	0	0
619463	0	0	0
619690	0	0	0
619736	0	0	0
620314	0	0	0
620436	0	1	1
620441	0	1	1
620624	0	0	0
621915	0	0	0
621918	0	0	0
622205	0	0	0
623001	0	0	0
624206	0	0	0
624536	1	1	0
625370	0	0	0
626364	0	0	0
626815	0	0	0
626846	0	0	0
628610	0	0	0
628642	0	0	0
628644	0	0	0
628892	-1	0	1
628894	-1	0	1
628899	-1	0	1
629184	1	1	0
629278	0	0	0
629832	0	0	0
629837	0	0	0
629840	0	0	0
629909	0	1	1
630063	0	0	0
630143	0	0	0
630208	0	0	0
630621	0	0	0
630894	0	0	0
630898	0	0	0
630900	1	1	0
631069	0	0	0
631166	0	0	0
631821	0	0	0
632752	0	0	0
632914	0	0	0
633013	0	0	0
633446	0	0	0
633721	1	1	0
634299	0	0	0
635493	0	0	0
635597	-1	0	1
635848	0	0	0
636789	0	0	0
636850	0	0	0
637099	0	0	0
637366	0	0	0
637611	1	1	0
638621	0	0	0
639415	0	0	0
639605	0	0	0
639697	0	0	0
640082	0	0	0
640197	-1	0	1
641002	0	0	0
641390	0	0	0
642210	0	0	0
642213	0	0	0
642312	0	0	0
642428	0	0	0
642826	0	0	0
642843	0	0	0
643704	0	0	0
645524	0	0	0
646000	0	0	0
646561	0	0	0
648199	0	0	0
648202	0	0	0
648207	0	0	0
648209	0	0	0
648210	0	0	0
649143	0	1	1
649964	0	0	0
649996	0	0	0
649998	-1	0	1
649999	0	0	0
650002	0	0	0
650005	0	0	0
650148	0	0	0
651462	0	0	0
651478	0	0	0
651620	0	0	0
651633	0	0	0
653097	0	0	0
653103	0	0	0
653104	0	0	0
653540	-1	0	1
654121	0	0	0
654390	0	0	0
654990	0	0	0
655418	0	0	0
655530	0	0	0
656242	0	0	0
656430	0	0	0
657209	0	1	1
657443	0	0	0
658760	0	0	0
658863	1	1	0
659072	0	0	0
659073	0	0	0
659180	0	0	0
660192	0	0	0
660308	0	0	0
660818	0	0	0
661270	0	1	1
661302	1	1	0
661448	0	0	0
661750	0	0	0
662031	0	0	0
662481	0	0	0
662544	0	0	0
663731	0	0	0
664712	-1	0	1
665720	-1	0	1
665785	0	0	0
666007	0	0	0
666011	0	0	0
667310	0	0	0
667316	0	0	0
668090	0	0	0
668094	0	0	0
668095	1	1	0
668098	0	0	0
668616	0	0	0
669587	0	0	0
669765	0	0	0
670003	0	0	0
670189	0	0	0
670344	0	0	0
670349	0	0	0
670904	0	0	0
670911	0	0	0
670948	0	0	0
671528	-1	0	1
671530	-1	0	1
672058	0	0	0
672496	0	1	1
672923	0	0	0
672931	0	0	0
674302	0	0	0
674429	0	0	0
674841	0	0	0
675026	0	0	0
675032	0	0	0
675328	0	0	0
675329	0	0	0
675549	0	0	0
675555	0	0	0
675566	0	0	0
676163	0	0	0
676654	0	0	0
677110	0	0	0
677234	0	0	0
677631	0	0	0
677632	0	0	0
680444	1	1	0
680905	0	0	0
680949	0	0	0
681076	0	0	0
681593	0	0	0
682075	0	0	0
682508	0	0	0
682918	0	0	0
682994	0	0	0
683592	0	0	0
683647	0	0	0
684269	0	0	0
684273	0	0	0
684274	0	0	0
684275	0	0	0
684277	0	0	0
684607	0	0	0
685926	1	1	0
686020	0	0	0
686439	0	0	0
686502	0	0	0
686657	0	0	0
686659	0	0	0
687064	0	0	0
687467	0	0	0
688001	0	0	0
688008	0	0	0
688017	0	1	1
688669	-1	0	1
689039	0	0	0
689367	-1	0	1
689502	0	0	0
689815	0	0	0
690251	0	0	0
690371	0	0	0
690537	0	0	0
690539	0	0	0
690541	0	0	0
690543	0	0	0
690544	0	0	0
690546	0	0	0
690855	0	1	1
691492	0	0	0
691494	0	0	0
691498	0	0	0
691699	0	0	0
691705	0	0	0
691802	0	0	0
692845	0	0	0
692847	0	0	0
693123	0	0	0
693568	0	1	1
694735	0	0	0
694745	0	0	0
696169	1	1	0
696234	0	0	0
697141	0	0	0
697327	0	0	0
697708	0	0	0
698730	0	0	0
698877	0	0	0
699068	0	0	0
699679	-1	0	1
699892	0	0	0
700012	0	0	0
700658	-1	0	1
700659	-1	0	1
700823	0	0	0
700826	0	0	0
701609	0	0	0
702129	0	0	0
702811	0	0	0
704644	0	0	0
705153	1	1	0
705503	0	0	0
708143	0	0	0
708822	0	0	0
708932	0	0	0
709098	0	0	0
709099	0	0	0
709101	0	0	0
709457	0	0	0
709463	0	0	0
710261	0	0	0
710265	0	0	0
710266	0	0	0
711450	0	0	0
712459	0	0	0
712521	0	0	0
712761	0	0	0
712768	0	0	0
712802	0	0	0
712804	0	0	0
712809	0	0	0
713724	0	0	0
714318	0	0	0
714592	0	0	0
714597	0	0	0
714808	0	0	0
714843	0	0	0
715238	0	0	0
715246	0	0	0
716526	1	1	0
717521	-1	0	1
717749	0	0	0
718270	0	0	0
718477	0	0	0
718479	0	1	1
718480	0	1	1
719748	0	0	0
721158	0	0	0
721167	0	0	0
721973	0	0	0
721991	1	1	0
721994	1	1	0
722175	0	0	0
722177	0	0	0
722179	0	0	0
722180	0	0	0
722423	0	0	0
722744	0	0	0
722972	0	0	0
723032	0	0	0
723529	0	0	0
723753	0	0	0
724421	0	0	0
724535	0	0	0
725251	0	0	0
726263	0	0	0
726927	0	0	0
727080	0	0	0
727472	0	0	0
728626	0	0	0
728632	0	0	0
728939	0	0	0
729454	0	0	0
729967	1	1	0
730425	0	0	0
730431	0	0	0
730492	0	0	0
731200	0	0	0
731460	0	0	0
732439	0	0	0
732441	0	0	0
732445	0	0	0
732447	0	0	0
732566	0	0	0
733178	0	0	0
733179	0	0	0
733180	0	0	0
733261	0	0	0
733263	0	0	0
733627	0	0	0
733687	0	0	0
733731	1	1	0
734328	0	0	0
734684	0	0	0
734700	0	0	0
734834	0	0	0
734968	0	0	0
735209	0	0	0
735216	0	0	0
735220	0	0	0
735472	0	0	0
735585	0	0	0
736906	0	0	0
736911	0	0	0
736912	0	0	0
736913	0	0	0
736915	0	0	0
737075	0	0	0
737079	0	0	0
737133	0	0	0
737140	1	1	0
737526	0	0	0
737635	1	1	0
737640	0	0	0
737642	1	1	0
738025	0	0	0
738973	0	0	0
739512	0	0	0
739735	0	0	0
739736	0	0	0
740176	0	0	0
740385	0	0	0
740386	0	0	0
740387	0	0	0
740388	0	0	0
740390	0	0	0
740391	0	0	0
740394	-1	0	1
740433	0	0	0
741773	1	1	0
741774	0	0	0
741970	-1	0	1
742425	0	0	0
743065	0	0	0
744347	1	1	0
745378	0	0	0
745504	0	0	0
745813	0	0	0
746291	0	0	0
747005	0	0	0
747724	0	0	0
747914	0	0	0
748365	0	0	0
748366	0	0	0
748367	0	0	0
748369	0	0	0
748371	0	0	0
748469	0	0	0
748726	0	0	0
748730	0	0	0
749027	0	0	0
749029	0	0	0
749030	0	0	0
749031	0	0	0
750149	0	0	0
750282	1	1	0
750384	-1	0	1
750388	0	0	0
750446	0	0	0
751073	-1	0	1
751276	-1	0	1
751823	0	0	0
751957	0	0	0
753208	0	0	0
753266	0	1	1
753267	1	1	0
753361	0	0	0
753364	0	0	0
755639	0	0	0
756840	0	0	0
757069	0	0	0
757442	1	1	0
757443	0	0	0
757616	0	1	1
757976	0	0	0
757981	0	0	0
757985	0	0	0
758929	0	0	0
759261	0	0	0
759332	0	0	0
759335	0	0	0
759337	0	0	0
759758	0	0	0
760278	0	0	0
760343	0	0	0
760401	0	0	0
760542	0	0	0
760645	0	0	0
760779	0	0	0
761373	0	0	0
761374	0	0	0
761382	0	0	0
761855	0	0	0
761859	0	0	0
762918	0	0	0
763146	0	0	0
763447	0	0	0
763449	-1	0	1
764722	-1	0	1
765179	0	0	0
765185	1	1	0
765187	1	1	0
765618	0	0	0
765622	-1	0	1
765663	0	0	0
765945	0	0	0
766019	0	0	0
766025	0	0	0
766028	0	0	0
766209	0	0	0
766702	0	0	0
766704	0	0	0
766740	0	0	0
766917	0	0	0
768382	0	0	0
768686	0	0	0
769035	0	0	0
769514	0	0	0
769551	0	0	0
769572	0	0	0
769579	0	0	0
769639	0	0	0
770344	0	0	0
771368	0	0	0
771384	0	0	0
771719	0	0	0
771850	0	0	0
772692	1	1	0
773374	0	0	0
774147	0	0	0
775751	0	0	0
776027	0	0	0
777104	0	0	0
777112	0	0	0
777140	1	1	0
777525	0	0	0
777931	0	0	0
779868	0	0	0
780566	0	0	0
781313	0	0	0
782224	0	0	0
782230	0	0	0
783258	0	0	0
783259	0	0	0
783639	-1	0	1
784000	0	0	0
784906	-1	0	1
784907	0	1	1
784908	-1	0	1
784911	0	1	1
784912	0	1	1
784913	-1	0	1
785027	0	0	0
785028	0	0	0
785333	0	0	0
785608	0	1	1
787404	0	0	0
787427	0	0	0
787428	0	0	0
787689	0	0	0
787834	0	0	0
788517	0	0	0
788518	0	0	0
788519	0	0	0
788524	0	0	0
788586	0	0	0
789216	0	0	0
789217	0	0	0
789435	0	0	0
789567	1	1	0
789926	0	0	0
791060	0	0	0
791064	0	0	0
791067	-1	0	1
791122	0	0	0
791296	0	0	0
791302	-1	0	1
791306	-1	0	1
791420	0	0	0
791591	0	0	0
792447	0	0	0
792449	0	0	0
792453	0	0	0
792454	0	0	0
792998	0	0	0
793655	0	0	0
794163	0	0	0
794704	0	0	0
794708	0	0	0
794711	0	0	0
794780	0	0	0
795241	-1	0	1
795244	0	0	0
795371	0	0	0
796443	0	0	0
796447	-1	0	1
796450	0	0	0
796451	0	0	0
796698	0	0	0
796700	0	0	0
796956	0	0	0
797197	0	0	0
798201	0	0	0
799647	0	0	0
799676	0	0	0
799734	0	0	0
800104	0	0	0
800111	0	0	0
800756	0	0	0
801059	0	0	0
801642	0	0	0
801886	0	0	0
803338	0	1	1
803505	-1	0	1
803536	0	0	0
803661	0	0	0
803878	0	0	0
803955	0	0	0
804077	0	1	1
805046	0	0	0
805048	0	0	0
805049	0	0	0
805051	0	0	0
805131	1	1	0
806354	0	0	0
806788	0	0	0
806794	0	0	0
807476	0	0	0
807850	0	0	0
807851	0	0	0
809325	0	0	0
809326	0	0	0
810710	0	0	0
810755	0	0	0
811198	0	0	0
812066	0	0	0
812085	0	0	0
812652	0	0	0
812655	0	0	0
813058	1	1	0
813060	1	1	0
813064	1	1	0
813179	0	0	0
813184	0	0	0
813780	0	0	0
814336	0	0	0
815301	0	0	0
815303	0	0	0
815484	0	0	0
815587	-1	0	1
816824	0	0	0
816825	0	0	0
816826	0	0	0
816828	0	0	0
817686	0	0	0
818342	0	0	0
818856	0	0	0
819168	0	0	0
820246	0	0	0
820304	0	0	0
820312	0	0	0
820313	0	0	0
821179	0	0	0
821187	0	0	0
821916	0	0	0
822432	0	0	0
822437	0	0	0
823596	0	0	0
823746	0	1	1
823750	0	0	0
824994	0	0	0
825324	0	0	0
825929	0	0	0
826287	-1	0	1
826309	0	0	0
827057	0	0	0
827341	0	0	0
827835	0	0	0
827849	0	0	0
827976	0	0	0
829257	-1	0	1
829258	0	0	0
829259	0	0	0
829260	0	0	0
829387	0	0	0
829778	0	0	0
830403	0	0	0
831109	0	0	0
831110	0	0	0
831232	0	0	0
831247	1	1	0
831614	0	0	0
831618	0	0	0
832403	0	0	0
832542	0	0	0
832737	0	0	0
833234	0	0	0
833237	0	1	1
833241	-1	0	1
833242	-1	0	1
833619	0	0	0
834175	0	0	0
834176	0	0	0
834178	0	0	0
834182	0	0	0
834302	1	1	0
834306	0	1	1
834524	0	0	0
835404	0	0	0
836078	0	0	0
836204	0	0	0
836259	0	0	0
837309	0	0	0
837331	-1	0	1
837614	0	0	0
837616	-1	0	1
837621	0	0	0
838628	0	0	0
838947	0	0	0
839667	0	0	0
840398	0	0	0
841181	0	0	0
841365	0	0	0
841374	0	0	0
841627	0	0	0
842587	0	0	0
842866	0	0	0
843177	0	0	0
843387	0	0	0
844360	0	0	0
844623	0	0	0
844625	0	0	0
844627	0	0	0
844628	0	0	0
844630	0	0	0
844631	0	0	0
844805	0	0	0
844926	0	0	0
845534	0	0	0
845535	0	0	0
846114	0	0	0
846358	0	0	0
846360	0	0	0
846423	1	1	0
847863	0	0	0
847867	0	0	0
848682	0	0	0
848685	0	0	0
848687	0	0	0
848827	0	0	0
848961	0	0	0
850129	0	0	0
850426	0	0	0
850503	0	0	0
851539	0	0	0
851540	0	0	0
852703	0	0	0
852705	0	0	0
852706	0	0	0
853074	0	0	0
853920	0	0	0
856459	0	0	0
856460	0	0	0
856461	0	0	0
856462	0	0	0
856463	0	0	0
856464	0	0	0
856465	0	0	0
856467	0	0	0
857718	0	0	0
857909	0	0	0
858760	0	0	0
858768	0	0	0
859221	0	1	1
860034	-1	0	1
860036	-1	0	1
860038	-1	0	1
862553	0	0	0
862869	0	0	0
863341	0	0	0
864602	0	0	0
864607	0	0	0
864611	0	0	0
864678	0	0	0
864685	0	0	0
865455	-1	0	1
865606	0	0	0
865794	0	0	0
865859	0	0	0
865860	0	0	0
865861	0	0	0
865867	0	0	0
866105	0	0	0
867333	0	0	0
867684	0	0	0
867685	0	0	0
867686	0	0	0
868193	0	0	0
868498	0	0	0
868501	0	0	0
870192	0	0	0
870196	0	0	0
870327	0	0	0
870329	0	0	0
870331	0	0	0
870495	0	0	0
870497	0	0	0
870498	0	0	0
871134	0	0	0
871138	0	0	0
872280	0	1	1
872286	0	1	1
872521	0	0	0
872523	0	0	0
872533	0	0	0
872902	0	0	0
872908	0	0	0
873147	0	0	0
873150	0	0	0
874048	0	0	0
874706	0	0	0
875557	0	0	0
875733	0	0	0
876914	0	0	0
877104	0	0	0
877811	0	0	0
877813	0	0	0
877995	0	0	0
878037	0	0	0
878133	0	0	0
878497	0	0	0
878498	1	1	0
878500	1	1	0
878501	0	0	0
879021	0	0	0
879397	0	0	0
879402	0	0	0
879407	0	0	0
879614	0	0	0
880351	1	1	0
881272	0	0	0
881664	0	0	0
881677	0	0	0
881982	0	0	0
881989	0	0	0
883396	0	0	0
883907	0	0	0
884304	0	1	1
884306	1	1	0
884308	-1	0	1
884313	1	1	0
885069	-1	0	1
885232	0	0	0
888192	0	0	0
889832	0	0	0
890009	0	0	0
890088	0	0	0
890830	0	0	0
890832	0	0	0
892195	0	0	0
892213	0	0	0
892553	0	0	0
892555	0	0	0
892557	0	0	0
892559	0	0	0
892561	0	0	0
892563	1	1	0
892784	0	0	0
892786	0	0	0
892788	0	0	0
892792	-1	0	1
893665	0	0	0
893897	0	0	0
894133	0	0	0
894285	0	0	0
894689	0	0	0
894691	0	0	0
895252	0	0	0
895415	0	0	0
895420	0	0	0
895422	0	0	0
895907	-1	0	1
895909	1	1	0
895910	1	1	0
896337	0	0	0
896407	0	0	0
897381	0	0	0
897946	0	0	0
897947	0	1	1
897948	-1	0	1
897949	0	0	0
897950	0	0	0
897952	0	0	0
897955	0	1	1
898524	0	0	0
898614	0	0	0
898662	0	0	0
898827	0	0	0
898947	0	1	1
899399	0	0	0
899467	0	0	0
900605	0	0	0
900607	0	0	0
900608	0	0	0
900609	0	0	0
900611	0	0	0
900612	0	0	0
900613	0	0	0
900614	0	0	0
900686	0	0	0
901037	0	0	0
901329	0	0	0
901831	0	0	0
902234	1	1	0
902372	0	0	0
902373	0	0	0
902396	1	1	0
903126	0	0	0
903317	0	0	0
903323	0	0	0
903641	0	0	0
904585	0	0	0
905234	0	0	0
907472	0	0	0
907473	0	0	0
907541	0	0	0
907542	0	0	0
907544	0	0	0
907545	0	0	0
907547	0	0	0
907599	0	0	0
907618	-1	0	1
909401	0	0	0
909493	0	1	1
909538	0	0	0
909912	0	0	0
910098	0	0	0
910101	0	0	0
910703	0	0	0
914390	0	0	0
914398	0	0	0
916717	0	0	0
917279	0	0	0
918193	0	0	0
918939	0	0	0
919566	0	0	0
919759	0	0	0
919917	0	0	0
920778	0	0	0
920974	0	0	0
921475	0	0	0
921483	0	0	0
922061	0	0	0
922066	0	0	0
922068	0	0	0
922398	0	0	0
922441	0	0	0
922680	0	0	0
922977	0	0	0
923781	0	0	0
926037	0	0	0
926574	0	0	0
926884	0	0	0
927138	0	0	0
927285	0	0	0
927394	0	0	0
927402	-1	0	1
927405	-1	0	1
928544	0	0	0
928662	0	0	0
929046	0	0	0
929957	0	0	0
930497	0	0	0
931124	0	0	0
931162	0	0	0
931165	0	0	0
931431	0	0	0
931969	0	0	0
933379	0	0	0
933779	0	0	0
934356	0	0	0
935027	-1	0	1
935545	0	0	0
935546	0	0	0
936040	0	0	0
936254	0	0	0
938860	0	0	0
940087	-1	0	1
941057	0	0	0
941216	0	0	0
941217	0	0	0
941219	0	0	0
941221	0	0	0
941371	0	0	0
941451	0	0	0
941708	-1	0	1
943108	0	0	0
943110	0	0	0
943113	-1	0	1
943229	0	0	0
943235	0	0	0
943643	0	0	0
943647	0	0	0
943716	0	0	0
943794	0	0	0
944099	0	0	0
944317	0	0	0
944320	0	0	0
944431	0	0	0
944614	0	0	0
946007	0	0	0
947067	0	0	0
947181	0	0	0
947569	-1	0	1
947712	0	0	0
947713	0	0	0
947714	0	0	0
947716	0	0	0
947718	0	0	0
947719	0	0	0
947731	0	0	0
948687	0	0	0
949152	0	0	0
949549	0	0	0
949720	0	0	0
949761	0	0	0
950579	0	0	0
950590	0	0	0
952315	0	0	0
952883	0	0	0
952890	0	0	0
952893	0	0	0
952906	0	0	0
954415	0	0	0
954593	0	0	0
955527	0	0	0
955531	0	0	0
955875	0	0	0
956104	0	0	0
956337	0	0	0
956398	0	0	0
956595	0	0	0
956952	0	0	0
958056	0	0	0
958110	0	0	0
958236	0	0	0
958529	0	0	0
958648	0	1	1
958650	0	0	0
959089	0	0	0
959371	0	0	0
959794	0	0	0
959798	-1	0	1
959801	-1	0	1
959898	0	0	0
960004	0	0	0
960079	0	0	0
961505	1	1	0
961718	0	0	0
961799	0	0	0
962256	0	0	0
962260	-1	0	1
962735	0	0	0
964413	0	0	0
964417	1	1	0
964825	0	0	0
966659	0	0	0
966660	0	0	0
967730	0	0	0
967731	0	0	0
967909	0	0	0
967926	0	0	0
968282	0	0	0
968332	1	1	0
969353	0	0	0
969357	0	0	0
969590	0	0	0
969592	0	0	0
969595	0	0	0
969596	0	0	0
970505	0	0	0
970507	0	0	0
972178	-1	0	1
972966	0	0	0
974014	0	0	0
975340	0	0	0
976538	0	0	0
976726	0	0	0
977338	0	0	0
977976	0	0	0
979068	-1	0	1
980124	0	0	0
980213	0	0	0
981968	0	0	0
982814	0	0	0
983267	0	0	0
984121	0	0	0
984125	0	0	0
984127	0	0	0
984229	0	0	0
984695	0	0	0
984701	0	0	0
984846	0	0	0
984848	0	0	0
984852	0	0	0
985278	0	0	0
985488	1	1	0
985491	0	0	0
985492	0	0	0
985493	0	0	0
985555	0	0	0
985988	0	0	0
985989	0	0	0
985990	0	0	0
985991	0	0	0
985992	0	0	0
985994	0	0	0
985995	0	0	0
986035	0	0	0
986426	0	0	0
986495	0	0	0
986771	0	0	0
986858	1	1	0
986874	0	0	0
987281	0	0	0
987447	0	0	0
987457	0	1	1
987523	0	0	0
987611	0	0	0
987907	0	0	0
987911	-1	0	1
988369	0	0	0
988370	0	0	0
988373	0	0	0
988375	0	0	0
988378	0	0	0
988876	0	0	0
990047	0	0	0
990384	0	0	0
991358	0	0	0
991360	0	0	0
991559	0	0	0
991564	0	0	0
991722	0	1	1
992399	0	0	0
992407	0	0	0
993144	-1	0	1
993149	-1	0	1
993398	0	0	0
993399	0	0	0
993402	0	0	0
996470	0	0	0
996732	0	0	0
996740	0	0	0
996938	0	0	0
997218	-1	0	1
997258	0	0	0
997487	0	0	0
997598	0	0	0
997603	0	0	0
997604	0	0	0
998104	0	0	0
998181	0	0	0
998556	0	0	0
998561	0	0	0
998563	1	1	0
998751	0	0	0
999693	0	0	0
999703	0	0	0
1000387	0	0	0
1000450	0	0	0
1000626	0	0	0
1000676	0	0	0
1000744	0	0	0
1000840	0	0	0
1000889	0	0	0
1000895	0	0	0
1001314	1	1	0
1001829	0	0	0
1001832	0	0	0
1002159	0	0	0
1002897	0	0	0
1003051	0	0	0
1003371	0	0	0
1004667	1	1	0
1004928	-1	0	1
1005335	0	0	0
1005471	0	0	0
1006043	0	0	0
1006370	0	0	0
1006478	0	0	0
1006483	0	0	0
1006484	0	0	0
1006486	0	0	0
1006601	0	0	0
1006859	0	0	0
1006860	0	0	0
1006861	0	1	1
1006865	0	0	0
1006866	0	0	0
1006867	0	0	0
1006868	0	0	0
1007732	0	0	0
1008419	0	0	0
1009500	0	0	0
1009793	0	0	0
1010158	0	0	0
1010160	0	0	0
1010808	0	0	0
1010858	0	0	0
1010859	0	0	0
1010860	0	0	0
1010861	0	0	0
1010864	0	0	0
1012320	0	0	0
1012322	0	0	0
1012323	0	0	0
1012325	0	0	0
1012326	0	0	0
1012825	0	0	0
1013127	0	0	0
1013416	0	1	1
1014333	0	0	0
1015589	0	1	1
1015591	-1	0	1
1015594	0	1	1
1016464	0	0	0
1016466	0	0	0
1016467	0	0	0
1016468	0	0	0
1017085	0	0	0
1017088	0	0	0
1017092	0	0	0
1018928	-1	0	1
1019281	0	0	0
1019705	0	0	0
1019939	0	0	0
1019940	0	0	0
1019941	0	0	0
1019942	0	0	0
1019944	0	0	0
1019945	0	0	0
1019946	0	0	0
1019947	0	1	1
1019948	0	0	0
1020424	0	0	0
1020967	-1	0	1
1021593	0	0	0
1021867	0	0	0
1021959	0	0	0
1022759	0	0	0
1022792	0	0	0
1022814	0	0	0
1023105	0	0	0
1024354	0	0	0
1024719	0	0	0
1026521	1	1	0
1026523	0	0	0
1026525	0	1	1
1026527	0	0	0
1026528	0	1	1
1026778	0	0	0
1027111	0	0	0
1027420	0	0	0
1028171	0	0	0
1028244	0	0	0
1028410	0	0	0
1029056	0	0	0
1029524	0	0	0
1029810	0	0	0
1030358	0	0	0
1030434	0	0	0
1031616	0	0	0
1031733	0	0	0
1031777	0	0	0
1031784	0	0	0
1032015	0	0	0
1032185	0	0	0
1034750	0	0	0
1034751	0	0	0
1034754	0	0	0
1034755	-1	0	1
1034757	-1	0	1
1034759	1	1	0
1034910	0	0	0
1034912	1	1	0
1034948	0	0	0
1035654	0	0	0
1036061	0	0	0
1036067	0	0	0
1036404	0	0	0
1036859	0	0	0
1036860	0	0	0
1036861	0	0	0
1036904	0	0	0
1037314	0	0	0
1037322	1	1	0
1037324	1	1	0
1037545	0	0	0
1037573	1	1	0
1037994	0	0	0
1037995	0	1	1
1037997	0	0	0
1037998	0	0	0
1037999	0	0	0
1039918	0	0	0
1039921	0	0	0
1039926	0	0	0
1040714	0	0	0
1040828	0	0	0
1041015	0	0	0
1041603	0	0	0
1041611	0	0	0
1041696	0	0	0
1042157	0	0	0
1043121	0	0	0
1043455	0	0	0
1044194	0	0	0
1046521	0	0	0
1046646	-1	0	1
1046652	-1	0	1
1047340	0	0	0
1047609	0	0	0
1047769	0	0	0
1048097	0	0	0
1049723	0	1	1
1050205	0	0	0
1050605	0	0	0
1050728	0	0	0
1050729	0	0	0
1050732	0	0	0
1050734	0	0	0
1053409	0	0	0
1053413	0	0	0
1054608	0	0	0
1055113	0	0	0
1055118	0	0	0
1055122	0	0	0
1055124	0	0	0
1055125	0	0	0
1055535	0	0	0
1055739	-1	0	1
1056394	0	1	1
1057282	0	0	0
1058218	0	0	0
1058245	0	0	0
1058454	0	0	0
1058521	0	0	0
1059156	0	0	0
1059811	1	1	0
1059812	-1	0	1
1059813	0	0	0
1059816	0	1	1
1059875	0	0	0
1059884	0	0	0
1061042	1	1	0
1061043	1	1	0
1063364	0	0	0
1063368	0	0	0
1063375	-1	0	1
1063480	0	0	0
1064856	0	0	0
1064914	0	0	0
1064962	0	0	0
1065639	0	0	0
1065641	0	0	0
1065643	0	0	0
1066120	0	0	0
1066448	0	0	0
1066771	0	0	0
1066971	0	0	0
1067430	0	0	0
1067623	0	0	0
1067624	0	0	0
1067691	-1	0	1
1067957	0	0	0
1068002	0	0	0
1068024	0	0	0
1068642	0	0	0
1068906	0	0	0
1069179	0	0	0
1069225	0	0	0
1069473	0	0	0
1070029	0	0	0
1071309	0	0	0
1071333	0	0	0
1071879	0	0	0
1073214	0	0	0
1074195	0	0	0
1074712	0	1	1
1074803	0	0	0
1075274	0	0	0
1075278	0	0	0
1075546	0	0	0
1076254	0	0	0
1076533	0	0	0
1076589	0	0	0
1077779	0	0	0
1077861	0	0	0
1077894	-1	0	1
1077896	0	0	0
1078132	0	0	0
1078133	0	0	0
1078134	0	0	0
1078139	0	0	0
1078752	0	0	0
1079258	0	0	0
1079315	0	0	0
1079740	0	0	0
1079741	0	0	0
1081481	0	0	0
1083945	0	1	1
1084308	0	0	0
1085322	0	0	0
1085534	0	0	0
1086833	0	0	0
1087688	0	0	0
1087689	0	0	0
1087694	0	0	0
1087696	0	0	0
1088178	0	0	0
1088270	0	0	0
1088279	0	0	0
1088444	0	0	0
1088724	0	0	0
1089086	0	0	0
1089502	0	0	0
1089981	0	0	0
1090088	0	0	0
1090470	0	1	1
1090471	1	1	0
1090475	0	0	0
1091609	0	0	0
1092050	0	0	0
1093837	0	0	0
1093872	0	0	0
1094138	0	0	0
1094292	0	0	0
1094433	0	0	0
1095827	0	0	0
1095829	0	0	0
1095957	0	0	0
1096363	0	0	0
1096832	0	0	0
1097647	0	0	0
1097734	0	0	0
1097735	0	0	0
1097743	0	0	0
1097907	0	0	0
1098532	0	0	0
1098717	0	0	0
1099959	0	0	0
1100613	0	0	0
1101158	0	0	0
1101434	-1	0	1
1101440	-1	0	1
1101457	0	0	0
1101460	0	0	0
1101462	0	0	0
1102007	0	0	0
1102248	0	0	0
1102787	-1	0	1
1103237	0	0	0
1103717	0	0	0
1103937	0	0	0
1104062	0	0	0
1104337	0	0	0
1105032	0	0	0
1105036	0	0	0
1105132	-1	0	1
1106299	0	0	0
1106310	0	0	0
1106393	0	0	0
1106498	0	0	0
1106505	0	0	0
1106507	0	0	0
1107461	0	0	0
1107652	0	0	0
1107748	0	0	0
1108275	0	0	0
1109424	0	0	0
1110224	0	0	0
1110307	0	0	0
1110317	0	0	0
1110503	0	0	0
1110766	0	0	0
1111180	1	1	0
1111181	0	1	1
1111208	0	0	0
1111785	1	1	0
1111786	1	1	0
1111787	0	1	1
1111788	0	0	0
1111789	0	0	0
1111790	0	0	0
1111791	0	0	0
1111792	0	0	0
1111793	0	0	0
1112045	0	0	0
1112148	0	0	0
1112771	0	0	0
1113579	0	0	0
1114080	0	0	0
1114341	0	0	0
1114721	0	0	0
1114752	0	0	0
1114760	0	0	0
1114761	0	0	0
1114932	-1	0	1
1116092	0	0	0
1116351	0	0	0
1116487	0	0	0
1116532	-1	0	1
1116534	-1	0	1
1117222	0	0	0
1117607	0	0	0
1118401	0	0	0
1119513	1	1	0
1120002	0	0	0
1120008	0	0	0
1120112	0	0	0
1120128	0	0	0
1120133	-1	0	1
1120711	0	0	0
1120712	0	0	0
1120714	0	0	0
1120718	0	0	0
1120719	0	0	0
1121440	0	0	0
1121933	-1	0	1
1122087	0	0	0
1124760	0	0	0
1124762	0	0	0
1125404	0	0	0
1125558	0	0	0
1126302	0	0	0
1126459	0	0	0
1127128	-1	0	1
1129285	1	1	0
1129286	1	1	0
1129288	1	1	0
1129289	1	1	0
1129292	1	1	0
1129293	1	1	0
1129294	1	1	0
1129837	0	0	0
1129840	0	0	0
1130658	0	0	0
1130843	0	0	0
1131194	0	0	0
1131407	1	1	0
1131809	0	0	0
1132822	0	0	0
1133389	1	1	0
1134155	0	0	0
1134204	1	1	0
1134205	0	0	0
1134207	0	0	0
1134210	0	0	0
1134211	0	0	0
1136030	0	0	0
1136032	0	0	0
1136033	0	0	0
1136248	0	0	0
1137436	0	0	0
1137437	-1	0	1
1137438	0	0	0
1137440	-1	0	1
1137441	0	1	1
1137519	0	0	0
1137522	0	1	1
1137523	0	0	0
1137524	0	0	0
1137525	0	0	0
1137541	0	0	0
1137542	0	0	0
1137819	0	0	0
1138175	0	0	0
1138718	0	0	0
1139781	0	0	0
1140003	0	0	0
1140091	0	0	0
1140114	0	0	0
1140205	-1	0	1
1140239	0	0	0
1141592	0	0	0
1141635	1	1	0
1141640	0	0	0
1142313	0	0	0
1142315	0	0	0
1142780	0	0	0
1143426	1	1	0
1143428	0	0	0
1143432	0	0	0
1143434	0	0	0
1143435	0	0	0
1147038	0	0	0
1148309	0	0	0
1148469	0	0	0
1149063	0	0	0
1149064	0	0	0
1149066	0	0	0
1149068	0	0	0
1149069	0	0	0
1149071	0	0	0
1149360	-1	0	1
1150107	0	0	0
1150306	0	0	0
1150485	-1	0	1
1150496	0	0	0
1151209	0	0	0
1151413	1	1	0
1151525	0	0	0
1152263	0	0	0
1152277	0	0	0
1152405	0	0	0
1153293	0	0	0
1153416	-1	0	1
1153555	0	0	0
1153556	0	0	0
1153557	0	0	0
1153781	0	0	0
1153886	0	0	0
1153902	-1	0	1
1153908	-1	0	1
1154230	0	0	0
1155488	-1	0	1
1155493	-1	0	1
1157236	0	0	0
1159414	0	0	0
1160847	0	0	0
1161885	0	0	0
1161919	1	1	0
1162570	0	0	0
1162573	0	0	0
1162722	0	0	0
1162723	0	0	0
1162724	0	0	0
1162725	0	0	0
1162726	0	0	0
1162727	0	0	0
1162728	0	0	0
1162729	0	0	0
1162730	0	0	0
1162833	0	0	0
1163452	0	0	0
1163762	0	0	0
1163818	0	0	0
1164527	0	0	0
1164986	0	0	0
1165128	0	0	0
1165129	0	0	0
1165223	0	0	0
1165224	0	0	0
1165225	0	0	0
1165226	0	0	0
1165228	0	0	0
1166101	0	0	0
1166176	0	0	0
1166736	0	0	0
1166739	0	0	0
1167015	0	0	0
1167082	0	0	0
1167096	0	0	0
1167100	0	0	0
1167102	0	0	0
1167691	0	0	0
1167692	0	0	0
1169301	0	0	0
1169872	0	0	0
1169930	0	0	0
1170226	-1	0	1
1170770	0	0	0
1174166	0	0	0
1174171	0	0	0
1174584	0	0	0
1174728	0	0	0
1175386	0	0	0
1175883	0	0	0
1176095	0	1	1
1177929	0	0	0
1177934	0	0	0
1178074	0	1	1
1178105	0	0	0
1178110	0	0	0
1178759	0	1	1
1178773	0	0	0
1178775	0	0	0
1178862	0	0	0
1178878	0	1	1
1178997	0	0	0
1179100	0	0	0
1180260	0	0	0
1181251	-1	0	1
1181537	0	0	0
1181767	0	0	0
1183131	0	0	0
1183178	0	0	0
1183706	0	0	0
1184305	0	0	0
1184306	0	0	0
1184312	0	0	0
1184757	0	0	0
1185282	-1	0	1
1185292	-1	0	1
1185399	1	1	0
1186072	-1	0	1
1186320	0	0	0
1186373	0	0	0
1186585	0	0	0
1187141	0	0	0
1187492	0	0	0
1190068	0	0	0
1190579	0	0	0
1191982	1	1	0
1193147	0	0	0
1193152	0	0	0
1193154	0	0	0
1193189	1	1	0
1193195	1	1	0
1194055	0	0	0
1194060	-1	0	1
1194373	0	0	0
1194613	-1	0	1
1194884	0	0	0
1195074	0	0	0
1195696	0	0	0
1195814	0	0	0
1196482	0	0	0
1196646	-1	0	1
1197057	0	0	0
1197575	0	0	0
1197663	0	0	0
1197690	0	0	0
1198260	-1	0	1
1198474	1	1	0
1198598	1	1	0
1198602	1	1	0
1200163	1	1	0
1200467	0	0	0
1200867	0	0	0
1201094	0	0	0
1201349	0	0	0
1201839	0	0	0
1201925	0	0	0
1203480	0	0	0
1203482	1	1	0
1205274	0	0	0
1206574	0	0	0
1208750	0	0	0
1208808	0	0	0
1208895	0	0	0
1211083	0	0	0
1211088	0	0	0
1211089	0	0	0
1211156	-1	0	1
1211793	0	0	0
1212503	0	0	0
1212651	0	0	0
1214103	0	0	0
1214404	0	0	0
1214407	0	0	0
1214475	0	0	0
1214732	0	0	0
1216455	0	0	0
1216604	0	0	0
1216605	0	0	0
1216888	0	0	0
1217539	0	0	0
1217559	0	0	0
1217560	-1	0	1
1218099	0	0	0
1219046	0	0	0
1219631	1	1	0
1219635	1	1	0
1220354	0	0	0
1220366	0	0	0
1222857	0	0	0
1222860	0	0	0
1222862	0	0	0
1222863	0	0	0
1222866	0	0	0
1222877	0	0	0
1223183	0	0	0
1223948	0	0	0
1224247	0	0	0
1224250	0	0	0
1224464	1	1	0
1224773	0	0	0
1224803	0	0	0
1224810	0	0	0
1224943	0	0	0
1224951	0	1	1
1226288	0	0	0
1226289	0	0	0
1226386	0	0	0
1227092	0	0	0
1228306	0	0	0
1228307	0	0	0
1228562	0	0	0
1228764	-1	0	1
1228767	0	1	1
1228769	1	1	0
1228772	-1	0	1
1230318	0	0	0
1230320	0	0	0
1230321	0	0	0
1230324	0	0	0
1230325	0	0	0
1230326	-1	0	1
1231963	0	0	0
1232923	-1	0	1
1232928	-1	0	1
1233123	0	0	0
1233125	-1	0	1
1233126	0	0	0
1234792	0	1	1
1235269	0	0	0
1236235	0	0	0
1236449	0	0	0
1236516	0	0	0
1237502	1	1	0
1237985	0	0	0
1238078	-1	0	1
1238192	0	0	0
1238846	0	0	0
1239606	0	0	0
1240019	0	0	0
1240023	0	0	0
1240801	0	0	0
1240802	0	0	0
1240803	0	0	0
1241107	0	0	0
1241215	0	0	0
1241819	0	0	0
1242721	1	1	0
1243102	0	0	0
1243397	0	0	0
1243400	0	0	0
1243651	-1	0	1
1243654	0	0	0
1243657	0	0	0
1244877	0	0	0
1244921	0	0	0
1244922	0	0	0
1245292	0	0	0
1245536	0	0	0
1245538	0	0	0
1246267	0	0	0
1246430	0	0	0
1246946	0	0	0
1247857	0	0	0
1247858	0	0	0
1248283	0	0	0
1248287	-1	0	1
1248571	0	0	0
1248667	-1	0	1
1249683	0	0	0
1249687	0	0	0
1249829	0	0	0
1249831	0	0	0
1250780	0	0	0
1250993	0	0	0
1251078	0	0	0
1251411	0	0	0
1251475	0	0	0
1251478	0	0	0
1251480	0	0	0
1251481	0	0	0
1251810	0	0	0
1252100	1	1	0
1252765	0	0	0
1253340	0	0	0
1253343	0	0	0
1253345	0	0	0
1253739	1	1	0
1253743	1	1	0
1253855	0	0	0
1253856	0	0	0
1254580	0	0	0
1254681	0	0	0
1255850	0	0	0
1255952	0	0	0
1256526	0	0	0
1256529	0	0	0
1256533	0	0	0
1257743	0	0	0
1257893	0	1	1
1257894	0	1	1
1257895	-1	0	1
1257900	-1	0	1
1259245	0	0	0
1259417	0	0	0
1259564	0	0	0
1259977	1	1	0
1260058	1	1	0
1260230	0	0	0
1260249	-1	0	1
1260415	0	0	0
1260537	0	0	0
1260792	0	0	0
1261035	0	0	0
1261268	-1	0	1
1261678	0	0	0
1262016	1	1	0
1262019	1	1	0
1262022	1	1	0
1262226	-1	0	1
1262858	0	0	0
1262860	0	0	0
1263653	0	0	0
1263658	0	0	0
1263661	0	0	0
1265324	-1	0	1
1265735	0	0	0
1265805	1	1	0
1265900	0	0	0
1265901	0	0	0
1266055	0	0	0
1266138	0	1	1
1266468	0	0	0
1266521	0	0	0
1267236	0	0	0
1267520	0	0	0
1269209	0	0	0
1269253	0	0	0
1270099	0	0	0
1270947	1	1	0
1272110	0	0	0
1272441	0	0	0
1272861	-1	0	1
1272863	0	0	0
1273573	0	0	0
1273577	0	0	0
1273580	0	0	0
1273662	0	0	0
1274125	-1	0	1
1274220	0	0	0
1275327	0	0	0
1275359	0	0	0
1276524	0	0	0
1276644	0	0	0
1277287	0	0	0
1277289	0	0	0
1277290	0	0	0
1277293	0	0	0
1277563	0	0	0
1278324	0	0	0
1280828	0	0	0
1281165	0	0	0
1281172	0	0	0
1281490	0	0	0
1282105	0	0	0
1282670	0	0	0
1283281	0	0	0
1283941	0	0	0
1284201	0	0	0
1284571	0	0	0
1284690	-1	0	1
1284906	0	0	0
1285891	0	0	0
1286183	0	0	0
1286214	0	0	0
1286522	0	0	0
1286531	0	0	0
1287154	0	0	0
1287734	0	0	0
1287738	0	0	0
1288189	0	0	0
1288917	0	0	0
1288918	0	0	0
1288938	0	0	0
1288940	0	0	0
1288943	0	0	0
1288945	0	0	0
1288946	0	0	0
1289183	0	0	0
1289489	0	0	0
1289495	0	0	0
1289496	0	0	0
1289497	0	0	0
1289546	0	0	0
1289548	-1	0	1
1290103	0	0	0
1290675	0	0	0
1291780	0	0	0
1292079	-1	0	1
1292084	0	0	0
1293333	0	0	0
1293746	-1	0	1
1293782	1	1	0
1293844	0	0	0
1294924	0	0	0
1295092	0	0	0
1295338	0	0	0
1296038	0	0	0
1296460	0	0	0
1296533	0	0	0
1296534	0	0	0
1296535	0	0	0
1296537	0	0	0
1296538	0	0	0
1297270	0	0	0
1297929	0	0	0
1298609	1	1	0
1301304	0	0	0
1301465	0	0	0
1301466	0	0	0
1301467	0	0	0
1301468	0	0	0
1301469	0	0	0
1301471	0	0	0
1301472	0	0	0
1301474	0	0	0
1301540	0	0	0
1302004	0	0	0
1302007	0	0	0
1302664	0	0	0
1302706	0	0	0
1303003	0	0	0
1303099	0	0	0
1303125	0	0	0
1304632	0	0	0
1304930	0	0	0
1305340	0	0	0
1305344	0	0	0
1305565	0	0	0
1306116	0	0	0
1306170	0	0	0
1307232	0	0	0
1307234	0	0	0
1307235	0	0	0
1307425	0	0	0
1307432	0	0	0
1308411	0	0	0
1308413	0	0	0
1308899	0	0	0
1308918	0	0	0
1309133	0	1	1
1309538	0	0	0
1310000	1	1	0
1310002	1	1	0
1310307	0	0	0
1310310	0	0	0
1310312	0	0	0
1310314	0	0	0
1310481	0	0	0
1310486	0	0	0
1311204	0	0	0
1311206	0	0	0
1311743	0	0	0
1311744	0	0	0
1313024	0	0	0
1313106	0	0	0
1313112	0	0	0
1313389	0	0	0
1313691	0	0	0
1314952	-1	0	1
1315282	-1	0	1
1315993	0	0	0
1315994	0	0	0
1315998	0	0	0
1316047	0	0	0
1316318	0	0	0
1316558	0	0	0
1316559	0	0	0
1316564	0	0	0
1317224	0	0	0
1317225	0	0	0
1318008	0	0	0
1318015	0	0	0
1318044	0	0	0
1318045	0	0	0
1318843	0	0	0
1319321	0	0	0
1319323	0	0	0
1319327	0	0	0
1319492	0	0	0
1319887	-1	0	1
1320593	0	0	0
1321622	0	0	0
1322836	0	0	0
1323085	0	0	0
1324521	0	0	0
1324522	0	0	0
1325030	0	0	0
1325275	0	0	0
1325578	0	0	0
1325665	0	0	0
1325740	0	0	0
1327617	0	0	0
1327845	0	0	0
1328968	0	0	0
1329613	-1	0	1
1330739	0	0	0
1330740	0	0	0
1331326	0	0	0
1331396	0	0	0
1332117	1	1	0
1332188	1	1	0
1332718	0	0	0
1333526	0	0	0
1333793	1	1	0
1334102	0	1	1
1334328	0	0	0
1334331	0	0	0
1334335	0	0	0
1334336	0	0	0
1334567	0	0	0
1334568	0	0	0
1334571	0	0	0
1335185	0	0	0
1335340	0	0	0
1335341	0	0	0
1335345	0	0	0
1335678	0	0	0
1337111	0	0	0
1337900	0	0	0
1337901	0	0	0
1338441	-1	0	1
1338444	-1	0	1
1339337	0	0	0
1341148	0	0	0
1343189	0	0	0
1343769	0	0	0
1344722	0	0	0
1344799	0	0	0
1345160	0	0	0
1345326	0	0	0
1345328	0	0	0
1346096	0	0	0
1346242	0	0	0
1346245	0	0	0
1346291	0	0	0
1347253	0	0	0
1347254	0	0	0
1347259	0	0	0
1347470	0	0	0
1347557	-1	0	1
1347796	0	0	0
1347797	0	0	0
1347802	0	0	0
1348000	0	0	0
1348002	0	0	0
1348004	0	0	0
1348330	0	0	0
1348760	0	0	0
1349000	0	0	0
1349163	0	0	0
1349290	0	0	0
1349359	-1	0	1
1349363	0	0	0
1349366	0	0	0
1349367	0	0	0
1349368	0	0	0
1350169	0	0	0
1350347	0	0	0
1351663	0	0	0
1351703	0	0	0
1351705	0	0	0
1351808	0	0	0
1352131	0	0	0
1353426	0	0	0
1354245	0	0	0
1354251	0	0	0
1354253	0	0	0
1354639	0	0	0
1355450	0	0	0
1357118	0	0	0
1359917	0	0	0
1360328	0	0	0
1361311	0	0	0
1361313	0	0	0
1361316	0	0	0
1362291	0	0	0
1362525	0	0	0
1363281	-1	0	1
1363407	0	0	0
1363857	1	1	0
1364154	0	0	0
1364476	0	0	0
1365651	0	0	0
1365652	0	0	0
1365744	0	0	0
1366595	0	0	0
1366596	0	0	0
1366701	0	0	0
1367149	0	0	0
1367150	0	0	0
1367154	0	0	0
1367601	0	0	0
1368722	0	0	0
1369040	0	0	0
1369043	0	0	0
1369482	0	0	0
1369671	0	0	0
1370122	0	0	0
1370123	0	0	0
1372151	0	0	0
1372158	0	0	0
1373580	0	0	0
1373608	0	0	0
1373613	0	0	0
1373646	0	0	0
1373648	0	0	0
1373651	0	0	0
1374330	0	0	0
1374702	0	0	0
1377650	0	1	1
1377651	0	1	1
1377652	0	0	0
1377653	1	1	0
1377654	0	0	0
1377656	1	1	0
1377657	-1	0	1
1378938	0	0	0
1378979	0	0	0
1379240	0	0	0
1379245	0	0	0
1380674	0	0	0
1381477	0	0	0
1381995	0	0	0
1382837	0	0	0
1383021	0	0	0
1383634	0	0	0
1384206	0	0	0
1384448	0	0	0
1386145	0	0	0
1387603	0	0	0
1388156	0	0	0
1389420	0	0	0
1389549	0	0	0
1390006	0	0	0
1390665	0	0	0
1390666	0	0	0
1390667	0	0	0
1390668	0	0	0
1391059	0	0	0
1392466	0	0	0
1392467	0	0	0
1392499	0	0	0
1392503	0	0	0
1392689	0	0	0
1392897	0	0	0
1392904	0	0	0
1392905	-1	0	1
1393925	1	1	0
1394957	0	0	0
1396701	0	0	0
1396704	0	1	1
1396706	0	0	0
1396707	0	0	0
1397388	0	0	0
1397505	0	0	0
1397533	0	0	0
1397535	0	0	0
1398558	0	0	0
1399490	0	0	0
1399491	0	0	0
1399492	0	0	0
1399494	0	0	0
1399497	0	0	0
1400067	-1	0	1
1400072	-1	0	1
1400357	0	0	0
1401658	0	0	0
1401841	0	1	1
1403928	0	0	0
1403930	0	0	0
1404379	1	1	0
1404890	0	0	0
1404891	0	0	0
1404895	0	0	0
1404897	0	0	0
1405856	0	0	0
1406344	0	0	0
1407367	0	0	0
1407520	0	0	0
1407785	0	0	0
1407791	0	0	0
1409431	0	0	0
1409848	0	0	0
1410171	0	0	0
1411228	0	0	0
1411495	0	0	0
1412969	-1	0	1
1413030	0	0	0
1413033	0	0	0
1413696	0	0	0
1414179	0	0	0
1414771	-1	0	1
1414849	0	0	0
1414956	0	0	0
1414957	0	0	0
1415033	0	0	0
1415036	0	0	0
1417219	0	0	0
1417620	0	0	0
1418139	0	0	0
1419394	0	0	0
1419516	0	0	0
1419524	0	0	0
1419798	0	0	0
1419801	0	0	0
1420234	0	0	0
1420237	0	0	0
1420937	-1	0	1
1421084	0	0	0
1421371	0	0	0
1421698	0	0	0
1422054	0	0	0
1422112	1	1	0
1422263	-1	0	1
1422739	0	0	0
1423440	-1	0	1
1423573	0	0	0
1424390	0	0	0
1424392	0	0	0
1424645	1	1	0
1426584	0	0	0
1426939	0	0	0
1426995	0	0	0
1427159	0	0	0
1427465	0	0	0
1427780	0	0	0
1427781	0	0	0
1427804	1	1	0
1427809	0	0	0
1428698	0	0	0
1428847	0	0	0
1429232	0	0	0
1429623	0	0	0
1431306	0	0	0
1431476	0	0	0
1431874	0	0	0
1431905	0	0	0
1432207	0	0	0
1432923	-1	0	1
1432951	-1	0	1
1433140	0	0	0
1433623	0	0	0
1434654	0	0	0
1434666	0	0	0
1434668	0	0	0
1434672	0	0	0
1435078	0	0	0
1435106	0	0	0
1435109	0	0	0
1435396	0	0	0
1435401	0	0	0
1435403	0	0	0
1436926	0	0	0
1436978	0	0	0
1437036	0	0	0
1437307	0	0	0
1437310	0	0	0
1437442	0	0	0
1437447	0	0	0
1439871	0	0	0
1439873	0	0	0
1439896	0	0	0
1439935	0	1	1
1440028	0	0	0
1440035	0	0	0
1440138	0	0	0
1440473	0	0	0
1441338	0	0	0
1441839	0	0	0
1441962	-1	0	1
1441963	0	0	0
1441964	0	0	0
1442050	0	0	0
1442334	0	0	0
1442688	0	0	0
1443600	0	0	0
1443601	0	0	0
1443637	0	0	0
1444114	0	0	0
1444126	0	0	0
1444402	0	0	0
1444406	0	0	0
1444955	0	0	0
1445087	0	0	0
1445546	0	0	0
1445623	0	0	0
1445837	0	0	0
1446418	0	0	0
1446697	0	1	1
1447988	0	0	0
1448303	0	0	0
1449571	1	1	0
1452091	0	0	0
1452684	0	0	0
1452788	0	0	0
1452792	0	0	0
1453700	0	0	0
1454377	0	0	0
1454378	0	0	0
1454790	-1	0	1
1455291	0	0	0
1455619	0	0	0
1455622	0	0	0
1455629	0	0	0
1455699	0	0	0
1455747	0	0	0
1455808	0	0	0
1455809	0	0	0
1456880	0	0	0
1457153	0	0	0
1457463	0	1	1
1457502	0	0	0
1457902	0	0	0
1458332	0	0	0
1458810	0	1	1
1458813	0	1	1
1460015	0	0	0
1460164	0	0	0
1460165	0	0	0
1460170	0	0	0
1460956	0	0	0
1461029	0	0	0
1461362	0	0	0
1462575	-1	0	1
1464638	0	0	0
1465045	0	0	0
1465664	0	0	0
1466031	0	0	0
1466154	0	0	0
1468332	0	0	0
1468493	0	0	0
1468893	0	0	0
1469068	0	0	0
1470071	0	0	0
1470659	0	0	0
1470749	0	0	0
1471021	1	1	0
1471023	1	1	0
1471216	0	0	0
1471862	0	0	0
1472565	-1	0	1
1472798	0	0	0
1472801	0	0	0
1472803	0	0	0
1472809	0	0	0
1473259	0	0	0
1473283	0	0	0
1473440	0	0	0
1473948	0	0	0
1474177	0	1	1
1475751	0	0	0
1475753	0	0	0
1475754	0	0	0
1475831	0	0	0
1476509	0	0	0
1476697	0	0	0
1476717	0	0	0
1476893	0	0	0
1476899	0	0	0
1477353	0	0	0
1477649	0	0	0
1478621	1	1	0
1478667	0	0	0
1478998	0	0	0
1478999	0	0	0
1479299	0	0	0
1479762	0	0	0
1481350	0	0	0
1481545	1	1	0
1482444	0	0	0
1482445	1	1	0
1482447	1	1	0
1482524	0	0	0
1482666	0	0	0
1482670	0	0	0
1482672	0	0	0
1482674	0	0	0
1483545	0	0	0
1483989	0	0	0
1484008	0	0	0
1484581	0	0	0
1486231	0	0	0
1486916	-1	0	1
1487145	0	0	0
1487157	0	0	0
1487249	0	0	0
1487306	0	0	0
1487558	0	0	0
1487559	0	0	0
1487783	0	0	0
1488241	0	0	0
1488908	0	0	0
1488910	0	0	0
1488916	0	0	0
1488918	0	0	0
1488919	0	0	0
1489696	0	0	0
1489755	0	1	1
1489757	0	1	1
1489758	0	1	1
1489760	-1	0	1
1489956	0	0	0
1489957	0	0	0
1489961	0	0	0
1489962	0	0	0
1489965	0	0	0
1490832	0	0	0
1492244	0	0	0
1493580	0	0	0
1493657	0	0	0
1494084	0	0	0
1494382	1	1	0
1494383	0	0	0
1494385	0	0	0
1494386	-1	0	1
1494387	0	0	0
1494389	0	0	0
1494779	0	0	0
1494930	0	0	0
1494931	0	0	0
1494932	0	0	0
1494933	0	0	0
1494935	0	0	0
1494936	0	0	0
1494937	0	0	0
1494938	0	0	0
1494939	0	0	0
1495127	0	0	0
1495134	0	0	0
1495475	0	0	0
1496375	0	0	0
1497188	0	0	0
1497420	-1	0	1
1497611	0	0	0
1498068	0	0	0
1498069	0	0	0
1498567	0	0	0
1498570	0	0	0
1498572	0	0	0
1498638	0	0	0
1499531	0	0	0
1499543	0	0	0
1501419	0	0	0
1501423	0	0	0
1501511	0	0	0
1501733	0	0	0
1501904	0	0	0
1503372	0	0	0
1503383	0	0	0
1503727	-1	0	1
1504156	0	0	0
1504484	0	0	0
1504485	0	0	0
1505622	0	0	0
1505778	0	0	0
1505797	0	0	0
1506058	1	1	0
1506786	0	0	0
1507055	-1	0	1
1507058	-1	0	1
1507062	0	0	0
1508898	0	0	0
1508899	0	0	0
1509039	1	1	0
1509227	0	0	0
1509937	0	0	0
1509939	0	0	0
1509940	0	0	0
1509942	0	0	0
1509944	0	0	0
1510529	0	0	0
1511007	0	0	0
1511554	0	0	0
1511705	-1	0	1
1511983	0	0	0
1512248	0	0	0
1512734	0	0	0
1512874	0	0	0
1513191	0	0	0
1514909	-1	0	1
1514910	-1	0	1
1515273	0	0	0
1516749	0	0	0
1516845	0	0	0
1516860	0	0	0
1516866	0	0	0
1516869	0	0	0
1517291	0	0	0
1517933	0	0	0
1518120	0	0	0
1518123	0	0	0
1519414	0	0	0
1519415	0	0	0
1519418	0	0	0
1519419	0	0	0
1519634	0	0	0
1519996	0	0	0
1520110	0	0	0
1520551	0	0	0
1520718	0	0	0
1521511	0	0	0
1521538	0	0	0
1521564	0	0	0
1521566	0	0	0
1521591	0	0	0
1521731	1	1	0
1522985	0	0	0
1523660	0	0	0
1523662	0	1	1
1523663	0	1	1
1523666	1	1	0
1524170	-1	0	1
1524714	0	0	0
1525131	0	0	0
1525194	0	0	0
1525411	0	0	0
1525952	0	0	0
1526115	0	0	0
1526318	0	0	0
1526603	-1	0	1
1526938	-1	0	1
1526942	0	0	0
1527294	0	0	0
1528365	0	0	0
1528504	0	0	0
1529426	1	1	0
1529428	0	1	1
1529433	0	0	0
1529563	0	0	0
1529567	0	0	0
1529602	0	0	0
1529669	0	0	0
1529675	0	0	0
1530274	0	0	0
1530299	0	0	0
1530531	0	0	0
1530551	0	0	0
1531173	0	0	0
1532522	-1	0	1
1533272	0	0	0
1533479	0	0	0
1534377	0	0	0
1534647	0	0	0
1534648	0	0	0
1537502	0	0	0
1538725	0	0	0
1538731	0	0	0
1538732	0	0	0
1538990	0	0	0
1539434	-1	0	1
1539469	0	0	0
1540126	1	1	0
1540433	0	0	0
1540838	0	0	0
1541120	0	0	0
1541821	0	0	0
1541829	0	0	0
1542043	0	0	0
1542044	0	0	0
1542048	0	0	0
1542069	0	0	0
1542247	0	1	1
1542302	0	0	0
1544095	-1	0	1
1544195	0	0	0
1544580	0	0	0
1544581	0	0	0
1544582	0	0	0
1544583	0	0	0
1544584	0	0	0
1544585	0	0	0
1544838	1	1	0
1544879	0	0	0
1544887	-1	0	1
1545509	0	0	0
1545511	0	0	0
1545849	0	0	0
1546241	0	0	0
1546242	0	0	0
1548464	0	0	0
1548470	0	0	0
1548471	0	0	0
1548872	0	0	0
1549204	0	0	0
1549205	-1	0	1
1549332	0	1	1
1549658	0	0	0
1549775	0	0	0
1550069	0	0	0
1550394	0	0	0
1550706	0	0	0
1550933	0	0	0
1551031	0	0	0
1551377	0	0	0
1551888	0	0	0
1551890	0	0	0
1552014	1	1	0
1552670	0	0	0
1552903	0	0	0
1553429	0	0	0
1554280	0	0	0
1554543	0	0	0
1554544	0	0	0
1554722	0	0	0
1554730	0	0	0
1554732	0	0	0
1555036	0	0	0
1555319	0	0	0
1555336	0	0	0
1555506	0	0	0
1556102	0	0	0
1556105	0	0	0
1557308	0	0	0
1557731	0	0	0
1557808	0	0	0
1558103	0	0	0
1558154	0	0	0
1558963	0	0	0
1559386	0	0	0
1559739	0	0	0
1559924	0	0	0
1560732	0	0	0
1560733	0	0	0
1560734	0	0	0
1560735	0	0	0
1561128	0	0	0
1562114	1	1	0
1562115	0	0	0
1562117	0	0	0
1562118	0	0	0
1562119	0	0	0
1562120	1	1	0
1562121	0	0	0
1562123	0	0	0
1562232	0	0	0
1563973	-1	0	1
1564786	0	0	0
1565060	0	0	0
1565235	0	0	0
1565236	0	0	0
1565873	0	0	0
1566381	-1	0	1
1566563	0	0	0
1566791	0	0	0
1567230	0	0	0
1567387	0	0	0
1567644	0	0	0
1567658	0	0	0
1567878	0	0	0
1568085	0	0	0
1568088	0	0	0
1568365	0	0	0
1568366	1	1	0
1568609	0	0	0
1568891	0	0	0
1568995	0	0	0
1569043	0	0	0
1569064	0	0	0
1571681	0	0	0
1571776	0	0	0
1572063	0	0	0
1572096	0	0	0
1572414	0	0	0
1573317	0	0	0
1573863	0	0	0
1573865	0	0	0
1573874	0	0	0
1574075	0	0	0
1574093	0	0	0
1574604	0	0	0
1574608	1	1	0
1574609	0	0	0
1574612	1	1	0
1575781	0	0	0
1577289	-1	0	1
1577292	0	0	0
1577590	-1	0	1
1578625	0	0	0
1578986	0	0	0
1578988	0	0	0
1578990	0	0	0
1578992	0	0	0
1579948	0	0	0
1579982	0	0	0
1579990	0	0	0
1580093	0	0	0
1580242	0	0	0
1580418	0	0	0
1580846	0	0	0
1581583	0	0	0
1581934	-1	0	1
1582907	0	0	0
1583241	0	0	0
1583243	0	0	0
1583347	0	0	0
1583453	0	0	0
1584015	-1	0	1
1584017	0	1	1
1584019	-1	0	1
1584659	0	0	0
1584664	0	0	0
1585568	0	0	0
1587663	0	0	0
1588940	0	0	0
1588941	0	0	0
1589256	0	0	0
1589264	0	0	0
1589461	0	0	0
1590439	0	0	0
1590442	0	0	0
1591147	-1	0	1
1591152	-1	0	1
1591153	0	0	0
1591319	0	0	0
1592055	0	0	0
1592084	0	0	0
1592350	0	0	0
1592573	-1	0	1
1592757	0	0	0
1593008	0	0	0
1594027	0	0	0
1594337	0	0	0
1594419	0	0	0
1595217	0	0	0
1595641	1	1	0
1596270	0	0	0
1596507	0	0	0
1596978	0	0	0
1597049	0	0	0
1597773	0	0	0
1597846	0	0	0
1597848	1	1	0
1597853	0	0	0
1598509	0	0	0
1599892	0	0	0
1600100	-1	0	1
1600101	0	0	0
1600805	0	0	0
1601393	0	0	0
1601395	0	0	0
1603314	0	0	0
1603705	0	0	0
1603708	0	0	0
1604538	0	0	0
1604546	0	0	0
1605248	0	0	0
1605502	0	0	0
1605522	0	0	0
1607781	0	0	0
1608539	0	0	0
1610468	0	0	0
1611534	0	0	0
1611582	0	0	0
1613770	0	0	0
1613843	0	0	0
1613845	0	0	0
1615265	0	0	0
1615581	0	0	0
1616751	-1	0	1
1617240	0	0	0
1617701	0	0	0
1617949	1	1	0
1618464	0	0	0
1618969	0	0	0
1619598	0	0	0
1619658	0	0	0
1619661	0	0	0
1620438	0	0	0
1620755	0	0	0
1620961	0	0	0
1620963	0	0	0
1621976	0	0	0
1621981	0	0	0
1622452	0	0	0
1622985	-1	0	1
1623119	0	0	0
1623123	0	0	0
1623225	0	0	0
1625836	0	0	0
1625996	0	0	0
1626002	0	0	0
1626462	0	0	0
1626464	0	0	0
1626465	0	0	0
1626653	0	0	0
1627205	0	1	1
1627206	0	0	0
1627414	0	0	0
1627738	0	0	0
1627858	0	0	0
1627891	-1	0	1
1628222	0	0	0
1628427	0	0	0
1628472	0	0	0
1628547	0	0	0
1629035	0	0	0
1629433	0	0	0
1629627	-1	0	1
1629630	0	0	0
1629852	-1	0	1
1630646	0	0	0
1630670	0	0	0
1631235	0	0	0
1632088	-1	0	1
1632299	0	0	0
1633383	0	0	0
1633582	0	0	0
1633820	0	0	0
1634367	0	0	0
1634374	0	0	0
1635078	0	0	0
1636587	0	0	0
1636764	0	0	0
1638687	0	0	0
1638688	-1	0	1
1638689	0	0	0
1638690	0	0	0
1638691	0	0	0
1638694	0	0	0
1639298	-1	0	1
1639299	0	0	0
1639346	0	1	1
1639366	0	0	0
1640289	0	0	0
1640850	0	0	0
1640854	0	0	0
1641963	0	0	0
1642159	0	0	0
1642183	0	0	0
1642334	0	0	0
1643751	0	0	0
1643772	0	0	0
1644729	0	0	0
1645080	-1	0	1
1645084	0	0	0
1645087	0	0	0
1645936	0	0	0
1646169	0	0	0
1646173	0	0	0
1646175	0	0	0
1647409	0	0	0
1647696	0	0	0
1648009	0	0	0
1648230	0	0	0
1649381	0	0	0
1649478	-1	0	1
1649714	0	0	0
1650104	0	0	0
1650805	0	0	0
1650806	0	0	0
1651008	0	0	0
1651009	0	1	1
1651010	0	1	1
1651015	-1	0	1
1651021	-1	0	1
1651402	0	0	0
1652150	0	0	0
1652460	0	0	0
1652835	0	0	0
1653933	0	0	0
1653965	0	0	0
1653969	0	0	0
1653971	0	0	0
1654895	0	0	0
1655045	1	1	0
1656436	0	0	0
1657573	0	0	0
1657627	0	0	0
1657631	-1	0	1
1657634	0	0	0
1657895	0	0	0
1658018	0	0	0
1658439	-1	0	1
1658445	-1	0	1
1658446	-1	0	1
1658767	0	0	0
1659358	0	0	0
1659360	0	0	0
1659361	0	0	0
1659640	0	0	0
1659885	0	0	0
1659888	0	0	0
1660043	0	0	0
1660090	0	0	0
1660805	0	1	1
1660897	0	0	0
1661613	0	0	0
1662267	0	0	0
1662626	0	0	0
1662627	0	0	0
1662632	-1	0	1
1662764	0	0	0
1663897	0	0	0
1663898	0	0	0
1663899	0	0	0
1663902	0	0	0
1663904	0	0	0
1664523	0	0	0
1665105	0	0	0
1665109	0	0	0
1665610	0	0	0
1665612	0	0	0
1665613	0	0	0
1665614	0	0	0
1665615	0	0	0
1665616	0	0	0
1666555	0	0	0
1667188	0	0	0
1667189	0	0	0
1667190	0	0	0
1667191	0	0	0
1667193	1	1	0
1667880	0	0	0
1668060	0	1	1
1668285	0	1	1
1668621	0	0	0
1671448	0	0	0
1671799	0	0	0
1673216	0	0	0
1674036	0	0	0
1674398	0	0	0
1674561	0	0	0
1675179	0	0	0
1675296	0	0	0
1675379	0	0	0
1676293	0	0	0
1676691	0	0	0
1677668	0	0	0
1677675	-1	0	1
1677770	-1	0	1
1678190	1	1	0
1678236	0	0	0
1678238	0	0	0
1678635	0	0	0
1679034	0	0	0
1679111	-1	0	1
1679112	-1	0	1
1679498	0	0	0
1679832	0	0	0
1679834	0	0	0
1679993	0	0	0
1680459	-1	0	1
1680460	0	0	0
1681024	0	0	0
1681053	0	0	0
1681331	0	0	0
1681332	0	0	0
1681334	0	0	0
1681336	0	0	0
1681337	0	0	0
1682895	0	0	0
1682902	0	0	0
1683266	0	1	1
1683268	0	1	1
1683403	0	0	0
1685713	0	0	0
1685945	0	0	0
1686909	0	0	0
1687777	0	0	0
1687778	0	0	0
1687919	0	0	0
1689108	-1	0	1
1689245	-1	0	1
1689363	0	0	0
1689565	0	0	0
1689639	0	0	0
1690228	0	0	0
1690417	1	1	0
1691449	0	0	0
1691527	0	0	0
1691763	-1	0	1
1691764	0	0	0
1691772	0	0	0
1692237	0	0	0
1692902	0	0	0
1693054	0	0	0
1693288	-1	0	1
1693749	0	0	0
1693974	0	0	0
1694468	0	0	0
1694471	0	0	0
1695008	0	0	0
1696368	0	0	0
1696373	0	0	0
1697015	0	0	0
1697815	0	0	0
1697817	0	0	0
1698583	-1	0	1
1698927	0	0	0
1699241	0	0	0
1700323	0	0	0
1700966	0	0	0
1703155	-1	0	1
1704339	1	1	0
1705202	1	1	0
1705525	0	0	0
1705724	0	0	0
1705726	0	0	0
1705727	0	0	0
1706478	0	0	0
1708017	0	0	0
1709548	0	0	0
1710428	0	0	0
1710449	0	0	0
1710454	-1	0	1
1710636	0	0	0
1710640	0	0	0
1710644	0	0	0
1711282	0	0	0
1711732	0	0	0
1712464	0	0	0
1712533	0	0	0
1713049	0	0	0
1713214	0	0	0
1713672	0	0	0
1714736	0	0	0
1715030	0	0	0
1716312	0	0	0
1716770	0	0	0
1718204	0	0	0
1718209	0	0	0
1718951	0	0	0
1720350	0	0	0
1720916	0	0	0
1720921	0	0	0
1721142	0	0	0
1721896	0	0	0
1721919	0	0	0
1721940	0	0	0
1722165	0	0	0
1722997	0	1	1
1723028	-1	0	1
1723287	1	1	0
1723291	0	1	1
1723294	1	1	0
1723295	1	1	0
1723792	0	0	0
1723982	0	0	0
1724520	0	0	0
1724528	0	0	0
1725357	0	0	0
1725697	0	0	0
1725997	0	0	0
1726293	0	0	0
1727022	0	0	0
1728982	0	0	0
1729662	0	0	0
1731461	0	1	1
1731463	0	1	1
1731465	1	1	0
1731558	0	0	0
1731568	0	0	0
1731571	0	0	0
1732181	0	0	0
1733215	-1	0	1
1733469	0	0	0
1733528	0	0	0
1733956	0	0	0
1734509	0	0	0
1734917	0	0	0
1735194	0	0	0
1735358	0	0	0
1735360	0	0	0
1735443	0	0	0
1736924	0	0	0
1736925	0	0	0
1736927	0	0	0
1736928	0	0	0
1737587	0	0	0
1737931	-1	0	1
1738008	0	0	0
1738242	0	0	0
1738529	0	0	0
1738895	0	0	0
1739392	0	0	0
1739408	0	0	0
1740233	0	0	0
1740538	0	0	0
1741051	0	1	1
1741193	0	0	0
1743263	0	0	0
1743265	0	0	0
1743299	0	0	0
1743303	-1	0	1
1743562	0	0	0
1743737	0	0	0
1743792	0	0	0
1743793	0	0	0
1743797	0	0	0
1743798	0	0	0
1743800	0	0	0
1743828	0	0	0
1744478	0	0	0
1744602	0	0	0
1745844	0	0	0
1746356	0	0	0
1746357	0	0	0
1746375	0	0	0
1746376	0	0	0
1746377	0	0	0
1746378	0	0	0
1746379	0	0	0
1746380	0	0	0
1746383	0	0	0
1746794	0	0	0
1746796	0	0	0
1746798	0	0	0
1747127	0	0	0
1747128	0	0	0
1747129	0	0	0
1747130	0	0	0
1747131	0	0	0
1747132	0	0	0
1747133	0	0	0
1747336	0	0	0
1748339	0	0	0
1748492	0	0	0
1748499	0	0	0
1748500	0	0	0
1749353	0	0	0
1749882	0	0	0
1750304	0	0	0
1750307	0	0	0
1750309	0	0	0
1750310	0	0	0
1750697	0	0	0
1750859	0	0	0
1750881	-1	0	1
1750885	0	0	0
1751049	0	0	0
1753176	1	1	0
1753238	0	0	0
1753605	0	0	0
1753610	0	0	0
1754004	0	0	0
1754006	0	0	0
1754202	0	0	0
1754547	0	0	0
1754552	0	0	0
1754980	0	0	0
1756163	0	0	0
1756356	0	0	0
1756426	0	0	0
1757199	-1	0	1
1757983	0	0	0
1758170	0	0	0
1758350	0	0	0
1758731	0	0	0
1759482	0	0	0
1760457	0	0	0
1760460	0	0	0
1760462	0	0	0
1760796	0	0	0
1760961	0	0	0
1761638	0	0	0
1762465	0	0	0
1762863	0	0	0
1762870	0	0	0
1763410	1	1	0
1763444	0	0	0
1763627	0	0	0
1764568	0	0	0
1766470	0	0	0
1767143	0	0	0
1768163	0	0	0
1768825	0	0	0
1769769	0	0	0
1769776	-1	0	1
1770021	0	0	0
1770055	0	0	0
1770624	0	0	0
1771098	0	0	0
1771104	0	1	1
1772923	0	0	0
1772927	0	0	0
1772930	0	0	0
1773321	0	0	0
1773597	0	0	0
1773805	0	0	0
1774312	0	0	0
1774464	0	0	0
1774876	0	0	0
1774883	0	0	0
1775153	0	0	0
1775398	0	0	0
1775790	0	0	0
1776256	0	0	0
1776771	0	0	0
1776852	0	0	0
1776993	0	0	0
1777011	0	0	0
1777125	0	0	0
1777296	0	0	0
1778317	0	0	0
1778395	1	1	0
1778423	0	0	0
1778424	0	0	0
1778426	0	0	0
1778644	0	0	0
1779028	0	0	0
1779228	0	0	0
1779542	0	0	0
1779805	-1	0	1
1779917	0	0	0
1779919	0	0	0
1779920	0	0	0
1780518	0	0	0
1780520	0	0	0
1780959	0	0	0
1782251	0	0	0
1782607	-1	0	1
1782850	0	0	0
1783054	0	0	0
1783310	0	1	1
1784208	0	0	0
1784210	0	0	0
1784592	0	0	0
1784593	0	0	0
1784594	0	0	0
1784595	0	0	0
1784596	0	0	0
1784597	0	0	0
1785404	0	0	0
1785464	-1	0	1
1785465	0	0	0
1785467	0	0	0
1785471	0	0	0
1786030	0	0	0
1786290	0	0	0
1786293	0	0	0
1786296	0	0	0
1786459	0	0	0
1786501	0	0	0
1786543	0	0	0
1786877	0	0	0
1787388	0	0	0
1787759	0	0	0
1787930	0	0	0
1789503	0	0	0
1789505	0	0	0
1789655	0	0	0
1790000	0	0	0
1790243	0	0	0
1791839	0	0	0
1791933	0	0	0
1792430	0	0	0
1792678	0	0	0
1793064	1	1	0
1793522	0	0	0
1793531	0	0	0
1793534	0	0	0
1793808	0	0	0
1794024	-1	0	1
1794028	0	0	0
1794030	1	1	0
1795043	0	0	0
1796189	0	0	0
1796353	0	0	0
1796647	0	0	0
1796742	0	0	0
1796745	0	0	0
1796746	0	0	0
1796819	0	0	0
1797284	0	0	0
1797299	0	0	0
1797811	1	1	0
1798129	-1	0	1
1798130	-1	0	1
1798132	0	0	0
1798134	0	0	0
1798137	0	0	0
1798455	-1	0	1
1798612	0	0	0
1798614	0	0	0
1798619	0	0	0
1798620	0	0	0
1798981	1	1	0
1799013	0	0	0
1799671	0	0	0
1801353	0	0	0
1801508	0	0	0
1802518	0	0	0
1803536	1	1	0
1803633	0	0	0
1804038	0	0	0
1804041	0	0	0
1804099	0	0	0
1804789	0	0	0
1805387	0	0	0
1805506	0	0	0
1805508	0	0	0
1805630	0	0	0
1805631	0	0	0
1805634	0	0	0
1805635	1	1	0
1806061	0	0	0
1807012	0	0	0
1807643	-1	0	1
1807698	0	0	0
1807719	1	1	0
1807723	1	1	0
1807724	1	1	0
1807727	1	1	0
1807728	1	1	0
1807948	0	0	0
1809552	0	0	0
1809897	0	0	0
1811410	0	0	0
1811779	0	0	0
1812517	0	0	0
1812522	0	0	0
1812628	0	0	0
1813582	1	1	0
1813585	1	1	0
1813589	1	1	0
1814101	1	1	0
1815113	0	0	0
1815275	0	0	0
1815715	0	0	0
1815720	0	0	0
1815755	0	0	0
1816034	0	0	0
1816038	0	0	0
1816456	0	0	0
1816457	0	0	0
1816461	0	0	0
1816462	0	0	0
1816616	0	0	0
1816958	0	0	0
1817741	0	0	0
1818312	0	0	0
1818982	0	0	0
1820455	0	0	0
1820456	0	0	0
1820974	0	0	0
1820979	0	0	0
1820980	0	0	0
1820997	0	0	0
1821454	-1	0	1
1821812	0	0	0
1822559	0	0	0
1822990	0	0	0
1822996	1	1	0
1823398	0	1	1
1823726	0	1	1
1824142	0	0	0
1824594	0	0	0
1824746	0	0	0
1824830	0	0	0
1825131	-1	0	1
1825319	1	1	0
1825320	0	0	0
1825325	0	0	0
1825737	0	0	0
1825953	0	0	0
1826142	0	0	0
1826566	0	0	0
1826670	0	0	0
1826671	0	0	0
1826675	0	0	0
1826907	0	0	0
1826911	0	0	0
1826943	0	0	0
1827014	0	0	0
1827449	0	0	0
1827579	0	0	0
1827580	0	0	0
1828166	0	0	0
1828564	0	0	0
1828568	0	0	0
1829030	0	1	1
1829432	0	0	0
1829597	0	0	0
1830509	0	0	0
1830517	0	0	0
1831479	0	0	0
1831712	0	0	0
1832408	0	0	0
1833392	0	0	0
1833645	0	0	0
1833652	0	0	0
1833671	0	0	0
1833837	0	0	0
1834239	0	0	0
1835553	0	0	0
1835667	0	0	0
1836263	-1	0	1
1836267	-1	0	1
1836270	-1	0	1
1836533	0	0	0
1836558	0	0	0
1836605	0	0	0
1837110	0	0	0
1837503	-1	0	1
1837866	0	1	1
1838300	0	0	0
1841268	1	1	0
1844217	0	0	0
1845168	0	0	0
1845169	0	0	0
1845532	-1	0	1
1846598	0	0	0
1846689	0	0	0
1847476	-1	0	1
1847986	0	0	0
1847989	0	0	0
1847991	0	0	0
1848075	0	0	0
1848080	0	0	0
1848518	0	0	0
1850101	0	0	0
1850472	0	1	1
1850477	0	1	1
1851344	0	0	0
1851376	0	0	0
1851540	0	0	0
1852066	0	0	0
1852367	0	0	0
1852639	0	0	0
1853651	0	0	0
1853821	1	1	0
1853871	0	0	0
1853874	0	0	0
1854071	0	0	0
1854494	0	0	0
1854964	0	0	0
1855046	0	0	0
1855639	-1	0	1
1857320	0	0	0
1857666	0	0	0
1858319	0	0	0
1858969	0	0	0
1858975	0	0	0
1859660	0	0	0
1859662	0	0	0
1860468	0	0	0
1860966	1	1	0
1861291	0	0	0
1861957	0	0	0
1861959	0	0	0
1861960	0	0	0
1862395	0	0	0
1862446	0	0	0
1862451	0	0	0
1863200	0	0	0
1863349	-1	0	1
1863552	0	0	0
1863895	0	0	0
1865062	0	0	0
1866030	0	0	0
1866207	0	0	0
1866413	0	1	1
1866418	0	1	1
1866487	0	0	0
1867651	0	0	0
1867870	0	0	0
1867871	0	0	0
1868437	0	0	0
1868438	0	0	0
1869745	0	0	0
1869784	0	0	0
1869970	0	0	0
1869971	0	0	0
1869974	0	0	0
1871826	1	1	0
1871883	0	0	0
1871885	0	0	0
1871886	0	0	0
1873309	0	0	0
1873656	0	0	0
1873657	0	0	0
1873661	0	0	0
1873663	0	0	0
1873664	0	0	0
1874525	0	0	0
1874884	0	0	0
1875281	0	0	0
1875455	-1	0	1
1875456	-1	0	1
1875757	0	0	0
1875759	0	0	0
1877654	0	0	0
1878480	0	0	0
1879607	0	0	0
1879903	0	0	0
1880260	0	0	0
1881840	0	0	0
1881881	0	0	0
1882004	0	0	0
1882283	0	0	0
1882284	0	0	0
1884038	0	0	0
1884041	0	0	0
1884059	0	0	0
1884077	0	0	0
1885275	0	0	0
1885339	0	0	0
1886667	0	0	0
1886939	0	0	0
1887023	0	0	0
1887512	-1	0	1
1887513	-1	0	1
1887651	0	0	0
1887655	0	0	0
1888899	0	0	0
1888900	0	0	0
1888901	0	0	0
1888906	0	0	0
1888963	0	0	0
1889028	-1	0	1
1889393	0	0	0
1889959	0	0	0
1889960	0	0	0
1889974	0	0	0
1890771	0	0	0
1891283	0	0	0
1891284	0	0	0
1891285	0	0	0
1891286	0	0	0
1891753	0	0	0
1891820	0	0	0
1892480	0	0	0
1892986	0	0	0
1893378	0	1	1
1894652	0	0	0
1894653	0	0	0
1894656	0	0	0
1895320	0	0	0
1896725	-1	0	1
1896726	-1	0	1
1896727	0	0	0
1896728	1	1	0
1896831	0	0	0
1897037	0	0	0
1898248	0	0	0
1898918	0	0	0
1899370	0	0	0
1900288	0	0	0
1901257	0	0	0
1901264	0	0	0
1901284	0	0	0
1901383	0	0	0
1901384	0	0	0
1901385	0	0	0
1901386	0	0	0
1901387	0	1	1
1901388	0	0	0
1901390	1	1	0
1901391	-1	0	1
1902157	0	0	0
1902162	0	0	0
1902294	0	0	0
1902445	0	0	0
1902656	0	0	0
1902826	0	0	0
1902827	0	0	0
1903042	0	0	0
1903193	0	0	0
1904578	0	0	0
1904583	0	0	0
1904787	0	0	0
1905509	0	0	0
1906242	-1	0	1
1906872	0	0	0
1908015	0	0	0
1909011	0	0	0
1909053	0	0	0
1909057	0	0	0
1909618	0	0	0
1909697	0	0	0
1910701	0	0	0
1911358	0	0	0
1912740	0	0	0
1913503	0	0	0
1914373	1	1	0
1914980	0	0	0
1915533	0	0	0
1916327	0	0	0
1916355	1	1	0
1916727	0	0	0
1916751	0	0	0
1916754	0	0	0
1916755	0	0	0
1917396	0	0	0
1917399	0	0	0
1917704	0	0	0
1918055	0	0	0
1918089	0	0	0
1918201	0	0	0
1918861	0	0	0
1919100	0	0	0
1919103	0	0	0
1919110	0	0	0
1919534	0	0	0
1919879	0	0	0
1920817	0	0	0
1922005	0	1	1
1922680	0	0	0
1923192	0	0	0
1923193	0	0	0
1924108	0	0	0
1924796	0	0	0
1924800	0	0	0
1924935	1	1	0
1925199	0	0	0
1925200	1	1	0
1925765	0	0	0
1926394	0	0	0
1926396	0	0	0
1928396	0	0	0
1928909	0	1	1
1928912	1	1	0
1928914	-1	0	1
1928977	0	0	0
1928980	0	0	0
1928981	0	0	0
1929377	0	0	0
1929378	0	0	0
1929910	0	0	0
1929911	0	0	0
1929999	0	0	0
1930272	0	0	0
1931040	0	0	0
1931414	0	0	0
1932207	0	0	0
1932670	-1	0	1
1932671	-1	0	1
1934508	0	0	0
1934767	0	1	1
1934768	0	0	0
1935110	0	0	0
1935183	0	0	0
1935305	0	0	0
1935431	0	0	0
1935889	0	0	0
1936351	0	0	0
1936536	0	0	0
1936926	0	0	0
1937414	0	0	0
1937421	0	0	0
1937709	0	0	0
1938446	0	0	0
1938699	1	1	0
1938700	1	1	0
1938706	0	0	0
1939082	1	1	0
1939085	1	1	0
1939086	0	0	0
1939090	-1	0	1
1939091	0	0	0
1939218	0	0	0
1939219	0	0	0
1939220	0	0	0
1939221	0	0	0
1939223	0	0	0
1939224	0	0	0
1939284	0	0	0
1939746	-1	0	1
1939748	-1	0	1
1939749	-1	0	1
1939751	-1	0	1
1939887	0	0	0
1940835	0	0	0
1941266	0	0	0
1941410	0	0	0
1941581	0	0	0
1941787	0	0	0
1941942	-1	0	1
1942101	0	0	0
1942107	0	0	0
1942753	0	0	0
1942758	0	0	0
1942833	0	0	0
1943198	0	0	0
1943310	0	0	0
1943829	0	0	0
1943923	0	0	0
1943991	0	0	0
1944757	0	0	0
1944766	0	0	0
1944940	0	0	0
1944941	0	0	0
1945224	-1	0	1
1945320	0	0	0
1945553	0	0	0
1945679	0	0	0
1945821	0	0	0
1946184	0	0	0
1946185	0	0	0
1946186	0	0	0
1946579	0	0	0
1947273	0	0	0
1948022	0	0	0
1948304	0	0	0
1948386	0	1	1
1948395	-1	0	1
1948399	-1	0	1
1948963	0	0	0
1949296	0	0	0
1949763	1	1	0
1950020	0	0	0
1950028	0	0	0
1950255	0	0	0
1950393	0	0	0
1950397	0	0	0
1950399	1	1	0
1950400	0	0	0
1950927	0	0	0
1950974	0	0	0
1950976	0	0	0
1950977	0	0	0
1950979	0	0	0
1950983	0	0	0
1951363	0	0	0
1951429	0	0	0
1951933	0	0	0
1952845	0	0	0
1952846	0	0	0
1954891	1	1	0
1955399	0	0	0
1955531	0	0	0
1956470	0	0	0
1957106	0	0	0
1958604	0	0	0
1959166	0	0	0
1959167	0	0	0
1959802	0	0	0
1960139	0	0	0
1960291	1	1	0
1960681	0	0	0
1961285	1	1	0
1961300	0	0	0
1961625	-1	0	1
1961629	0	0	0
1961631	0	0	0
1961632	-1	0	1
1961634	-1	0	1
1961638	0	0	0
1961808	0	0	0
1961934	0	0	0
1961935	0	0	0
1961936	0	0	0
1961937	0	0	0
1961938	0	0	0
1961939	0	0	0
1961940	0	0	0
1961941	0	0	0
1961942	0	0	0
1961943	-1	0	1
1963366	0	0	0
1963367	0	0	0
1963368	0	0	0
1963852	0	0	0
1964013	0	0	0
1964015	0	0	0
1964016	0	0	0
1964553	0	0	0
1964903	-1	0	1
1964945	0	0	0
1964948	0	0	0
1965647	0	0	0
1966793	0	1	1
1967323	0	0	0
1967410	-1	0	1
1967414	-1	0	1
1967428	0	0	0
1968937	0	0	0
1969519	0	0	0
1969742	0	0	0
1970109	0	0	0
1970112	0	0	0
1970114	0	0	0
1971155	0	0	0
1971182	0	0	0
1971609	0	0	0
1971611	0	0	0
1971830	0	0	0
1972057	0	0	0
1973396	0	0	0
1973397	-1	0	1
1973399	0	0	0
1973400	0	0	0
1973403	0	0	0
1973404	0	0	0
1973405	0	0	0
1974574	0	0	0
1974975	-1	0	1
1975136	0	0	0
1975527	0	0	0
1975584	0	0	0
1977929	0	0	0
1978561	0	0	0
1978563	0	0	0
1978564	0	0	0
1979256	0	0	0
1979597	0	0	0
1979830	0	0	0
1980197	0	0	0
1980198	0	0	0
1980214	0	0	0
1981145	0	0	0
1981516	0	0	0
1981879	0	0	0
1981883	0	0	0
1982953	-1	0	1
1982956	-1	0	1
1982959	0	0	0
1983236	0	0	0
1983673	0	0	0
1984996	0	0	0
1985469	0	0	0
1985471	0	0	0
1985472	0	0	0
1985473	0	0	0
1985475	0	0	0
1985476	0	0	0
1985477	0	0	0
1985478	0	0	0
1985491	0	0	0
1985568	0	0	0
1985961	0	0	0
1986002	0	0	0
1986058	0	0	0
1986265	0	0	0
1986728	0	0	0
1986982	0	0	0
1986983	0	0	0
1987936	0	0	0
1987938	0	0	0
1987939	0	0	0
1987945	0	0	0
1988151	0	0	0
1988231	0	0	0
1988787	0	0	0
1988788	0	0	0
1990107	0	0	0
1990694	0	0	0
1990699	1	1	0
1990700	0	0	0
1990729	0	0	0
1991161	0	0	0
1993691	0	0	0
1993699	0	0	0
1993923	0	0	0
1994000	0	0	0
1994172	0	0	0
1994833	0	0	0
1995638	0	0	0
1995646	0	0	0
1995989	0	0	0
1996490	0	0	0
1996625	0	0	0
1996630	0	0	0
1997275	0	0	0
1997840	0	0	0
1998560	0	0	0
1998635	0	0	0
1998640	0	0	0
1998720	-1	0	1
2000121	0	0	0
2000123	0	0	0
2000144	0	0	0
2001009	0	0	0
2001276	0	0	0
2001389	0	0	0
2001707	0	0	0
2002445	0	0	0
2002448	0	0	0
2003308	0	1	1
2004238	0	0	0
2004910	0	0	0
2005734	0	0	0
2006047	0	0	0
2006146	0	0	0
2006838	-1	0	1
2007862	0	0	0
2008058	0	0	0
2008411	0	0	0
2008414	0	0	0
2008691	0	0	0
2009662	0	0	0
2009666	0	0	0
2009668	0	0	0
2009826	0	0	0
2010349	0	0	0
2010354	-1	0	1
2010356	0	0	0
2010732	0	0	0
2011636	0	0	0
2011695	1	1	0
2013180	0	0	0
2013662	0	0	0
2014945	-1	0	1
2014963	0	0	0
2015465	0	0	0
2015803	0	0	0
2015853	0	0	0
2015855	1	1	0
2016231	0	0	0
2016673	0	0	0
2016674	0	0	0
2016675	0	0	0
2016676	0	0	0
2016677	0	0	0
2016679	0	0	0
2016680	0	0	0
2016681	0	0	0
2016712	0	0	0
2016719	0	0	0
2017001	0	0	0
2017003	0	0	0
2017060	0	0	0
2017066	0	0	0
2018341	0	0	0
2019156	-1	0	1
2019327	0	0	0
2019589	0	0	0
2019722	0	0	0
2019967	1	1	0
2020064	0	0	0
2020564	0	0	0
2020565	0	0	0
2021252	0	0	0
2022011	0	0	0
2022395	0	1	1
2022643	-1	0	1
2022738	0	0	0
2023039	0	0	0
2023042	0	0	0
2023162	1	1	0
2023164	0	0	0
2023710	0	0	0
2023971	0	0	0
2024712	0	0	0
2024936	-1	0	1
2026107	0	0	0
2026177	0	0	0
2026179	0	0	0
2026180	0	0	0
2026182	0	0	0
2026183	0	0	0
2026185	0	0	0
2026775	0	0	0
2026777	0	0	0
2027583	0	0	0
2028882	0	0	0
2029107	0	0	0
2029779	0	0	0
2029947	0	0	0
2030739	0	0	0
2031780	0	0	0
2031786	0	0	0
2031793	0	0	0
2032315	0	0	0
2032990	0	0	0
2032993	-1	0	1
2032995	0	0	0
2033792	0	0	0
2033793	0	0	0
2033966	0	0	0
2035306	0	0	0
2035322	0	0	0
2035426	0	1	1
2036217	0	0	0
2036279	0	0	0
2036453	0	0	0
2036489	0	0	0
2036704	0	0	0
2037279	0	0	0
2038000	0	0	0
2038125	0	0	0
2038726	0	0	0
2038728	-1	0	1
2038888	0	0	0
2039018	0	0	0
2039303	1	1	0
2039722	-1	0	1
2039725	0	1	1
2039726	0	0	0
2039954	1	1	0
2040440	0	0	0
2040902	0	0	0
2041693	0	0	0
2042464	0	0	0
2043021	0	0	0
2043778	0	0	0
2044079	0	0	0
2044293	0	0	0
2044295	0	0	0
2044299	0	0	0
2044729	1	1	0
2044735	0	0	0
2044900	0	0	0
2045017	0	0	0
2045645	0	0	0
2045647	0	0	0
2046341	0	0	0
2046505	0	0	0
2047979	0	0	0
2048176	0	0	0
2048610	0	0	0
2048612	0	0	0
2048654	0	0	0
2049592	0	0	0
2050086	0	0	0
2050158	-1	0	1
2050567	0	0	0
2051086	0	0	0
2051087	0	0	0
2051089	0	0	0
2051760	0	0	0
2051792	0	0	0
2051969	0	0	0
2052965	0	0	0
2053085	0	0	0
2053090	0	0	0
2053701	0	0	0
2054814	0	0	0
2054817	0	0	0
2054948	0	0	0
2055387	0	0	0
2055491	0	0	0
2055501	0	0	0
2055761	-1	0	1
2055767	-1	0	1
2055780	0	0	0
2056030	0	0	0
2057193	0	0	0
2058073	0	0	0
2058129	0	0	0
2058132	0	0	0
2058266	0	0	0
2058928	0	0	0
2058931	0	0	0
2058934	0	0	0
2059616	0	0	0
2060249	0	0	0
2060392	0	0	0
2061033	0	0	0
2061757	0	0	0
2062634	0	0	0
2063620	0	0	0
2063830	0	0	0
2064649	0	0	0
2064651	0	0	0
2064654	0	0	0
2064655	0	0	0
2064732	0	0	0
2065225	-1	0	1
2065842	-1	0	1
2066677	0	0	0
2067469	0	0	0
2068424	0	0	0
2068582	0	0	0
2068585	0	0	0
2068586	0	0	0
2069003	0	0	0
2069628	1	1	0
2069992	0	0	0
2069995	0	0	0
2070027	0	0	0
2070076	0	0	0
2070515	0	0	0
2070709	0	0	0
2070713	0	0	0
2070762	0	0	0
2071218	0	0	0
2071225	0	0	0
2071642	0	0	0
2072036	0	0	0
2073335	0	0	0
2073337	0	0	0
2073929	0	0	0
2074566	0	0	0
2076511	1	1	0
2076515	0	0	0
2076518	0	0	0
2077561	0	0	0
2077913	0	0	0
2077916	0	0	0
2078409	-1	0	1
2078695	0	0	0
2079016	0	0	0
2079217	0	0	0
2079375	0	0	0
2079377	0	0	0
2079775	0	0	0
2079778	0	0	0
2080928	0	0	0
2081007	0	0	0
2081179	0	0	0
2081400	0	0	0
2081993	0	0	0
2081995	0	0	0
2081996	0	0	0
2082000	0	0	0
2082213	0	0	0
2082395	0	0	0
2082539	0	0	0
2083504	0	0	0
2083845	0	0	0
2084905	0	0	0
2084909	0	0	0
2085320	0	0	0
2085498	0	0	0
2085505	1	1	0
2086020	0	0	0
2086219	0	0	0
2086220	0	0	0
2087062	0	0	0
2087064	0	0	0
2087094	-1	0	1
2087525	0	0	0
2087526	0	0	0
2089154	0	0	0
2089255	0	0	0
2089377	0	0	0
2089544	0	0	0
2089627	0	0	0
2089866	0	0	0
2090513	0	0	0
2090515	0	0	0
2090762	0	0	0
2091742	0	1	1
2091743	1	1	0
2092202	0	0	0
2092417	0	0	0
2092462	0	0	0
2092641	-1	0	1
2094100	0	0	0
2094112	0	0	0
2094114	0	0	0
2094120	0	0	0
2094682	0	0	0
2094937	0	0	0
2095179	0	0	0
2095187	0	0	0
2095606	0	0	0
2096427	0	0	0
2096429	0	0	0
2096460	0	0	0
2096656	-1	0	1
2096663	-1	0	1
2096685	0	0	0
2096686	0	0	0
2096689	0	0	0
2096691	1	1	0
2097231	0	0	0
2098762	0	0	0
2098816	0	1	1
2098821	0	0	0
2098822	-1	0	1
2100797	0	0	0
2101098	0	0	0
2102991	0	0	0
2103374	-1	0	1
2104032	1	1	0
2105253	0	0	0
2106561	0	0	0
2106566	-1	0	1
2106750	0	0	0
2106900	0	0	0
2107086	1	1	0
2108847	-1	0	1
2108854	-1	0	1
2108881	0	0	0
2109483	0	0	0
2110110	0	0	0
2110737	0	1	1
2111318	0	0	0
2111556	0	0	0
2111668	0	0	0
2111700	0	1	1
2112949	0	0	0
2113055	0	0	0
2113544	0	0	0
2113668	0	0	0
2114191	0	0	0
2114393	0	0	0
2115512	0	0	0
2116514	0	0	0
2116517	0	0	0
2116807	0	0	0
2116951	0	0	0
2116953	0	0	0
2116955	0	0	0
2118688	0	0	0
2119057	0	0	0
2119061	0	0	0
2119063	1	1	0
2119340	0	0	0
2119354	0	0	0
2119357	0	0	0
2120295	-1	0	1
2120301	0	0	0
2120554	-1	0	1
2120777	0	0	0
2120819	0	0	0
2121002	0	0	0
2122248	0	0	0
2122387	0	0	0
2123619	-1	0	1
2123876	1	1	0
2123877	0	1	1
2123937	0	0	0
2124549	0	0	0
2124719	0	0	0
2124748	0	0	0
2126696	0	0	0
2127122	0	0	0
2127828	0	0	0
2128130	0	0	0
2128413	0	0	0
2128644	0	0	0
2128735	0	0	0
2129954	-1	0	1
2129955	0	0	0
2129957	0	0	0
2130663	0	0	0
2130668	0	0	0
2131017	0	0	0
2131712	0	0	0
2131893	0	0	0
2132377	0	0	0
2132452	0	0	0
2132458	0	0	0
2132746	0	0	0
2132749	0	0	0
2132752	-1	0	1
2132754	1	1	0
2133669	1	1	0
2133778	-1	0	1
2133806	0	0	0
2134237	1	1	0
2134458	0	0	0
2135078	0	0	0
2135102	0	0	0
2135122	0	0	0
2135214	0	0	0
2135305	0	0	0
2135499	0	0	0
2136123	0	0	0
2136129	0	0	0
2136911	0	0	0
2137462	0	0	0
2139064	0	0	0
2139067	0	0	0
2139675	0	0	0
2140191	0	0	0
2141319	0	0	0
2141380	0	0	0
2141926	0	0	0
2142357	0	0	0
2142450	1	1	0
2143146	-1	0	1
2143418	0	0	0
2143419	0	0	0
2143506	1	1	0
2143845	0	0	0
2144852	0	0	0
2145885	0	0	0
2145903	0	0	0
2146033	0	0	0
2146841	0	0	0
2147085	0	0	0
2148007	0	0	0
2148514	0	0	0
2148606	0	0	0
2148687	0	0	0
2149535	0	0	0
2149598	0	0	0
2149850	0	0	0
2149851	0	0	0
2149852	0	0	0
2149853	0	0	0
2150161	1	1	0
2150166	1	1	0
2150443	0	0	0
2150444	0	0	0
2150490	1	1	0
2150491	1	1	0
2151047	0	0	0
2151588	0	0	0
2151641	0	0	0
2151662	1	1	0
2151663	1	1	0
2152271	0	0	0
2152335	0	0	0
2153429	0	0	0
2154597	0	0	0
2155351	0	0	0
2155897	0	0	0
2156689	0	0	0
2156695	0	0	0
2157077	0	0	0
2157078	0	0	0
2157081	0	0	0
2157569	0	0	0
2157664	0	0	0
2157709	0	0	0
2157713	0	0	0
2158194	0	0	0
2158329	0	0	0
2158336	0	0	0
2159959	0	0	0
2160348	0	0	0
2160892	0	0	0
2161089	0	0	0
2161090	0	0	0
2161092	0	0	0
2163160	0	0	0
2163817	0	0	0
2163879	0	0	0
2163880	0	0	0
2163882	0	0	0
2163883	0	0	0
2163884	0	0	0
2164803	0	0	0
2164811	0	0	0
2165342	0	0	0
2165968	0	0	0
2166098	0	0	0
2166317	0	0	0
2166794	0	0	0
2169249	0	0	0
2169578	0	0	0
2170289	1	1	0
2170290	1	1	0
2170292	1	1	0
2170296	1	1	0
2170297	1	1	0
2174217	0	0	0
2174361	0	0	0
2174992	0	0	0
2175547	0	0	0
2176107	0	0	0
2176412	-1	0	1
2176450	0	0	0
2176453	0	0	0
2176454	0	0	0
2176455	0	0	0
2176459	0	0	0
2176619	0	0	0
2176620	1	1	0
2176635	0	1	1
2176637	1	1	0
2176936	0	0	0
2176967	0	0	0
2176986	0	0	0
2177474	0	0	0
2178143	0	0	0
2178330	0	0	0
2178652	0	0	0
2178999	0	0	0
2179340	0	0	0
2180360	0	0	0
2180685	0	0	0
2180691	0	0	0
2181289	0	0	0
2181356	0	0	0
2181489	0	0	0
2181514	0	0	0
2182085	0	0	0
2182088	0	0	0
2182089	0	0	0
2182093	0	0	0
2182725	-1	0	1
2183353	0	0	0
2183645	0	0	0
2184092	0	0	0
2184262	0	0	0
2185095	0	0	0
2185183	0	0	0
2185423	0	0	0
2186124	0	0	0
2186129	0	0	0
2186171	0	0	0
2186433	-1	0	1
2187476	0	0	0
2187843	0	0	0
2188939	-1	0	1
2189627	0	0	0
2190078	0	0	0
2191270	0	0	0
2192058	0	0	0
2192473	0	0	0
2192589	0	0	0
2193238	0	0	0
2193766	0	0	0
2193769	0	0	0
2193998	0	1	1
2194004	0	1	1
2194337	0	0	0
2194342	0	0	0
2194501	0	0	0
2194568	0	0	0
2194903	0	0	0
2196289	0	0	0
2196566	0	0	0
2196595	0	0	0
2197133	0	0	0
2197141	1	1	0
2197172	0	0	0
2197529	0	0	0
2197786	0	0	0
2198148	0	0	0
2198330	0	0	0
2198409	0	0	0
2200448	0	0	0
2201127	0	0	0
2201688	0	0	0
2202828	-1	0	1
2205996	1	1	0
2206174	0	0	0
2206334	1	1	0
2206561	0	0	0
2207856	0	0	0
2208049	0	1	1
2208344	0	0	0
2208707	0	0	0
2210498	0	0	0
2210550	0	0	0
2210591	0	0	0
2210592	0	0	0
2210593	0	0	0
2210594	0	0	0
2210595	0	0	0
2210596	0	0	0
2210597	0	0	0
2210598	0	0	0
2212802	0	0	0
2212803	0	0	0
2212958	0	0	0
2213812	0	0	0
2215744	1	1	0
2215982	0	0	0
2216232	0	0	0
2216976	0	0	0
2219429	-1	0	1
2220955	0	0	0
2221805	0	0	0
2222114	0	0	0
2222970	0	0	0
2222971	0	0	0
2223011	0	0	0
2223525	-1	0	1
2223989	0	0	0
2224081	0	0	0
2224252	1	1	0
2225070	0	0	0
2225073	0	0	0
2225078	0	0	0
2225465	0	0	0
2226147	0	0	0
2226484	0	0	0
2226596	0	0	0
2227396	1	1	0
2227397	1	1	0
2228188	0	0	0
2228603	-1	0	1
2228699	0	0	0
2229106	0	0	0
2229519	0	0	0
2229524	0	0	0
2229869	0	0	0
2229870	0	0	0
2230147	0	0	0
2230475	0	0	0
2230480	0	0	0
2230483	0	0	0
2230643	0	0	0
2230674	0	0	0
2231037	0	0	0
2231254	0	0	0
2232064	-1	0	1
2232128	0	0	0
2232129	0	0	0
2232132	0	0	0
2232508	-1	0	1
2232790	0	0	0
2233826	0	0	0
2233829	0	0	0
2233832	0	0	0
2233834	0	0	0
2234169	0	0	0
2234245	0	0	0
2234351	1	1	0
2234365	0	0	0
2234367	0	0	0
2235421	0	0	0
2236004	0	0	0
2237659	0	0	0
2238098	0	0	0
2238122	0	0	0
2238126	0	0	0
2238269	-1	0	1
2238659	0	0	0
2242058	1	1	0
2242172	0	0	0
2242408	0	0	0
2243055	0	0	0
2243335	-1	0	1
2243341	0	0	0
2243342	0	0	0
2243383	0	0	0
2244882	0	0	0
2245020	0	0	0
2245418	0	0	0
2245419	0	0	0
2246549	0	0	0
2246551	0	0	0
2247041	0	0	0
2248270	-1	0	1
2248491	-1	0	1
2248655	-1	0	1
2248667	0	0	0
2248840	0	0	0
2248842	0	0	0
2250638	0	0	0
2250700	1	1	0
2250701	1	1	0
2250818	0	0	0
2252025	0	0	0
2253687	0	0	0
2253874	0	0	0
2253875	0	0	0
2253877	0	0	0
2253879	0	0	0
2253949	0	0	0
2254353	0	0	0
2255768	0	0	0
2255769	0	0	0
2256324	-1	0	1
2256327	0	0	0
2256331	-1	0	1
2256332	0	0	0
2258591	0	0	0
2258592	0	0	0
2258593	0	0	0
2258594	0	0	0
2258595	0	0	0
2258596	0	0	0
2258597	0	0	0
2258598	0	0	0
2258599	0	0	0
2258683	0	0	0
2258944	0	0	0
2259693	0	0	0
2259786	0	0	0
2259789	0	0	0
2259899	0	0	0
2260055	0	0	0
2260271	0	0	0
2261395	0	0	0
2261631	0	0	0
2262656	0	0	0
2262657	0	0	0
2262658	0	0	0
2262660	0	0	0
2262663	0	0	0
2262825	0	0	0
2263262	0	0	0
2263561	0	0	0
2263565	0	0	0
2264676	0	0	0
2264729	-1	0	1
2264853	-1	0	1
2265727	0	0	0
2265769	0	0	0
2265772	0	0	0
2266451	-1	0	1
2266862	0	0	0
2268101	0	0	0
2268103	0	0	0
2268514	0	0	0
2268516	0	0	0
2268829	0	0	0
2269732	0	0	0
2270160	1	1	0
2270419	0	0	0
2270759	0	0	0
2271186	-1	0	1
2271982	0	0	0
2272587	0	0	0
2272589	0	0	0
2272590	-1	0	1
2273005	0	0	0
2273265	0	0	0
2273281	0	0	0
2274023	0	0	0
2274540	0	0	0
2274546	0	0	0
2274906	0	0	0
2274907	0	0	0
2274908	0	0	0
2276558	0	0	0
2276562	0	0	0
2276566	0	0	0
2276740	0	0	0
2276741	0	0	0
2277117	1	1	0
2277381	0	0	0
2279578	0	0	0
2280938	0	0	0
2281028	-1	0	1
2281086	0	0	0
2281586	0	0	0
2281588	1	1	0
2281889	0	0	0
2282137	0	0	0
2282559	0	0	0
2284132	0	0	0
2284888	0	0	0
2287140	0	0	0
2287143	0	0	0
2287925	0	0	0
2288171	0	0	0
2288172	0	0	0
2288176	0	0	0
2289365	0	0	0
2289612	0	0	0
2290135	-1	0	1
2290139	0	0	0
2290990	-1	0	1
2291212	0	0	0
2291214	0	0	0
2291466	0	1	1
2293820	0	0	0
2293821	0	0	0
2293985	0	0	0
2293988	0	0	0
2294502	0	0	0
2294560	0	0	0
2294562	0	0	0
2294563	0	0	0
2294565	0	0	0
2294804	0	0	0
2294805	0	0	0
2294808	0	0	0
2294812	0	1	1
2295291	0	0	0
2295364	0	0	0
2296054	0	1	1
2296305	0	0	0
2297966	0	0	0
2298392	0	0	0
2298497	0	0	0
2298500	0	0	0
2298503	0	0	0
2298504	0	0	0
2299058	0	0	0
2299913	0	0	0
2300449	0	0	0
2300499	0	0	0
2300611	1	1	0
2302162	0	0	0
2302280	0	0	0
2302924	0	0	0
2303174	0	0	0
2303179	0	0	0
2303270	0	0	0
2303278	0	0	0
2303575	-1	0	1
2303751	0	0	0
2305260	-1	0	1
2305263	-1	0	1
2305974	0	0	0
2307745	0	0	0
2307979	0	0	0
2310704	0	0	0
2311066	0	0	0
2311336	0	0	0
2312864	0	0	0
2313136	0	0	0
2313217	-1	0	1
2313349	0	0	0
2313353	-1	0	1
2313355	-1	0	1
2313356	-1	0	1
2313357	-1	0	1
2314004	0	0	0
2315287	1	1	0
2315292	-1	0	1
2315427	0	0	0
2315951	0	0	0
2316392	-1	0	1
2316619	0	0	0
2316623	0	0	0
2316624	0	0	0
2317573	0	0	0
2317786	0	0	0
2318026	0	0	0
2318027	0	0	0
2318591	0	0	0
2320767	0	0	0
2320769	0	0	0
2320770	0	0	0
2320830	0	0	0
2321899	-1	0	1
2323545	-1	0	1
2323816	0	0	0
2325059	0	0	0
2325358	0	0	0
2326309	0	0	0
2326556	0	0	0
2327079	1	1	0
2329032	0	0	0
2329357	0	0	0
2329359	-1	0	1
2329363	-1	0	1
2329697	-1	0	1
2329730	0	0	0
2329889	0	0	0
2330774	0	0	0
2331981	0	0	0
2331982	0	0	0
2332918	1	1	0
2332922	1	1	0
2333832	0	0	0
2334783	0	0	0
2335380	-1	0	1
2335747	0	0	0
2336271	0	0	0
2336673	0	0	0
2336749	0	0	0
2336756	1	1	0
2337176	0	0	0
2337178	0	0	0
2337180	0	0	0
2337182	0	0	0
2337184	0	0	0
2337299	1	1	0
2338735	0	0	0
2339018	0	0	0
2339244	0	0	0
2340304	0	0	0
2343614	0	0	0
2343615	0	0	0
2343617	0	0	0
2343618	0	0	0
2343620	0	0	0
2343621	0	0	0
2345079	1	1	0
2345133	0	0	0
2345225	0	0	0
2346155	0	0	0
2346969	0	0	0
2347570	0	0	0
2347874	-1	0	1
2348164	-1	0	1
2349146	0	0	0
2349193	0	0	0
2349962	0	0	0
2351491	0	0	0
2354656	-1	0	1
2355207	0	0	0
2355502	0	0	0
2355578	0	0	0
2355840	0	0	0
2356858	0	0	0
2358959	0	0	0
2359144	0	0	0
2361796	0	0	0
2362048	0	0	0
2363163	0	0	0
2365774	1	1	0
2366486	0	0	0
2366493	0	0	0
2366521	0	1	1
2368093	-1	0	1
2368185	0	0	0
2368187	0	0	0
2369066	-1	0	1
2371091	0	0	0
2371251	0	1	1
2371473	1	1	0
2372176	0	0	0
2372179	0	0	0
2372510	0	0	0
2372514	0	0	0
2373124	0	0	0
2373125	-1	0	1
2373127	0	0	0
2373763	0	0	0
2373765	0	0	0
2374274	0	0	0
2374850	0	0	0
2376634	-1	0	1
2377050	0	0	0
2377514	0	0	0
2378373	0	0	0
2379449	0	0	0
2379620	0	0	0
2380283	0	0	0
2380664	-1	0	1
2381517	0	0	0
2381794	0	0	0
2382581	0	0	0
2382772	0	0	0
2384069	0	0	0
2384673	0	0	0
2384992	0	0	0
2386510	0	0	0
2388006	0	0	0
2388930	0	0	0
2389738	0	0	0
2389931	0	0	0
2389934	0	0	0
2390020	0	0	0
2391043	0	0	0
2392464	0	0	0
2392585	-1	0	1
2392684	0	0	0
2392882	0	0	0
2392886	0	0	0
2393456	0	0	0
2393656	0	0	0
2393914	0	0	0
2395252	0	0	0
2395804	0	0	0
2396124	-1	0	1
2396552	0	0	0
2396605	0	0	0
2396606	0	0	0
2396617	0	0	0
2396621	0	0	0
2396622	0	0	0
2396624	-1	0	1
2396771	0	0	0
2397273	0	0	0
2397274	0	0	0
2397280	0	0	0
2397281	0	0	0
2397638	0	0	0
2398128	0	0	0
2398222	0	0	0
2398223	0	0	0
2398237	1	1	0
2398390	0	0	0
2398843	0	0	0
2399267	0	0	0
2399668	0	0	0
2399822	0	0	0
2400665	0	0	0
2400940	0	0	0
2401401	0	0	0
2401406	0	0	0
2401407	0	0	0
2401502	0	0	0
2401732	1	1	0
2402606	0	0	0
2402776	0	0	0
2403421	0	0	0
2403602	0	0	0
2403849	1	1	0
2404319	0	0	0
2404763	0	0	0
2404975	0	1	1
2405998	0	0	0
2406292	1	1	0
2407319	-1	0	1
2407516	0	0	0
2407664	0	0	0
2407794	0	0	0
2408228	0	0	0
2408264	0	0	0
2408551	0	0	0
2408553	0	0	0
2409486	0	0	0
2409985	0	0	0
2410713	0	0	0
2412051	0	0	0
2412423	0	0	0
2412493	0	0	0
2412581	0	0	0
2413214	0	0	0
2414770	0	0	0
2415297	0	0	0
2416318	0	0	0
2417524	0	0	0
2417643	0	0	0
2417664	1	1	0
2417668	1	1	0
2417672	1	1	0
2417765	0	0	0
2417768	0	0	0
2417985	0	0	0
2419247	0	0	0
2419248	0	0	0
2419423	0	0	0
2420001	-1	0	1
2420310	0	0	0
2420502	0	0	0
2420598	0	0	0
2422125	-1	0	1
2422511	0	0	0
2422719	0	0	0
2423068	0	0	0
2424208	0	0	0
2425140	0	0	0
2426112	0	0	0
2426259	0	0	0
2426372	0	0	0
2427527	0	0	0
2427579	0	0	0
2427582	0	0	0
2427583	0	0	0
2428439	0	0	0
2428442	0	0	0
2428443	0	0	0
2428444	0	0	0
2428446	0	0	0
2429715	0	0	0
2430540	1	1	0
2430686	0	0	0
2432098	0	0	0
2432159	0	0	0
2433601	0	0	0
2433603	0	0	0
2433604	0	0	0
2433609	0	0	0
2433760	0	0	0
2434039	0	0	0
2434043	0	0	0
2434429	0	0	0
2435938	0	0	0
2435945	0	1	1
2435952	0	0	0
2436033	-1	0	1
2436852	-1	0	1
2436977	0	0	0
2437090	0	0	0
2440255	0	0	0
2440257	0	0	0
2440432	0	0	0
2440436	0	0	0
2440440	0	0	0
2440759	0	0	0
2441906	0	0	0
2442622	0	0	0
2442760	0	0	0
2443888	0	0	0
2443889	0	0	0
2443970	1	1	0
2444076	0	0	0
2444107	0	0	0
2444872	0	0	0
2447344	0	0	0
2448383	1	1	0
2448872	0	0	0
2449035	0	0	0
2449853	0	0	0
2449859	0	0	0
2449866	-1	0	1
2449867	-1	0	1
2449868	0	0	0
2449869	0	0	0
2450747	1	1	0
2450760	0	0	0
2450762	1	1	0
2450765	0	0	0
2450766	0	0	0
2450767	0	0	0
2450768	0	0	0
2451542	0	0	0
2452225	0	0	0
2452680	0	0	0
2453482	0	0	0
2453686	0	0	0
2454392	0	0	0
2455217	0	0	0
2455757	0	0	0
2456129	-1	0	1
2456437	0	0	0
2457164	1	1	0
2457300	0	0	0
2457697	1	1	0
2458697	-1	0	1
2459006	1	1	0
2459012	0	0	0
2460186	0	0	0
2460188	0	1	1
2460926	0	0	0
2461056	0	0	0
2461683	0	0	0
2462167	-1	0	1
2462265	0	0	0
2462999	0	0	0
2463327	1	1	0
2463357	0	0	0
2463505	0	0	0
2463833	1	1	0
2463839	0	0	0
2464377	0	0	0
2464378	0	0	0
2464933	0	0	0
2466419	-1	0	1
2466570	0	0	0
2467274	0	0	0
2468292	0	0	0
2468752	0	0	0
2468754	0	0	0
2468756	0	0	0
2470332	-1	0	1
2470333	0	0	0
2470335	-1	0	1
2470765	1	1	0
2471329	0	0	0
2473296	0	0	0
2473300	0	0	0
2473659	-1	0	1
2474753	-1	0	1
2475179	0	0	0
2476773	0	0	0
2476983	0	0	0
2477140	1	1	0
2477349	0	0	0
2477510	0	0	0
2477511	0	0	0
2477729	0	0	0
2477821	0	0	0
2477855	0	0	0
2479765	0	1	1
2479838	1	1	0
2481207	0	0	0
2481341	0	0	0
2482251	0	0	0
2482252	0	0	0
2482418	0	0	0
2483695	-1	0	1
2485633	0	0	0
2486198	0	1	1
2487326	0	0	0
2488221	0	0	0
2488248	-1	0	1
2488494	0	0	0
2488624	0	0	0
2489269	0	0	0
2489486	0	0	0
2489634	-1	0	1
2490098	0	0	0
2490145	0	0	0
2490150	0	0	0
2490152	0	0	0
2490482	0	1	1
2490818	0	0	0
2492619	0	0	0
2493332	0	0	0
2493593	0	0	0
2494317	0	0	0
2494440	0	0	0
2494446	0	0	0
2494447	0	0	0
2494574	0	0	0
2494577	0	0	0
2494685	0	0	0
2495451	0	0	0
2495971	0	0	0
2496224	0	0	0
2496227	0	0	0
2496837	0	0	0
2496841	0	0	0
2496943	1	1	0
2497055	1	1	0
2497370	1	1	0
2497605	-1	0	1
2497851	0	0	0
2498183	0	0	0
2498567	0	0	0
2498639	0	0	0
2498852	0	0	0
2499334	0	0	0
2499620	0	0	0
2499731	0	0	0
2500263	0	0	0
2500684	0	0	0
2501276	0	0	0
2501874	0	0	0
2502426	0	0	0
2502428	0	0	0
2502430	0	0	0
2502707	0	0	0
2502965	0	0	0
2503631	0	0	0
2504938	0	0	0
2505758	-1	0	1
2505776	0	0	0
2506091	0	0	0
2506681	0	0	0
2507264	-1	0	1
2507637	0	0	0
2507917	0	0	0
2508515	0	0	0
2508630	0	0	0
2509592	0	0	0
2509593	0	0	0
2509597	0	0	0
2509598	0	0	0
2509601	0	0	0
2510194	0	0	0
2510365	0	0	0
2510577	-1	0	1
2510806	0	1	1
2511024	0	0	0
2512040	0	0	0
2512875	0	0	0
2513039	0	0	0
2513042	0	0	0
2513416	0	0	0
2513608	0	0	0
2513610	0	0	0
2514463	0	0	0
2514551	0	0	0
2514635	0	0	0
2514776	0	0	0
2515063	0	0	0
2515445	0	0	0
2516506	0	0	0
2517931	0	0	0
2518659	0	0	0
2518988	1	1	0
2519208	0	0	0
2519532	0	0	0
2519707	0	0	0
2519942	0	0	0
2519961	0	0	0
2520436	0	0	0
2520438	0	0	0
2520813	0	0	0
2521296	0	0	0
2521453	0	0	0
2523911	0	0	0
2525180	0	0	0
2525521	0	0	0
2526261	0	0	0
2526264	0	0	0
2527469	0	0	0
2527475	0	0	0
2528638	0	0	0
2528792	0	0	0
2528999	0	0	0
2529007	0	0	0
2529635	0	0	0
2529636	0	0	0
2529637	0	0	0
2529638	0	0	0
2530116	0	0	0
2530227	0	0	0
2530252	0	0	0
2530257	0	0	0
2532555	0	0	0
2533256	0	0	0
2533260	0	0	0
2534545	0	0	0
2534871	0	0	0
2535109	0	0	0
2536524	0	1	1
2537193	0	0	0
2537194	0	1	1
2537195	0	0	0
2537197	0	1	1
2537198	0	0	0
2537199	0	1	1
2537200	0	0	0
2537201	-1	0	1
2537202	0	1	1
2537713	0	0	0
2538445	0	0	0
2538447	0	0	0
2538452	0	0	0
2538478	0	0	0
2539948	0	0	0
2540346	0	0	0
2540489	0	0	0
2541076	-1	0	1
2541518	0	0	0
2542420	0	0	0
2542427	0	0	0
2543437	1	1	0
2543985	0	0	0
2543989	0	0	0
2543992	0	0	0
2543993	0	0	0
2544837	0	0	0
2546714	1	1	0
2547243	1	1	0
2547249	0	0	0
2547251	1	1	0
2547966	0	0	0
2548674	0	0	0
2549083	0	0	0
2549280	0	0	0
2551454	0	1	1
2552637	0	0	0
2552639	0	0	0
2553175	0	0	0
2554695	0	0	0
2556144	0	0	0
2556149	0	0	0
2556150	0	0	0
2556151	0	0	0
2558900	0	0	0
2559362	0	0	0
2559502	0	0	0
2559508	0	0	0
2560031	0	0	0
2562446	0	0	0
2562746	0	0	0
2562747	0	0	0
2562748	0	0	0
2562753	0	0	0
2562957	0	0	0
2563510	0	0	0
2563638	0	0	0
2564718	0	0	0
2564832	0	0	0
2565410	0	0	0
2566197	-1	0	1
2567428	0	0	0
2567629	0	0	0
2568392	1	1	0
2568694	0	0	0
2570831	0	0	0
2571220	0	0	0
2571221	0	0	0
2571223	0	0	0
2572128	0	0	0
2572150	0	0	0
2572273	0	0	0
2573111	0	0	0
2573679	0	0	0
2574183	0	0	0
2574208	0	0	0
2574210	0	0	0
2574214	0	0	0
2574386	0	0	0
2574389	0	0	0
2574390	0	0	0
2574391	0	0	0
2574392	0	0	0
2574393	0	0	0
2574394	0	0	0
2575126	0	0	0
2575532	-1	0	1
2576374	0	0	0
2576431	0	0	0
2576432	0	0	0
2576433	0	0	0
2576996	0	0	0
2577662	-1	0	1
2577671	0	0	0
2578234	0	0	0
2578722	0	0	0
2578932	0	0	0
2579500	0	0	0
2579876	0	0	0
2580204	0	0	0
2580575	0	0	0
2580581	0	0	0
2581006	0	0	0
2581095	0	0	0
2581100	0	1	1
2581965	-1	0	1
2582690	0	0	0
2582840	0	0	0
2582884	1	1	0
2583299	-1	0	1
2583301	0	0	0
2584403	0	0	0
2584535	0	0	0
2585065	0	0	0
2585066	0	0	0
2585069	0	0	0
2585297	0	0	0
2585695	0	0	0
2586301	0	0	0
2586400	0	0	0
2586419	0	0	0
2586688	0	0	0
2586879	0	0	0
2587566	0	0	0
2587567	0	0	0
2587568	0	0	0
2587571	0	0	0
2588143	0	0	0
2588204	0	0	0
2588205	0	0	0
2589317	0	0	0
2589319	0	0	0
2590048	-1	0	1
2590451	0	0	0
2590453	0	0	0
2590455	0	0	0
2592291	1	1	0
2592292	0	0	0
2592293	0	1	1
2592296	0	0	0
2592910	0	0	0
2593555	0	0	0
2593560	0	0	0
2593593	0	0	0
2593598	0	0	0
2594143	0	0	0
2595392	0	0	0
2595898	0	0	0
2595926	0	0	0
2596048	0	0	0
2596160	1	1	0
2596279	0	0	0
2596431	0	0	0
2596432	0	0	0
2596452	0	0	0
2596606	-1	0	1
2596611	-1	0	1
2596892	-1	0	1
2597709	0	0	0
2597846	1	1	0
2597850	0	0	0
2597984	0	0	0
2598205	0	0	0
2599201	0	0	0
2599645	0	0	0
2599744	0	0	0
2599745	0	0	0
2599751	0	0	0
2600023	0	0	0
2600385	0	0	0
2600893	0	0	0
2600972	0	1	1
2600984	-1	0	1
2600988	0	0	0
2602270	0	0	0
2602346	0	0	0
2602354	0	0	0
2604329	0	0	0
2604902	0	0	0
2604944	0	0	0
2606855	0	0	0
2607082	0	0	0
2607086	0	0	0
2607875	0	0	0
2608221	0	0	0
2608971	0	0	0
2609309	0	0	0
2609883	0	0	0
2610595	0	0	0
2610597	-1	0	1
2610599	0	0	0
2610602	1	1	0
2611818	0	0	0
2612436	0	0	0
2612799	0	0	0
2614144	-1	0	1
2614147	-1	0	1
2614338	0	0	0
2614504	0	0	0
2614929	0	0	0
2615165	0	0	0
2615166	0	0	0
2615455	0	0	0
2615962	0	0	0
2616121	0	0	0
2616686	0	0	0
2616688	0	0	0
2617383	0	0	0
2617386	1	1	0
2618091	-1	0	1
2618281	-1	0	1
2618282	-1	0	1
2618439	0	0	0
2618441	0	0	0
2619063	0	0	0
2619066	0	0	0
2619414	0	0	0
2619647	0	0	0
2620228	0	1	1
2620656	0	1	1
2622151	0	0	0
2622623	1	1	0
2622685	-1	0	1
2623668	0	0	0
2623872	0	0	0
2623990	0	0	0
2624053	0	0	0
2624272	0	0	0
2624823	0	0	0
2626636	0	0	0
2626785	1	1	0
2626787	1	1	0
2626788	-1	0	1
2628009	0	0	0
2628657	0	0	0
2628721	-1	0	1
2629576	0	1	1
2629827	1	1	0
2631041	0	0	0
2631750	-1	0	1
2631959	0	0	0
2632688	0	0	0
2632853	0	0	0
2632854	0	0	0
2632857	0	0	0
2632860	0	0	0
2632861	0	0	0
2633807	0	0	0
2633835	0	0	0
2634997	0	0	0
2635220	0	0	0
2635221	0	0	0
2635222	0	0	0
2635223	0	0	0
2635226	0	0	0
2635627	0	0	0
2636019	0	0	0
2636871	0	0	0
2636970	0	0	0
2636971	0	0	0
2636972	0	0	0
2636973	0	0	0
2636974	0	0	0
2636977	0	0	0
2637186	0	0	0
2637573	0	0	0
2637927	0	0	0
2639145	0	0	0
2639806	0	0	0
2639807	0	0	0
2639939	0	0	0
2641524	0	0	0
2642746	0	0	0
2642901	1	1	0
2643635	0	0	0
2643637	0	0	0
2643710	0	0	0
2644172	0	0	0
2644794	0	0	0
2646264	1	1	0
2647323	-1	0	1
2647828	0	0	0
2647994	0	0	0
2648040	0	0	0
2648041	1	1	0
2648043	0	0	0
2648044	0	0	0
2648045	0	0	0
2648046	0	1	1
2648047	0	0	0
2648048	0	0	0
2648392	0	0	0
2648780	0	0	0
2649552	0	0	0
2649623	0	0	0
2649625	0	0	0
2649627	0	0	0
2649628	0	1	1
2649630	0	0	0
2649631	0	0	0
2650269	0	0	0
2652331	-1	0	1
2653360	-1	0	1
2654914	0	0	0
2654918	0	0	0
2654920	0	0	0
2654922	0	0	0
2655447	0	0	0
2655450	-1	0	1
2655505	0	0	0
2656359	0	0	0
2656684	0	0	0
2656687	0	0	0
2656688	0	0	0
2656931	0	0	0
2656933	0	0	0
2656935	0	0	0
2657239	0	0	0
2657388	0	0	0
2657391	0	0	0
2657392	0	0	0
2659074	0	0	0
2660310	0	0	0
2660566	0	0	0
2661183	0	0	0
2661538	0	0	0
2663113	0	0	0
2663116	0	0	0
2663679	0	0	0
2664064	0	0	0
2664068	0	0	0
2664069	-1	0	1
2664863	0	0	0
2666124	0	0	0
2666937	0	0	0
2667515	0	0	0
2667981	0	0	0
2668361	0	0	0
2669229	0	0	0
2669314	0	0	0
2669492	0	0	0
2670038	0	0	0
2670631	0	0	0
2670633	0	0	0
2670933	0	0	0
2671959	0	0	0
2672548	0	0	0
2672772	0	0	0
2673626	-1	0	1
2674054	0	0	0
2674057	0	0	0
2674058	0	0	0
2675088	0	0	0
2675782	0	0	0
2676807	0	0	0
2677529	0	0	0
2677598	0	0	0
2677639	-1	0	1
2679308	0	0	0
2679636	0	0	0
2679639	0	0	0
2680612	0	0	0
2680672	0	0	0
2681048	0	0	0
2681216	0	0	0
2682994	0	0	0
2683178	0	0	0
2683596	0	0	0
2683747	0	0	0
2684189	0	0	0
2684194	0	0	0
2684216	-1	0	1
2684773	0	0	0
2684775	0	0	0
2684781	1	1	0
2684782	1	1	0
2685123	0	0	0
2685563	0	0	0
2687315	-1	0	1
2687316	0	0	0
2687318	0	0	0
2687319	0	0	0
2687320	0	0	0
2687321	-1	0	1
2687655	0	0	0
2688720	0	0	0
2689400	0	0	0
2690010	-1	0	1
2690901	0	0	0
2691884	0	0	0
2692111	1	1	0
2692119	0	0	0
2693460	0	0	0
2694141	0	0	0
2694585	0	0	0
2694636	0	0	0
2695247	1	1	0
2697746	0	0	0
2697752	0	0	0
2697854	0	0	0
2699113	0	0	0
2699116	0	0	0
2699736	0	0	0
2699737	0	0	0
2700577	1	1	0
2700698	0	0	0
2701641	0	0	0
2701654	0	0	0
2702800	0	0	0
2702805	1	1	0
2702809	1	1	0
2703423	0	0	0
2703595	0	0	0
2704000	0	0	0
2704004	0	0	0
2704395	0	0	0
2705676	0	0	0
2705678	0	0	0
2705684	0	0	0
2706132	0	0	0
2706813	0	0	0
2707213	0	0	0
2707459	0	0	0
2707491	0	0	0
2707698	0	0	0
2707985	0	0	0
2708385	-1	0	1
2708705	0	0	0
2708726	0	0	0
2709010	-1	0	1
2709146	0	0	0
2709499	0	0	0
2710817	0	0	0
2711058	0	0	0
2713030	0	0	0
2713387	0	0	0
2713388	0	0	0
2713574	0	0	0
2714164	0	0	0
2714193	-1	0	1
2714198	-1	0	1
2714211	0	0	0
2714216	-1	0	1
2714217	-1	0	1
2714348	1	1	0
2714754	0	0	0
2715359	0	0	0
2715363	0	0	0
2716473	0	0	0
2716477	0	0	0
2716697	0	0	0
2717497	0	0	0
2717863	-1	0	1
2719443	0	0	0
2719505	0	0	0
2719507	0	0	0
2719509	0	0	0
2720251	0	0	0
2720252	0	0	0
2720301	0	0	0
2722036	0	0	0
2722081	-1	0	1
2723114	0	0	0
2724136	-1	0	1
2724932	0	0	0
2725149	0	0	0
2725712	-1	0	1
2726093	0	0	0
2726144	0	0	0
2726145	0	0	0
2726146	0	0	0
2726147	0	0	0
2726540	0	0	0
2726587	0	0	0
2726589	0	0	0
2727050	0	0	0
2727759	1	1	0
2728448	0	0	0
2728522	0	0	0
2728908	0	0	0
2729017	0	0	0
2729173	1	1	0
2729179	0	0	0
2729181	0	0	0
2730100	-1	0	1
2730198	0	0	0
2730199	1	1	0
2730618	-1	0	1
2731617	0	0	0
2731820	0	0	0
2732133	0	0	0
2732684	0	0	0
2733050	0	0	0
2734676	0	0	0
2735100	1	1	0
2735215	0	0	0
2735216	-1	0	1
2735219	0	0	0
2735584	0	0	0
2735613	0	0	0
2735658	0	0	0
2735743	0	0	0
2735814	0	0	0
2738014	0	0	0
2742137	0	0	0
2742794	-1	0	1
2743176	0	1	1
2743178	0	1	1
2743181	0	1	1
2743185	0	1	1
2743999	0	0	0
2744426	0	0	0
2744428	-1	0	1
2744835	0	0	0
2744836	0	0	0
2744840	0	0	0
2744841	0	0	0
2744861	0	0	0
2744909	-1	0	1
2745553	1	1	0
2745554	0	0	0
2745579	0	0	0
2745582	0	0	0
2745855	0	0	0
2746160	0	0	0
2746161	0	0	0
2746163	1	1	0
2746202	0	1	1
2746203	1	1	0
2746204	0	1	1
2746205	0	0	0
2746206	0	0	0
2746208	1	1	0
2746505	-1	0	1
2746507	0	0	0
2746508	0	0	0
2747376	0	0	0
2747377	0	0	0
2747439	-1	0	1
2747441	0	0	0
2747442	0	0	0
2747443	0	0	0
2747445	-1	0	1
2747447	-1	0	1
2747765	0	0	0
2747766	0	0	0
2748293	0	0	0
2748294	0	0	0
2748296	0	0	0
2748408	0	0	0
2749029	0	0	0
2749032	0	0	0
2749369	0	0	0
2750157	0	0	0
2750168	1	1	0
2751871	0	0	0
2751911	0	0	0
2753148	0	0	0
2753223	0	0	0
2753229	-1	0	1
2753498	0	0	0
2753503	0	0	0
2753979	0	0	0
2754109	0	0	0
2755006	0	0	0
2755017	0	0	0
2756113	1	1	0
2756565	0	0	0
2756744	0	0	0
2757446	0	0	0
2758874	0	0	0
2758880	0	0	0
2759707	-1	0	1
2760279	0	0	0
2760296	0	0	0
2762485	0	1	1
2763239	0	0	0
2765284	0	0	0
2766291	0	0	0
2766448	0	0	0
2767236	0	0	0
2767913	0	0	0
2768962	0	0	0
2768964	-1	0	1
2769176	-1	0	1
2769257	0	0	0
2769258	0	0	0
2769947	0	0	0
2769950	0	0	0
2770853	0	0	0
2771567	0	0	0
2773126	0	0	0
2773192	1	1	0
2773207	-1	0	1
2775280	0	0	0
2777112	1	1	0
2777113	0	0	0
2777132	0	0	0
2777133	0	0	0
2777623	0	0	0
2777625	0	0	0
2778184	0	0	0
2778276	0	0	0
2778277	0	0	0
2778278	0	0	0
2778283	0	0	0
2778476	0	0	0
2778645	0	1	1
2778656	0	0	0
2778658	0	0	0
2778661	0	0	0
2778663	0	0	0
2778665	0	0	0
2779692	0	0	0
2779694	0	0	0
2779695	0	0	0
2779697	0	0	0
2779698	0	0	0
2779818	0	0	0
2779820	0	0	0
2781019	0	0	0
2781020	0	0	0
2781022	0	0	0
2781024	0	0	0
2781025	0	0	0
2781719	0	0	0
2782055	0	0	0
2782237	0	0	0
2782859	0	0	0
2783152	0	0	0
2783263	-1	0	1
2785303	0	0	0
2786623	0	0	0
2786784	0	0	0
2788114	0	0	0
2788117	0	0	0
2788470	0	0	0
2788555	1	1	0
2789726	-1	0	1
2790904	0	0	0
2791839	-1	0	1
2791890	0	0	0
2792684	0	0	0
2792685	-1	0	1
2792886	0	0	0
2793182	-1	0	1
2793183	-1	0	1
2793186	0	0	0
2793728	0	0	0
2795232	0	0	0
2796191	0	0	0
2796241	0	0	0
2796825	0	0	0
2796830	0	0	0
2797183	0	0	0
2797206	0	0	0
2797209	0	0	0
2797210	0	0	0
2797213	0	0	0
2797957	0	0	0
2798083	0	0	0
2798497	0	1	1
2799186	0	0	0
2799539	0	0	0
2799881	0	0	0
2800175	-1	0	1
2801455	0	0	0
2801460	0	0	0
2801542	0	0	0
2801983	0	0	0
2802154	0	0	0
2802631	-1	0	1
2803954	0	0	0
2804001	0	0	0
2804937	0	0	0
2805325	0	0	0
2805681	0	0	0
2806402	0	0	0
2807054	0	0	0
2807604	0	0	0
2809238	0	0	0
2809245	0	0	0
2810299	0	0	0
2810302	1	1	0
2810756	0	0	0
2811153	0	0	0
2811563	0	0	0
2811886	0	0	0
2813958	0	0	0
2813959	0	0	0
2814735	0	0	0
2814897	0	0	0
2816014	0	0	0
2818967	0	0	0
2819195	0	0	0
2819855	0	0	0
2819976	0	0	0
2821153	0	0	0
2821265	1	1	0
2821270	-1	0	1
2821272	0	0	0
2821472	0	1	1
2821507	0	0	0
2821514	0	0	0
2821781	0	0	0
2822452	0	0	0
2824400	1	1	0
2824911	0	0	0
2824913	0	0	0
2825729	0	0	0
2826254	0	0	0
2826342	0	0	0
2826510	0	0	0
2826513	0	0	0
2826695	0	0	0
2827280	0	0	0
2827301	0	0	0
2827986	0	0	0
2828565	0	0	0
2828693	0	0	0
2828698	0	0	0
2829903	0	0	0
2830103	0	0	0
2830291	0	0	0
2830521	0	0	0
2831393	0	0	0
2831396	0	0	0
2831781	0	0	0
2831929	0	0	0
2832017	0	0	0
2832890	0	0	0
2833860	0	0	0
2834821	-1	0	1
2835007	0	0	0
2835334	1	1	0
2836348	0	0	0
2836351	0	0	0
2836496	0	0	0
2836777	0	0	0
2836785	0	0	0
2837792	0	0	0
2837967	0	0	0
2837969	0	0	0
2837973	0	0	0
2837975	0	0	0
2838313	0	0	0
2838662	0	0	0
2838943	0	0	0
2838947	0	0	0
2838949	0	0	0
2839412	0	0	0
2839763	0	0	0
2839827	-1	0	1
2839870	0	0	0
2839872	0	0	0
2839915	0	0	0
2840155	0	0	0
2840156	0	0	0
2840370	0	0	0
2840538	0	0	0
2840559	0	0	0
2840563	0	0	0
2840838	0	0	0
2842049	0	0	0
2842546	0	0	0
2842587	0	0	0
2843552	0	0	0
2843553	0	0	0
2843953	0	0	0
2843956	0	0	0
2844321	0	0	0
2844556	0	0	0
2846267	0	0	0
2848065	0	0	0
2848066	0	0	0
2848392	0	0	0
2848592	0	0	0
2848832	0	0	0
2848950	0	0	0
2848952	0	0	0
2848954	0	0	0
2849149	0	0	0
2849308	0	0	0
2849493	0	0	0
2849500	0	0	0
2849501	0	0	0
2849503	-1	0	1
2849675	0	0	0
2850740	0	0	0
2850860	0	0	0
2850862	0	0	0
2851315	0	0	0
2851555	0	0	0
2851559	0	0	0
2852302	0	0	0
2852462	0	0	0
2852464	0	0	0
2852465	0	0	0
2852468	0	0	0
2852816	0	0	0
2852818	0	0	0
2852821	0	0	0
2853088	1	1	0
2853132	0	0	0
2853137	0	0	0
2853300	0	0	0
2854195	0	0	0
2854237	0	0	0
2854815	-1	0	1
2855322	0	0	0
2855325	-1	0	1
2855574	0	0	0
2855575	0	0	0
2855813	0	0	0
2855921	0	0	0
2855923	0	0	0
2855924	0	0	0
2856044	0	0	0
2856326	0	0	0
2856328	1	1	0
2856512	0	0	0
2858167	0	0	0
2858213	0	0	0
2859343	0	0	0
2859347	0	0	0
2859357	0	0	0
2859501	0	0	0
2859922	0	0	0
2860755	0	0	0
2861634	-1	0	1
2861635	0	0	0
2862106	0	0	0
2862135	0	0	0
2862515	0	0	0
2862518	0	0	0
2862522	0	0	0
2862956	0	0	0
2863036	0	0	0
2863559	0	0	0
2863560	0	0	0
2863561	0	0	0
2863563	0	0	0
2863791	0	0	0
2863797	0	0	0
2864341	0	0	0
2864403	0	1	1
2864405	0	1	1
2864407	1	1	0
2865458	0	0	0
2865508	-1	0	1
2865638	0	0	0
2866150	0	0	0
2866157	0	0	0
2866758	0	0	0
2867224	0	0	0
2867265	0	0	0
2867643	0	0	0
2867646	0	0	0
2868157	0	0	0
2869985	0	0	0
2870732	0	0	0
2871347	0	0	0
2871896	0	0	0
2872945	-1	0	1
2872948	-1	0	1
2872949	1	1	0
2872950	-1	0	1
2872951	0	1	1
2874379	0	0	0
2874383	0	0	0
2875467	0	0	0
2875717	0	0	0
2877078	0	0	0
2878717	0	0	0
2878819	0	0	0
2879120	0	0	0
2879177	1	1	0
2879766	0	0	0
2879839	0	0	0
2879886	0	0	0
2880922	0	0	0
2881410	0	0	0
2881563	0	0	0
2884641	0	0	0
2884642	0	0	0
2885290	0	0	0
2885354	0	0	0
2885360	0	0	0
2886160	0	0	0
2887137	0	0	0
2887342	0	0	0
2887349	0	0	0
2887482	0	0	0
2887487	0	0	0
2887511	0	0	0
2887897	0	0	0
2888168	0	0	0
2890124	-1	0	1
2890160	0	0	0
2890161	0	0	0
2890315	0	0	0
2890420	0	0	0
2890423	0	0	0
2890898	0	0	0
2891239	0	0	0
2891573	0	0	0
2892017	0	0	0
2893051	0	0	0
2893272	1	1	0
2893506	0	0	0
2893705	0	0	0
2894852	0	0	0
2895662	0	0	0
2897244	-1	0	1
2897248	-1	0	1
2898162	0	0	0
2898327	0	0	0
2899862	1	1	0
2899958	0	0	0
2900124	0	0	0
2901293	0	0	0
2901296	0	0	0
2901298	0	0	0
2903177	0	0	0
2903339	0	0	0
2903352	0	0	0
2903843	0	0	0
2904006	0	0	0
2904011	0	0	0
2904337	0	0	0
2904908	0	0	0
2904914	0	0	0
2905134	0	0	0
2906596	0	0	0
2907546	0	0	0
2907563	0	0	0
2907651	0	0	0
2907756	0	0	0
2908559	-1	0	1
2908560	-1	0	1
2908561	-1	0	1
2908565	-1	0	1
2908567	-1	0	1
2909954	0	0	0
2909960	0	0	0
2909961	0	0	0
2910184	0	0	0
2910226	0	0	0
2910642	0	0	0
2910749	1	1	0
2910906	0	0	0
2911035	0	0	0
2911039	0	0	0
2911040	0	0	0
2911292	-1	0	1
2911527	0	1	1
2911528	0	1	1
2911529	0	1	1
2911530	0	1	1
2911531	0	1	1
2911533	0	1	1
2911535	0	1	1
2911536	0	1	1
2912980	0	0	0
2914466	-1	0	1
2914818	0	0	0
2915187	0	0	0
2915261	0	0	0
2915327	0	0	0
2915641	0	0	0
2916636	0	0	0
2916681	0	0	0
2918206	0	0	0
2918470	-1	0	1
2918471	-1	0	1
2918858	0	0	0
2919128	1	1	0
2919166	0	0	0
2919172	0	0	0
2919174	0	0	0
2919429	-1	0	1
2919453	-1	0	1
2919622	0	0	0
2920072	0	0	0
2921150	0	0	0
2921151	0	0	0
2921164	0	0	0
2921903	-1	0	1
2922053	0	0	0
2922054	0	0	0
2922141	0	0	0
2922142	0	0	0
2922145	0	0	0
2922147	0	0	0
2922335	0	0	0
2922457	0	0	0
2922460	0	0	0
2922823	0	0	0
2922825	0	0	0
2922828	0	0	0
2923450	1	1	0
2923451	1	1	0
2923454	1	1	0
2923494	0	0	0
2923497	0	0	0
2923930	0	0	0
2924409	0	0	0
2925378	0	0	0
2925418	0	0	0
2925865	0	0	0
2925968	0	0	0
2925975	0	0	0
2927299	-1	0	1
2928507	0	0	0
2929088	0	0	0
2929267	0	0	0
2929465	0	0	0
2929469	0	0	0
2930274	0	1	1
2930359	0	0	0
2932280	0	0	0
2933035	-1	0	1
2933749	-1	0	1
2933783	-1	0	1
2933788	-1	0	1
2933790	0	0	0
2933791	0	0	0
2934125	0	0	0
2934310	-1	0	1
2934586	0	0	0
2934742	0	0	0
2936719	0	0	0
2936846	1	1	0
2939128	1	1	0
2939904	0	0	0
2941071	0	0	0
2942058	0	0	0
2942076	0	0	0
2942156	0	0	0
2942442	0	0	0
2942563	0	0	0
2942570	0	0	0
2943087	0	0	0
2943295	0	0	0
2943693	0	0	0
2944599	0	0	0
2944952	0	0	0
2945405	0	0	0
2947674	-1	0	1
2948269	0	0	0
2948276	0	0	0
2948535	0	0	0
2948718	0	0	0
2950088	0	0	0
2950091	1	1	0
2950125	0	0	0
2950590	0	0	0
2951065	0	0	0
2951083	0	0	0
2951176	0	0	0
2951883	0	0	0
2952410	0	0	0
2952588	0	0	0
2954410	0	0	0
2954848	0	0	0
2954963	0	0	0
2955239	0	0	0
2955504	0	0	0
2955539	0	0	0
2956605	0	0	0
2957134	0	0	0
2958020	0	0	0
2958112	0	0	0
2958127	0	0	0
2958131	0	0	0
2958133	0	0	0
2958389	0	0	0
2958477	0	0	0
2958728	0	0	0
2958729	0	0	0
2958917	0	0	0
2959996	1	1	0
2960002	1	1	0
2960209	0	0	0
2960407	0	0	0
2960561	0	0	0
2960563	0	0	0
2961477	0	0	0
2961568	0	0	0
2961569	0	0	0
2961755	0	0	0
2962550	0	0	0
2962637	0	0	0
2962642	0	0	0
2963920	0	0	0
2964479	0	0	0
2964891	0	1	1
2964892	-1	0	1
2965277	0	0	0
2965818	0	0	0
2966995	0	0	0
2967747	0	0	0
2967748	0	0	0
2967773	0	0	0
2967774	0	0	0
2967776	0	0	0
2967780	0	0	0
2968362	0	0	0
2968767	0	0	0
2971415	0	0	0
2971620	0	0	0
2971621	0	0	0
2973048	0	0	0
2973452	0	0	0
2973453	-1	0	1
2973454	0	0	0
2973455	0	0	0
2973719	0	0	0
2974539	0	0	0
2974542	0	0	0
2975217	0	1	1
2975222	0	0	0
2975885	0	0	0
2975888	0	0	0
2976015	0	0	0
2977603	0	0	0
2978055	0	0	0
2978866	-1	0	1
2978868	-1	0	1
2978870	-1	0	1
2978890	0	0	0
2979051	0	0	0
2979797	0	0	0
2979994	-1	0	1
2980672	0	0	0
2980807	0	0	0
2980998	0	0	0
2981033	0	0	0
2981190	0	0	0
2981255	0	0	0
2981322	-1	0	1
2981724	-1	0	1
2983037	0	0	0
2983965	0	0	0
2984294	1	1	0
2986227	0	0	0
2986944	0	0	0
2988070	0	0	0
2988172	0	0	0
2988516	0	0	0
2989315	-1	0	1
2989744	-1	0	1
2990402	0	0	0
2991277	0	0	0
2991343	0	0	0
2991347	0	0	0
2991718	0	0	0
2991722	0	0	0
2992128	0	0	0
2992372	-1	0	1
2992373	0	0	0
2992522	0	0	0
2992525	0	0	0
2992526	0	0	0
2992527	0	0	0
2993333	1	1	0
2993337	1	1	0
2993408	0	0	0
2993858	0	0	0
2994394	0	0	0
2994581	0	0	0
2995099	0	0	0
2995241	0	0	0
2995606	-1	0	1
2995615	0	0	0
2995633	0	0	0
2996070	0	0	0
2998888	0	0	0
2998889	-1	0	1
2998893	0	0	0
2999422	0	0	0
3000824	0	0	0
3001339	0	0	0
3001564	-1	0	1
3002079	0	0	0
3002663	0	0	0
3002935	-1	0	1
3004209	-1	0	1
3004254	0	0	0
3006259	0	0	0
3006261	-1	0	1
3006482	1	1	0
3006636	-1	0	1
3007575	0	0	0
3007982	0	0	0
3007987	0	0	0
3008215	0	0	0
3008260	0	0	0
3008978	0	0	0
3009692	0	0	0
3011131	0	0	0
3011769	0	0	0
3012018	0	0	0
3012019	0	0	0
3012020	0	0	0
3012021	0	0	0
3012024	0	0	0
3012374	0	0	0
3012784	0	0	0
3013208	0	0	0
3013595	0	0	0
3013673	0	0	0
3013676	0	0	0
3013974	0	0	0
3013975	0	0	0
3013978	0	0	0
3013979	0	0	0
3013980	0	0	0
3015643	0	0	0
3016121	0	0	0
3016123	1	1	0
3016358	0	0	0
3016359	0	0	0
3017236	0	0	0
3017239	0	0	0
3017241	0	0	0
3017242	0	0	0
3017244	0	0	0
3017630	0	0	0
3018981	0	0	0
3019598	0	0	0
3019639	0	0	0
3019770	0	0	0
3020210	0	0	0
3020269	0	0	0
3020770	0	0	0
3020790	0	0	0
3020791	0	0	0
3021252	0	0	0
3022289	0	0	0
3022430	1	1	0
3022431	1	1	0
3022434	0	0	0
3022559	0	0	0
3023471	0	0	0
3023876	0	0	0
3025072	0	0	0
3025074	0	0	0
3025075	0	0	0
3025464	-1	0	1
3025708	1	1	0
3025709	1	1	0
3025811	0	0	0
3025817	0	0	0
3026054	0	0	0
3026058	0	0	0
3026061	0	0	0
3026662	0	0	0
3026663	0	0	0
3027112	0	0	0
3027817	1	1	0
3028406	0	0	0
3029052	0	0	0
3029152	-1	0	1
3029222	0	0	0
3029284	0	0	0
3030017	0	1	1
3030044	0	0	0
3030046	0	0	0
3030327	1	1	0
3030330	0	0	0
3030334	0	0	0
3030530	0	0	0
3030847	-1	0	1
3032095	0	0	0
3032127	0	0	0
3032132	0	0	0
3032227	0	0	0
3032647	0	1	1
3033094	0	0	0
3033359	0	0	0
3033991	0	0	0
3034635	0	0	0
3035782	0	0	0
3036005	0	0	0
3036608	-1	0	1
3036611	1	1	0
3038853	0	0	0
3038854	0	0	0
3038859	0	0	0
3039119	0	0	0
3039205	0	0	0
3039712	0	0	0
3040387	0	0	0
3040668	0	0	0
3040867	1	1	0
3040921	0	0	0
3041389	0	0	0
3042260	0	0	0
3044117	0	0	0
3044121	0	0	0
3044309	0	0	0
3044314	0	0	0
3044965	0	0	0
3045818	0	0	0
3046025	0	0	0
3048982	1	1	0
3050208	0	0	0
3051431	0	0	0
3051780	0	0	0
3052112	0	0	0
3052379	-1	0	1
3052883	-1	0	1
3053388	1	1	0
3054029	0	0	0
3054339	0	0	0
3054400	0	0	0
3055711	0	0	0
3056018	0	0	0
3056065	0	0	0
3056066	0	0	0
3056068	0	1	1
3056070	0	0	0
3056368	0	0	0
3056406	0	0	0
3056815	0	0	0
3056817	0	0	0
3056821	0	0	0
3056823	0	0	0
3057945	0	0	0
3057947	0	0	0
3057950	0	0	0
3057952	0	0	0
3058372	0	0	0
3059133	0	0	0
3059541	0	0	0
3059590	0	0	0
3059593	0	0	0
3060227	-1	0	1
3060485	1	1	0
3060799	0	0	0
3060836	0	0	0
3061457	0	0	0
3062828	0	1	1
3062833	0	0	0
3062834	0	1	1
3062885	0	0	0
3062894	1	1	0
3062896	0	1	1
3062898	1	1	0
3063308	0	0	0
3063526	0	0	0
3064325	1	1	0
3064461	0	0	0
3064822	0	1	1
3064823	0	1	1
3064824	0	1	1
3064825	0	1	1
3064826	1	1	0
3064828	1	1	0
3064830	1	1	0
3064893	-1	0	1
3064895	0	0	0
3064900	0	0	0
3064902	0	0	0
3065105	0	0	0
3065864	0	0	0
3065865	0	0	0
3065960	0	0	0
3066261	0	0	0
3068607	0	0	0
3068859	0	0	0
3069331	0	0	0
3070311	0	0	0
3070383	0	0	0
3070880	0	0	0
3071059	0	0	0
3071738	0	0	0
3073808	0	0	0
3074140	-1	0	1
3074196	0	0	0
3074583	0	0	0
3074638	0	0	0
3074642	0	0	0
3074646	0	0	0
3074959	0	0	0
3074962	0	0	0
3074965	0	0	0
3075455	0	0	0
3076348	0	0	0
3076668	0	0	0
3077154	0	0	0
3077624	0	0	0
3079192	0	0	0
3079554	0	0	0
3079992	0	0	0
3080142	1	1	0
3080301	0	0	0
3080730	0	0	0
3080801	0	0	0
3081626	0	0	0
3081885	1	1	0
3081887	1	1	0
3082869	0	0	0
3083444	0	0	0
3084228	1	1	0
3084230	1	1	0
3084236	1	1	0
3084972	0	0	0
3085083	0	0	0
3085086	0	0	0
3085301	0	0	0
3085442	0	0	0
3085985	0	0	0
3085986	0	0	0
3086011	0	0	0
3087168	0	0	0
3087170	-1	0	1
3087171	0	0	0
3087172	0	0	0
3087174	0	1	1
3087176	-1	0	1
3087177	0	0	0
3088731	0	0	0
3089953	0	0	0
3090484	1	1	0
3090663	0	0	0
3090666	0	0	0
3090668	0	0	0
3090670	0	0	0
3090672	0	0	0
3091624	-1	0	1
3092409	1	1	0
3092551	0	0	0
3092569	-1	0	1
3092810	0	0	0
3092920	0	0	0
3093215	0	0	0
3093943	1	1	0
3094040	0	0	0
3094515	0	0	0
3094674	0	0	0
3094676	0	0	0
3095290	0	0	0
3095741	0	0	0
3096720	0	0	0
3096721	0	0	0
3096724	0	0	0
3096726	0	0	0
3096874	0	0	0
3097207	0	0	0
3097745	-1	0	1
3097812	1	1	0
3099755	0	0	0
3099759	0	0	0
3099983	0	0	0
3100222	-1	0	1
3100223	0	0	0
3100228	0	0	0
3100798	-1	0	1
3102294	-1	0	1
3102299	-1	0	1
3103384	0	0	0
3104605	0	0	0
3105053	0	0	0
3105430	1	1	0
3106724	0	0	0
3107593	0	0	0
3107710	0	0	0
3107714	0	0	0
3107787	0	0	0
3108360	0	0	0
3108391	-1	0	1
3109273	0	1	1
3109277	0	1	1
3109278	-1	0	1
3109308	0	0	0
3109310	0	0	0
3109312	0	0	0
3109316	0	0	0
3110071	0	0	0
3110100	0	1	1
3111079	0	0	0
3111724	0	0	0
3112204	0	0	0
3112498	0	0	0
3113564	0	0	0
3117059	0	0	0
3117262	0	0	0
3117263	1	1	0
3117267	0	0	0
3118069	0	0	0
3120008	0	0	0
3120411	0	0	0
3122373	0	0	0
3122705	0	0	0
3122878	0	0	0
3123350	-1	0	1
3125682	0	0	0
3125753	0	0	0
3125854	0	0	0
3126571	0	0	0
3126923	0	0	0
3127006	0	0	0
3127071	0	0	0
3127453	0	0	0
3127581	0	0	0
3128022	0	0	0
3128478	-1	0	1
3128844	-1	0	1
3128847	-1	0	1
3130879	0	0	0
3132208	0	0	0
3132209	-1	0	1
3132822	0	0	0
3133667	0	0	0
3133669	0	0	0
3133671	0	0	0
3133714	-1	0	1
3133715	0	0	0
3133719	0	1	1
3133720	0	1	1
3133721	0	1	1
3133722	-1	0	1
3133963	0	0	0
3134790	0	0	0
3134798	0	0	0
3136206	0	0	0
3136304	0	0	0
3136307	0	0	0
3136519	0	0	0
3136521	0	0	0
3137010	0	0	0
3137651	-1	0	1
3137664	0	0	0
3138645	0	0	0
3138982	0	0	0
3139056	0	0	0
3139452	0	0	0
3139457	0	0	0
3139901	0	0	0
3140430	0	1	1
3140903	0	0	0
3141250	0	0	0
3141413	-1	0	1
3141905	0	0	0
3142431	0	0	0
3143377	0	0	0
3144040	0	0	0
3144779	0	0	0
3145555	0	0	0
3145607	0	1	1
3146236	0	0	0
3146238	0	0	0
3146240	0	0	0
3148546	0	0	0
3148844	-1	0	1
3148920	-1	0	1
3148923	-1	0	1
3149056	0	0	0
3149060	0	0	0
3149859	0	0	0
3149918	0	0	0
3149960	0	0	0
3150194	0	0	0
3150399	0	0	0
3152868	0	0	0
3152904	0	0	0
3152918	-1	0	1
3153068	0	0	0
3153200	0	0	0
3153866	0	0	0
3153868	0	0	0
3153872	0	0	0
3154688	1	1	0
3155027	0	0	0
3156088	0	0	0
3156117	0	0	0
3156243	0	0	0
3156949	0	0	0
3156954	0	0	0
3159992	0	0	0
3160522	0	0	0
3160598	0	0	0
3160876	0	0	0
3160920	0	0	0
3161953	0	0	0
3162331	0	0	0
3162904	0	0	0
3163095	0	0	0
3163673	0	0	0
3163766	0	0	0
3163775	0	0	0
3163839	0	0	0
3163980	0	0	0
3164390	0	0	0
3164493	0	0	0
3165731	0	0	0
3166790	0	0	0
3167663	0	0	0
3167664	0	0	0
3167665	0	0	0
3167666	0	0	0
3167667	0	0	0
3167668	0	0	0
3167669	0	0	0
3167670	0	0	0
3167671	0	0	0
3167806	0	0	0
3168793	0	0	0
3168915	0	0	0
3168923	0	0	0
3169993	0	0	0
3170458	0	0	0
3170549	0	0	0
3171241	0	0	0
3171243	0	0	0
3173623	0	0	0
3174315	0	0	0
3174434	0	0	0
3174632	0	0	0
3174638	0	0	0
3174840	0	0	0
3175481	0	0	0
3175483	0	0	0
3175484	0	0	0
3176045	0	0	0
3176541	0	0	0
3176542	0	0	0
3176543	0	0	0
3176548	0	0	0
3176609	0	0	0
3176611	0	0	0
3176613	0	0	0
3176615	0	0	0
3176818	0	1	1
3177058	0	0	0
3177320	0	0	0
3177323	0	0	0
3177328	0	0	0
3177691	0	0	0
3177692	0	0	0
3177700	0	0	0
3178377	0	0	0
3178589	0	0	0
3178643	0	0	0
3179086	0	1	1
3179088	-1	0	1
3179091	-1	0	1
3179094	-1	0	1
3179170	-1	0	1
3179612	0	0	0
3180357	0	0	0
3180365	0	0	0
3180380	0	0	0
3182186	-1	0	1
3182199	0	0	0
3183405	1	1	0
3183908	0	0	0
3184632	0	0	0
3184850	0	0	0
3184851	0	0	0
3185550	0	0	0
3185551	0	0	0
3185714	0	0	0
3186349	0	0	0
3186463	0	0	0
3186996	0	0	0
3189306	0	0	0
3190045	0	0	0
3190047	0	0	0
3190143	0	0	0
3190249	1	1	0
3190255	1	1	0
3190706	0	0	0
3190733	0	0	0
3190856	0	0	0
3190876	0	0	0
3191135	-1	0	1
3191190	1	1	0
3191425	0	0	0
3191490	0	0	0
3191495	0	0	0
3193824	0	0	0
3195256	0	0	0
3196981	0	0	0
3197417	0	0	0
3197713	1	1	0
3197720	1	1	0
3198047	0	0	0
3198098	0	0	0
3198172	0	0	0
3198392	-1	0	1
3198680	0	0	0
3198682	0	0	0
3198687	0	0	0
3198689	0	0	0
3199012	0	1	1
3199146	0	0	0
3199706	0	0	0
3200129	0	0	0
3201139	0	0	0
3201142	0	0	0
3201143	0	0	0
3201145	0	0	0
3201645	0	0	0
3201978	0	0	0
3202489	0	0	0
3204208	0	0	0
3204218	0	0	0
3204337	0	0	0
3204602	-1	0	1
3205046	0	0	0
3205214	0	0	0
3205216	0	0	0
3205221	0	0	0
3206256	0	0	0
3206289	1	1	0
3206972	0	0	0
3207829	0	0	0
3208181	0	0	0
3208598	0	0	0
3208600	0	0	0
3209002	-1	0	1
3209840	0	0	0
3210390	0	0	0
3210488	0	0	0
3210668	0	0	0
3210752	0	0	0
3210753	0	0	0
3210754	0	0	0
3210755	0	0	0
3211933	0	0	0
3211996	1	1	0
3213416	0	0	0
3213669	0	0	0
3214199	0	0	0
3214680	0	0	0
3214845	0	0	0
3214921	0	0	0
3215625	0	0	0
3215627	0	0	0
3216062	0	0	0
3216264	0	0	0
3216315	0	0	0
3217930	0	0	0
3217933	0	0	0
3218148	0	0	0
3218442	0	0	0
3219504	0	0	0
3219547	0	0	0
3219747	0	0	0
3220484	0	0	0
3220569	0	0	0
3221314	0	0	0
3222691	0	0	0
3222730	0	0	0
3223220	0	1	1
3223831	0	0	0
3223833	0	0	0
3225197	0	0	0
3225208	0	0	0
3225217	0	0	0
3225282	0	0	0
3225283	0	0	0
3225890	0	0	0
3226150	0	0	0
3226549	0	0	0
3226594	0	0	0
3226695	-1	0	1
3226696	-1	0	1
3226697	0	1	1
3226698	0	0	0
3226699	0	1	1
3226701	0	1	1
3226703	-1	0	1
3226858	1	1	0
3226864	1	1	0
3226866	0	0	0
3227313	0	0	0
3227317	0	0	0
3228490	0	0	0
3228491	0	0	0
3229014	-1	0	1
3229060	-1	0	1
3229446	0	0	0
3229918	0	1	1
3230587	0	0	0
3230589	0	0	0
3231230	0	0	0
3231416	0	0	0
3231417	0	0	0
3231418	0	0	0
3231422	0	0	0
3232197	0	0	0
3232352	1	1	0
3232665	0	0	0
3233141	0	0	0
3233670	0	0	0
3234274	0	0	0
3234275	0	0	0
3235364	0	0	0
3235777	0	0	0
3236045	0	0	0
3236200	0	0	0
3236287	1	1	0
3237449	0	0	0
3237528	0	0	0
3237532	0	0	0
3238044	0	0	0
3239343	0	0	0
3240884	0	0	0
3241539	0	0	0
3241570	0	0	0
3241572	0	0	0
3243299	0	0	0
3243806	0	0	0
3243807	-1	0	1
3243808	0	0	0
3243809	0	0	0
3243810	0	0	0
3243812	0	1	1
3243813	0	0	0
3243814	0	0	0
3243815	0	0	0
3244327	0	0	0
3244331	0	0	0
3244334	0	0	0
3244502	-1	0	1
3244555	0	0	0
3244556	0	0	0
3244560	0	0	0
3244628	0	0	0
3245030	-1	0	1
3245187	0	0	0
3245820	0	0	0
3245971	1	1	0
3247039	0	0	0
3247732	1	1	0
3248652	0	0	0
3248659	0	0	0
3249720	0	0	0
3249756	0	0	0
3250421	0	0	0
3250425	0	0	0
3250558	0	0	0
3251776	0	0	0
3252659	0	0	0
3252790	0	0	0
3253003	0	0	0
3253456	0	0	0
3253713	0	0	0
3254179	0	0	0
3254180	1	1	0
3254185	0	0	0
3254304	1	1	0
3254506	0	1	1
3254807	1	1	0
3254898	0	0	0
3256163	-1	0	1
3256325	0	0	0
3257520	1	1	0
3257523	0	1	1
3257629	-1	0	1
3260045	0	0	0
3260376	0	0	0
3260467	0	0	0
3261025	0	0	0
3261579	0	0	0
3261871	0	0	0
3262257	0	0	0
3262318	0	0	0
3262320	0	0	0
3262321	0	0	0
3262500	0	0	0
3263657	0	0	0
3263727	0	0	0
3265410	0	0	0
3266002	0	0	0
3267398	0	0	0
3267694	0	0	0
3268287	-1	0	1
3268373	0	0	0
3268770	0	0	0
3268816	0	0	0
3268819	0	0	0
3270136	0	0	0
3270557	0	1	1
3270559	0	0	0
3271087	0	0	0
3271896	0	0	0
3271899	0	0	0
3272286	0	0	0
3272343	0	0	0
3272352	0	0	0
3272357	0	0	0
3273155	0	0	0
3274343	-1	0	1
3274736	0	0	0
3274738	0	0	0
3274739	0	0	0
3275714	0	0	0
3275715	0	0	0
3275717	0	0	0
3276288	0	0	0
3276550	0	0	0
3276631	-1	0	1
3276633	0	0	0
3276640	0	0	0
3278748	0	0	0
3278834	0	0	0
3278837	0	0	0
3278838	0	0	0
3279257	0	0	0
3279349	0	0	0
3279350	0	0	0
3280121	0	0	0
3280174	0	0	0
3280818	0	0	0
3281050	0	1	1
3283022	0	0	0
3283038	0	0	0
3283090	0	0	0
3284441	0	0	0
3284463	0	0	0
3284940	0	0	0
3285425	0	0	0
3285586	0	0	0
3285667	0	0	0
3285779	0	0	0
3285930	0	0	0
3286831	0	0	0
3287451	0	0	0
3287454	0	0	0
3287457	0	0	0
3287690	-1	0	1
3289234	0	0	0
3289568	0	0	0
3290950	0	0	0
3291059	0	1	1
3291146	1	1	0
3291151	0	0	0
3291152	0	0	0
3291221	0	0	0
3292465	0	0	0
3292764	0	0	0
3292768	0	0	0
3293661	1	1	0
3294151	0	0	0
3294381	0	0	0
3294574	0	0	0
3294600	0	0	0
3294827	-1	0	1
3295041	0	0	0
3295496	-1	0	1
3295942	0	0	0
3295949	0	1	1
3296854	0	0	0
3296855	0	0	0
3296892	-1	0	1
3297086	0	0	0
3297376	0	0	0
3297736	0	0	0
3297894	0	0	0
3297896	0	0	0
3299727	-1	0	1
3300021	0	0	0
3300070	0	0	0
3300073	0	0	0
3300217	0	0	0
3300270	0	0	0
3300708	-1	0	1
3300896	0	0	0
3300899	0	0	0
3301348	0	0	0
3301599	0	0	0
3301672	0	0	0
3302430	0	0	0
3302994	0	0	0
3303666	0	0	0
3303737	0	0	0
3303739	0	0	0
3305097	0	0	0
3305724	0	0	0
3305798	0	0	0
3306327	1	1	0
3307309	0	0	0
3307316	0	0	0
3307413	0	0	0
3307860	0	0	0
3308212	0	0	0
3308216	0	0	0
3308218	0	0	0
3308221	0	0	0
3309159	0	0	0
3309210	0	0	0
3309213	0	0	0
3309214	0	0	0
3309216	0	0	0
3309217	0	0	0
3309527	1	1	0
3311039	0	0	0
3311121	0	0	0
3311345	0	0	0
3312188	0	0	0
3312384	0	0	0
3312408	0	1	1
3312409	0	1	1
3312412	-1	0	1
3312676	0	0	0
3314262	1	1	0
3316624	-1	0	1
3316625	0	0	0
3316629	0	0	0
3316840	0	0	0
3316958	0	0	0
3317100	0	0	0
3317243	1	1	0
3317284	0	0	0
3317533	0	0	0
3317795	0	0	0
3318284	0	0	0
3318735	0	0	0
3318800	0	0	0
3318805	0	0	0
3319474	0	0	0
3319858	0	0	0
3320389	0	0	0
3320397	-1	0	1
3320955	0	0	0
3320962	0	0	0
3322345	0	0	0
3322372	0	0	0
3322380	0	0	0
3322475	-1	0	1
3322882	0	0	0
3324221	0	0	0
3324222	0	0	0
3324558	0	0	0
3325291	0	0	0
3325686	0	0	0
3326036	0	0	0
3326493	0	0	0
3329095	0	0	0
3329582	0	0	0
3330082	0	0	0
3332121	0	0	0
3332550	0	0	0
3332887	0	0	0
3333269	0	0	0
3333938	0	0	0
3334217	0	0	0
3334434	0	0	0
3335989	1	1	0
3336095	0	0	0
3337671	0	0	0
3338883	0	0	0
3338920	-1	0	1
3339591	1	1	0
3339933	0	0	0
3340878	1	1	0
3341081	-1	0	1
3341567	0	0	0
3341932	-1	0	1
3342186	1	1	0
3342187	0	0	0
3342190	-1	0	1
3342396	0	0	0
3342710	-1	0	1
3343439	0	0	0
3344316	0	0	0
3344828	0	0	0
3344832	0	0	0
3344834	0	0	0
3345449	0	0	0
3345453	0	0	0
3345632	-1	0	1
3345634	-1	0	1
3346025	0	0	0
3346061	0	0	0
3346362	0	0	0
3346953	0	0	0
3347174	0	0	0
3347274	0	0	0
3347278	0	0	0
3347347	0	0	0
3347752	0	0	0
3347754	0	0	0
3348397	0	0	0
3348541	0	0	0
3348834	-1	0	1
3348838	0	0	0
3349322	-1	0	1
3349323	-1	0	1
3349612	0	0	0
3350171	0	0	0
3350175	0	0	0
3350176	0	0	0
3350802	0	0	0
3351829	0	1	1
3352077	1	1	0
3352365	0	0	0
3352719	-1	0	1
3353254	0	0	0
3353303	0	0	0
3353304	0	0	0
3353671	0	0	0
3354162	0	0	0
3354753	0	0	0
3355094	0	0	0
3355376	0	0	0
3355786	0	0	0
3356589	0	0	0
3357360	0	0	0
3357576	0	1	1
3357984	0	0	0
3357986	0	0	0
3358701	0	0	0
3359708	0	0	0
3360948	0	0	0
3362445	0	0	0
3362447	0	0	0
3362452	0	0	0
3362454	0	0	0
3362568	0	0	0
3362571	0	0	0
3362881	0	1	1
3363589	1	1	0
3363729	0	0	0
3363915	1	1	0
3364030	-1	0	1
3364248	0	0	0
3364599	0	0	0
3364605	0	0	0
3365188	0	0	0
3365253	0	0	0
3365631	0	0	0
3365632	0	0	0
3365633	0	0	0
3365636	0	0	0
3365638	0	0	0
3365639	0	0	0
3365640	0	0	0
3367045	0	0	0
3368898	0	0	0
3369112	-1	0	1
3369155	1	1	0
3369500	0	0	0
3371828	0	0	0
3374282	0	0	0
3375587	0	0	0
3375966	0	0	0
3376982	0	0	0
3376983	0	1	1
3377049	0	0	0
3377051	0	0	0
3377654	1	1	0
3377930	0	0	0
3380047	0	0	0
3380246	0	1	1
3381251	0	0	0
3381591	0	0	0
3381786	0	0	0
3383524	0	0	0
3384210	0	0	0
3384631	0	0	0
3384634	0	0	0
3385245	0	0	0
3385378	0	0	0
3385471	0	0	0
3385816	0	0	0
3385968	0	0	0
3385971	0	0	0
3386027	0	0	0
3386225	0	0	0
3386226	0	0	0
3386228	0	0	0
3386700	0	0	0
3387504	0	0	0
3387613	0	0	0
3389140	0	0	0
3389201	0	0	0
3389206	0	0	0
3389579	0	0	0
3389580	0	0	0
3389582	0	0	0
3389585	0	0	0
3389685	0	0	0
3390428	0	0	0
3390542	0	0	0
3390550	-1	0	1
3390937	0	0	0
3391361	0	0	0
3391722	0	0	0
3392979	0	0	0
3393177	0	0	0
3393600	0	0	0
3394860	0	0	0
3394861	0	0	0
3395209	1	1	0
3395216	0	0	0
3395370	0	0	0
3396138	0	0	0
3396426	0	1	1
3397470	1	1	0
3397861	0	0	0
3398246	0	0	0
3399712	0	0	0
3399713	0	0	0
3399715	0	0	0
3399889	0	0	0
3400300	0	0	0
3400392	0	0	0
3400813	0	0	0
3400902	0	0	0
3400903	0	0	0
3401284	0	0	0
3401338	-1	0	1
3401475	0	0	0
3402037	0	0	0
3403268	0	0	0
3403658	0	0	0
3404430	0	0	0
3404434	0	0	0
3404982	0	0	0
3404985	0	0	0
3404987	0	0	0
3405696	0	0	0
3406399	0	0	0
3407143	0	0	0
3407169	1	1	0
3407173	-1	0	1
3407506	0	0	0
3407512	0	0	0
3409542	0	0	0
3409660	0	0	0
3411197	-1	0	1
3411245	0	0	0
3411419	0	0	0
3412239	0	0	0
3412325	0	0	0
3412824	0	0	0
3412826	0	0	0
3412827	0	0	0
3413289	0	0	0
3414132	0	0	0
3414134	0	0	0
3414137	0	0	0
3414138	0	0	0
3414239	0	0	0
3414366	0	0	0
3414552	0	0	0
3414664	0	0	0
3416789	0	0	0
3416860	-1	0	1
3417601	0	0	0
3418831	0	0	0
3419434	-1	0	1
3420486	0	0	0
3420845	0	0	0
3421457	0	0	0
3421797	0	0	0
3422317	0	0	0
3422318	0	0	0
3422321	0	0	0
3422871	0	0	0
3423061	0	0	0
3423101	0	0	0
3423314	0	0	0
3423575	0	0	0
3424182	0	0	0
3424329	0	0	0
3424707	0	0	0
3424977	0	0	0
3425353	-1	0	1
3425354	-1	0	1
3425457	0	0	0
3425518	0	0	0
3425694	0	0	0
3426207	0	1	1
3426208	0	1	1
3427334	0	0	0
3427506	-1	0	1
3427763	0	0	0
3427828	0	0	0
3428195	0	0	0
3428197	0	0	0
3428412	0	0	0
3430578	0	0	0
3434930	0	0	0
3434998	-1	0	1
3435870	0	0	0
3437374	0	0	0
3437382	0	0	0
3437793	0	1	1
3437795	0	0	0
3437798	0	0	0
3437800	0	0	0
3437986	0	0	0
3438593	0	0	0
3439548	-1	0	1
3439885	0	0	0
3439904	-1	0	1
3441653	0	0	0
3441707	0	0	0
3441990	-1	0	1
3442075	0	0	0
3442164	0	0	0
3443173	0	0	0
3443764	0	0	0
3443768	0	0	0
3443770	0	0	0
3443772	0	0	0
3444454	0	0	0
3444630	0	0	0
3445057	0	0	0
3445835	0	0	0
3446037	0	0	0
3446548	0	0	0
3446554	0	0	0
3447960	0	0	0
3449838	0	0	0
3449839	0	0	0
3450550	0	0	0
3451251	1	1	0
3451386	-1	0	1
3451824	0	0	0
3451826	0	0	0
3454715	0	0	0
3454730	0	0	0
3455090	0	0	0
3455091	0	0	0
3455194	-1	0	1
3455197	0	0	0
3456625	0	1	1
3456781	0	0	0
3456782	0	0	0
3457696	0	0	0
3458200	1	1	0
3458346	1	1	0
3460743	0	0	0
3460798	0	0	0
3460867	0	0	0
3460868	1	1	0
3460872	-1	0	1
3461103	0	0	0
3461587	0	0	0
3463236	0	0	0
3463241	1	1	0
3463242	0	0	0
3463374	0	0	0
3463556	0	0	0
3464071	0	0	0
3464072	0	0	0
3464265	0	0	0
3464266	0	0	0
3464423	0	0	0
3465186	0	0	0
3465187	0	0	0
3465424	0	0	0
3465425	0	0	0
3465426	0	0	0
3465428	0	0	0
3465429	0	0	0
3465430	0	0	0
3465431	0	0	0
3465999	-1	0	1
3466490	0	0	0
3466956	0	0	0
3467664	0	0	0
3467665	0	0	0
3467868	0	0	0
3467869	0	0	0
3467875	0	0	0
3468070	0	0	0
3468076	0	0	0
3468110	0	0	0
3468116	0	0	0
3468290	0	0	0
3468374	1	1	0
3468636	-1	0	1
3469036	0	0	0
3469357	0	0	0
3470484	0	0	0
3472588	0	0	0
3472592	0	0	0
3473196	0	1	1
3473248	0	0	0
3474192	0	0	0
3474385	0	0	0
3474528	0	0	0
3474659	-1	0	1
3474660	0	0	0
3474661	0	0	0
3474667	0	0	0
3474668	0	0	0
3474872	0	0	0
3475138	0	0	0
3476052	0	0	0
3477204	-1	0	1
3477206	-1	0	1
3477208	-1	0	1
3477484	1	1	0
3479384	0	0	0
3479395	-1	0	1
3479396	-1	0	1
3479400	-1	0	1
3479404	-1	0	1
3479575	0	0	0
3479596	1	1	0
3479601	1	1	0
3480089	-1	0	1
3480216	0	0	0
3480708	-1	0	1
3480794	0	0	0
3480795	0	0	0
3480799	0	0	0
3481043	0	0	0
3482132	0	0	0
3482237	0	0	0
3482409	-1	0	1
3483576	0	0	0
3483769	0	0	0
3483772	0	0	0
3484458	0	0	0
3484485	0	0	0
3485337	0	0	0
3485338	0	0	0
3485504	0	0	0
3485505	0	0	0
3485510	0	0	0
3486246	1	1	0
3486251	1	1	0
3486488	0	0	0
3487873	0	0	0
3488128	0	0	0
3488594	0	0	0
3488595	0	0	0
3488597	0	0	0
3488598	0	0	0
3488600	0	0	0
3488686	1	1	0
3488767	0	0	0
3488779	0	0	0
3488780	0	0	0
3488781	0	0	0
3489287	0	0	0
3490164	0	0	0
3490436	0	0	0
3491126	-1	0	1
3491376	-1	0	1
3491649	0	0	0
3493260	0	0	0
3493264	0	0	0
3495595	1	1	0
3495643	0	0	0
3496336	0	0	0
3496352	0	0	0
3496722	-1	0	1
3496744	0	0	0
3497214	0	0	0
3497234	-1	0	1
3497813	0	0	0
3497959	0	0	0
3499280	0	0	0
3503395	0	0	0
3503973	0	0	0
3504523	0	0	0
3505188	0	0	0
3506336	0	0	0
3508198	0	0	0
3508202	0	0	0
3508340	1	1	0
3509573	0	0	0
3510625	0	0	0
3511795	0	0	0
3511970	0	0	0
3512588	-1	0	1
3512887	0	0	0
3513439	1	1	0
3513877	0	0	0
3514326	-1	0	1
3514438	0	0	0
3514609	0	0	0
3514796	0	0	0
3514962	0	0	0
3514963	1	1	0
3514965	1	1	0
3514968	1	1	0
3515484	-1	0	1
3515485	-1	0	1
3516095	1	1	0
3516459	0	0	0
3517427	0	0	0
3517773	0	0	0
3517955	0	0	0
3518423	0	0	0
3519033	0	0	0
3519316	0	0	0
3520024	0	0	0
3520137	0	0	0
3520261	0	0	0
3520884	0	0	0
3520885	0	0	0
3521367	0	0	0
3521716	0	0	0
3522443	0	0	0
3522541	0	0	0
3522544	0	0	0
3522887	0	0	0
3523039	0	0	0
3523161	0	0	0
3523163	0	0	0
3523295	0	0	0
3523599	0	0	0
3523602	0	0	0
3524532	1	1	0
3525031	0	0	0
3525241	0	0	0
3525242	0	0	0
3525243	0	0	0
3526082	0	0	0
3526107	0	0	0
3526407	0	0	0
3526411	0	0	0
3526805	0	0	0
3528300	-1	0	1
3529016	0	0	0
3529017	0	0	0
3530021	0	0	0
3530538	0	0	0
3530929	1	1	0
3531571	0	0	0
3531585	0	0	0
3531591	0	0	0
3532782	0	0	0
3533038	0	0	0
3533039	0	0	0
3533596	0	0	0
3533597	0	0	0
3533598	0	0	0
3533602	0	0	0
3533603	0	0	0
3534021	0	0	0
3534455	0	0	0
3537220	0	0	0
3537376	0	0	0
3537614	0	0	0
3538160	0	0	0
3538162	0	0	0
3538163	0	0	0
3538164	0	0	0
3538165	0	0	0
3538166	0	0	0
3538167	0	0	0
3539472	-1	0	1
3539483	0	0	0
3539779	-1	0	1
3541488	0	0	0
3541492	0	0	0
3541830	1	1	0
3543078	0	0	0
3543079	0	0	0
3543081	0	0	0
3543083	0	0	0
3543106	0	0	0
3544380	0	0	0
3546092	0	0	0
3546371	0	0	0
3547229	0	0	0
3548442	0	0	0
3548521	-1	0	1
3548523	0	0	0
3550205	0	0	0
3550820	0	0	0
3551601	0	0	0
3553248	0	0	0
3554696	-1	0	1
3554746	1	1	0
3555588	0	0	0
3555589	0	0	0
3555592	0	0	0
3556064	0	0	0
3556065	0	0	0
3556215	0	0	0
3556216	0	0	0
3556223	0	0	0
3557421	0	0	0
3557646	0	0	0
3557943	0	0	0
3557984	0	0	0
3559998	-1	0	1
3560132	0	0	0
3560486	0	0	0
3560871	1	1	0
3560874	1	1	0
3560875	0	0	0
3560876	0	0	0
3561255	0	0	0
3561297	0	0	0
3561513	1	1	0
3562577	0	0	0
3562580	0	0	0
3563106	0	0	0
3563107	0	0	0
3565324	0	0	0
3565505	0	0	0
3566622	0	0	0
3567238	0	0	0
3567516	0	0	0
3568421	1	1	0
3568579	0	0	0
3568584	0	0	0
3569575	0	0	0
3570746	-1	0	1
3570755	0	0	0
3571420	0	0	0
3571422	0	0	0
3571701	0	0	0
3571871	0	0	0
3572187	0	0	0
3572261	0	0	0
3572262	0	0	0
3572269	0	0	0
3572695	0	0	0
3572698	0	0	0
3572701	0	0	0
3572702	0	0	0
3572823	0	0	0
3573477	0	0	0
3573479	0	0	0
3574042	-1	0	1
3575485	0	0	0
3575640	0	0	0
3576977	0	0	0
3577302	0	0	0
3577307	0	0	0
3577308	0	0	0
3577309	0	0	0
3577310	0	0	0
3577496	0	0	0
3577497	0	0	0
3578904	0	0	0
3578920	-1	0	1
3579414	0	0	0
3579421	0	0	0
3579556	0	0	0
3579623	0	0	0
3579624	-1	0	1
3580213	0	0	0
3580532	1	1	0
3581643	0	0	0
3581658	0	0	0
3581663	0	0	0
3581811	0	0	0
3581813	0	0	0
3581818	0	0	0
3581965	-1	0	1
3582055	0	0	0
3583524	0	0	0
3583823	1	1	0
3583825	0	0	0
3583828	1	1	0
3583831	1	1	0
3583981	0	0	0
3585843	0	0	0
3586417	-1	0	1
3586681	0	0	0
3586685	0	0	0
3587257	0	0	0
3588619	0	0	0
3588624	0	0	0
3588956	0	0	0
3588973	0	0	0
3589347	0	0	0
3590010	0	0	0
3590012	0	0	0
3590251	0	0	0
3590252	0	0	0
3590254	1	1	0
3590267	0	0	0
3590268	0	0	0
3590943	0	0	0
3590950	0	0	0
3591202	0	0	0
3591419	0	0	0
3591589	0	0	0
3591654	0	0	0
3591656	0	0	0
3592781	0	0	0
3592894	0	0	0
3593043	0	0	0
3593190	0	0	0
3593279	0	0	0
3593550	0	0	0
3593628	0	1	1
3593941	0	0	0
3594579	-1	0	1
3594832	0	0	0
3595045	1	1	0
3595047	1	1	0
3596419	1	1	0
3598012	0	0	0
3598289	1	1	0
3598291	0	0	0
3598809	0	0	0
3599366	0	0	0
3599456	0	0	0
3600205	0	0	0
3600481	0	0	0
3600923	0	0	0
3601034	0	0	0
3601036	0	0	0
3601281	0	0	0
3601825	0	0	0
3601827	0	0	0
3601829	0	0	0
3601832	0	0	0
3602800	0	0	0
3603288	0	0	0
3603854	0	0	0
3603856	0	0	0
3604421	0	1	1
3604422	0	0	0
3604425	0	0	0
3604539	0	0	0
3604954	0	0	0
3605404	0	0	0
3605610	0	0	0
3605836	0	0	0
3605840	0	0	0
3606892	0	1	1
3606998	0	0	0
3607522	0	0	0
3607644	0	0	0
3607926	0	0	0
3608063	1	1	0
3609843	0	0	0
3610668	0	0	0
3610690	0	0	0
3610809	0	0	0
3611746	0	0	0
3611775	0	0	0
3611776	0	0	0
3611777	0	0	0
3611779	0	0	0
3611997	0	0	0
3612032	0	0	0
3612033	0	0	0
3612716	0	0	0
3612838	0	0	0
3612858	0	0	0
3612860	0	0	0
3613426	0	1	1
3613427	0	1	1
3613575	0	0	0
3613845	0	0	0
3613883	0	0	0
3613990	0	0	0
3613995	0	0	0
3614284	0	0	0
3614533	0	0	0
3615123	-1	0	1
3615125	0	0	0
3615126	-1	0	1
3615128	0	0	0
3616050	0	0	0
3616054	0	0	0
3616974	0	0	0
3617321	0	0	0
3617636	0	0	0
3618970	0	0	0
3619814	0	0	0
3619835	0	0	0
3620080	0	0	0
3620509	0	0	0
3620523	0	0	0
3620916	0	0	0
3621277	0	0	0
3621282	1	1	0
3621283	0	1	1
3622594	0	0	0
3622754	0	0	0
3622835	0	0	0
3623653	1	1	0
3623882	0	0	0
3624048	0	0	0
3624049	0	0	0
3625707	0	0	0
3625713	0	0	0
3625714	0	0	0
3625972	0	0	0
3626926	0	1	1
3628414	0	0	0
3628417	0	0	0
3628419	0	0	0
3628420	0	0	0
3628656	-1	0	1
3629753	0	0	0
3631834	0	0	0
3632175	0	0	0
3632225	0	0	0
3632872	0	0	0
3632873	0	0	0
3632874	0	0	0
3632876	-1	0	1
3632877	0	0	0
3632878	0	0	0
3632879	0	0	0
3633186	0	0	0
3633883	0	0	0
3635328	0	0	0
3635593	0	1	1
3635600	0	0	0
3635601	0	1	1
3635695	0	0	0
3636442	1	1	0
3636637	0	0	0
3636672	0	0	0
3638093	0	0	0
3638095	0	0	0
3638096	0	0	0
3640905	0	0	0
3640906	-1	0	1
3641119	0	0	0
3641168	0	0	0
3641616	0	0	0
3641941	-1	0	1
3643232	0	0	0
3643770	0	0	0
3644038	1	1	0
3644040	-1	0	1
3644274	0	0	0
3644278	0	0	0
3644485	0	0	0
3644944	0	0	0
3645944	0	0	0
3647042	0	0	0
3647111	0	0	0
3647394	0	0	0
3647636	0	0	0
3647639	0	0	0
3648372	0	0	0
3648921	0	0	0
3649330	0	0	0
3649574	0	0	0
3649576	0	0	0
3650098	0	0	0
3651181	0	0	0
3651390	0	0	0
3652134	0	0	0
3652137	-1	0	1
3653053	0	0	0
3653484	0	0	0
3653485	0	0	0
3653560	0	1	1
3653761	0	0	0
3654097	0	0	0
3654187	0	0	0
3654193	0	0	0
3654194	1	1	0
3654706	0	0	0
3655074	0	0	0
3656382	0	0	0
3656667	0	0	0
3657234	0	0	0
3657328	0	0	0
3657933	0	0	0
3657935	0	1	1
3658976	-1	0	1
3658981	0	0	0
3658984	1	1	0
3659314	0	0	0
3659315	0	0	0
3659678	0	0	0
3660395	1	1	0
3661251	0	0	0
3661301	0	0	0
3662218	0	1	1
3662222	0	0	0
3662223	0	0	0
3662491	0	0	0
3662782	0	0	0
3662836	0	0	0
3663369	1	1	0
3663690	0	0	0
3663994	0	0	0
3664105	0	0	0
3664106	0	0	0
3664495	0	0	0
3665379	0	0	0
3665626	0	0	0
3670365	0	0	0
3672288	0	0	0
3672882	0	0	0
3673990	0	0	0
3674180	0	0	0
3674184	0	0	0
3674185	-1	0	1
3674188	0	0	0
3675410	0	0	0
3676365	1	1	0
3677165	0	0	0
3679641	0	1	1
3680291	0	0	0
3680773	-1	0	1
3681095	0	0	0
3682018	0	0	0
3682976	0	0	0
3683096	0	0	0
3684454	0	0	0
3684464	1	1	0
3684893	0	0	0
3684991	0	0	0
3685069	0	0	0
3686089	0	0	0
3686205	0	0	0
3686422	0	0	0
3687235	0	0	0
3687572	0	0	0
3687776	0	0	0
3688582	0	0	0
3689007	0	0	0
3689304	0	0	0
3689742	0	0	0
3689931	0	0	0
3689933	0	0	0
3690415	0	0	0
3690621	0	0	0
3690659	0	1	1
3690986	0	0	0
3693077	0	0	0
3695264	1	1	0
3696019	-1	0	1
3698794	0	1	1
3699628	0	0	0
3699785	0	0	0
3700505	0	0	0
3701535	0	0	0
3701597	0	0	0
3701688	0	0	0
3701822	0	0	0
3702358	0	0	0
3703289	0	0	0
3703459	0	0	0
3705254	0	0	0
3705634	0	0	0
3706684	0	0	0
3707292	0	0	0
3707820	0	0	0
3707821	0	0	0
3708113	0	0	0
3708276	0	0	0
3709141	1	1	0
3710245	0	0	0
3710786	0	0	0
3712239	0	0	0
3712459	0	0	0
3712994	0	0	0
3712996	0	0	0
3712999	0	0	0
3713000	0	0	0
3713001	0	0	0
3713623	0	0	0
3713815	-1	0	1
3715332	0	0	0
3716023	0	0	0
3716093	0	0	0
3716247	0	0	0
3716763	0	0	0
3716764	0	0	0
3717259	0	0	0
3717957	-1	0	1
3718159	0	0	0
3718804	0	0	0
3719372	0	0	0
3719376	-1	0	1
3719378	-1	0	1
3719382	0	0	0
3719383	0	0	0
3720187	0	0	0
3720874	1	1	0
3721191	0	0	0
3721532	0	0	0
3721536	-1	0	1
3721537	0	0	0
3721792	0	0	0
3721868	-1	0	1
3722241	0	0	0
3722249	0	0	0
3722531	0	0	0
3722881	1	1	0
3722882	-1	0	1
3722883	0	1	1
3722884	1	1	0
3722885	0	0	0
3722886	0	1	1
3722887	-1	0	1
3722888	0	1	1
3722889	0	0	0
3723586	0	0	0
3723589	0	0	0
3724822	0	0	0
3724826	0	0	0
3725054	0	0	0
3725636	0	0	0
3725790	0	0	0
3726486	0	0	0
3726489	0	0	0
3726672	1	1	0
3727065	0	0	0
3727545	0	0	0
3727552	0	0	0
3727583	0	0	0
3728036	0	0	0
3728454	-1	0	1
3728718	-1	0	1
3729414	0	0	0
3729626	0	0	0
3729946	0	0	0
3730429	0	0	0
3730919	0	0	0
3731130	0	0	0
3731513	-1	0	1
3731825	0	0	0
3732121	0	0	0
3732895	0	0	0
3733369	0	0	0
3734382	0	0	0
3735085	-1	0	1
3735247	0	0	0
3735372	0	0	0
3736617	0	0	0
3736703	0	0	0
3736811	0	0	0
3737290	-1	0	1
3737948	0	0	0
3738444	-1	0	1
3738445	1	1	0
3738629	0	0	0
3739375	0	0	0
3739632	0	0	0
3739636	0	0	0
3740159	0	0	0
3740308	0	0	0
3740875	0	0	0
3742640	0	0	0
3742641	0	0	0
3742652	0	0	0
3742655	0	0	0
3743894	0	0	0
3744050	-1	0	1
3744505	0	0	0
3744508	0	0	0
3744510	0	0	0
3744688	-1	0	1
3744853	-1	0	1
3745520	0	0	0
3746411	0	0	0
3747911	-1	0	1
3747912	-1	0	1
3747914	0	1	1
3747915	-1	0	1
3747920	0	0	0
3748708	0	0	0
3748958	1	1	0
3748981	1	1	0
3749235	0	0	0
3750992	0	0	0
3750998	0	0	0
3750999	0	0	0
3751001	0	0	0
3751106	0	0	0
3751429	0	0	0
3752015	0	0	0
3752207	0	0	0
3753348	0	0	0
3753619	1	1	0
3753925	0	0	0
3753926	0	0	0
3754053	0	0	0
3754376	0	0	0
3755106	0	0	0
3756408	-1	0	1
3757176	-1	0	1
3757951	0	0	0
3757952	0	0	0
3758901	0	0	0
3760219	0	0	0
3760456	0	0	0
3760460	0	0	0
3760463	0	0	0
3760957	0	0	0
3760964	0	0	0
3761908	0	0	0
3762305	0	0	0
3763453	0	0	0
3764537	0	0	0
3764771	-1	0	1
3766649	0	0	0
3766684	1	1	0
3766709	0	1	1
3767885	0	0	0
3768893	0	0	0
3769068	0	1	1
3769538	0	0	0
3769974	0	1	1
3769975	0	1	1
3770546	0	0	0
3770773	1	1	0
3770967	0	1	1
3771351	-1	0	1
3771669	0	0	0
3772091	0	0	0
3772420	0	0	0
3772426	0	0	0
3772497	0	0	0
3772677	0	0	0
3774197	0	0	0
3774363	-1	0	1
3774366	-1	0	1
3774579	0	0	0
3775312	0	0	0
3775732	0	0	0
3776835	0	0	0
3776839	0	0	0
3776873	0	0	0
3776877	0	0	0
3776879	0	0	0
3777142	0	0	0
3778691	0	0	0
3779004	0	0	0
3779487	0	0	0
3779895	-1	0	1
3780185	0	0	0
3780285	0	0	0
3780918	0	0	0
3780923	0	0	0
3781418	0	0	0
3781419	0	0	0
3782732	0	0	0
3783906	0	0	0
3784060	0	0	0
3785306	0	0	0
3785308	0	0	0
3785309	0	0	0
3785310	0	0	0
3785715	-1	0	1
3786694	0	0	0
3786741	1	1	0
3786742	-1	0	1
3786809	0	0	0
3786813	0	0	0
3787868	0	0	0
3788700	0	0	0
3789094	0	0	0
3789463	0	0	0
3789549	0	0	0
3791990	0	0	0
3792448	0	0	0
3792449	1	1	0
3792451	0	0	0
3793400	0	0	0
3793403	0	0	0
3793516	0	0	0
3793606	0	0	0
3795147	0	0	0
3795305	0	0	0
3795896	0	0	0
3797269	0	0	0
3797694	0	0	0
3797803	0	0	0
3798076	-1	0	1
3798077	-1	0	1
3800056	0	0	0
3800979	0	1	1
3801198	0	0	0
3801993	0	0	0
3802184	-1	0	1
3802848	0	0	0
3804424	0	0	0
3804432	0	0	0
3804531	1	1	0
3804774	0	0	0
3804775	0	0	0
3805198	0	0	0
3806502	0	0	0
3807436	0	0	0
3807718	0	0	0
3807720	0	0	0
3807722	1	1	0
3807725	0	0	0
3807726	1	1	0
3808327	-1	0	1
3809016	0	0	0
3809017	0	0	0
3809018	0	0	0
3809123	0	0	0
3809127	0	0	0
3810190	0	0	0
3810477	0	0	0
3811551	0	0	0
3812285	0	0	0
3812650	0	0	0
3812651	0	0	0
3814305	1	1	0
3814309	1	1	0
3814469	-1	0	1
3814561	-1	0	1
3814562	-1	0	1
3814563	0	0	0
3814779	0	0	0
3815620	0	0	0
3815821	0	0	0
3816190	0	0	0
3817325	0	0	0
3817529	0	0	0
3818148	0	0	0
3818153	0	0	0
3818238	0	1	1
3818241	0	0	0
3818714	0	0	0
3819376	0	0	0
3820195	0	0	0
3820196	0	0	0
3820740	0	0	0
3820906	0	0	0
3821793	0	0	0
3822012	0	0	0
3822548	0	0	0
3822750	0	0	0
3823377	0	0	0
3823893	0	0	0
3823899	0	0	0
3824994	0	0	0
3826336	0	0	0
3826344	0	0	0
3826651	0	0	0
3826656	0	0	0
3826659	0	0	0
3826779	1	1	0
3827077	0	0	0
3827560	0	0	0
3827562	0	0	0
3827653	0	0	0
3827655	0	0	0
3827657	0	0	0
3828006	0	0	0
3828017	-1	0	1
3828281	0	0	0
3828289	0	0	0
3828292	0	0	0
3829181	0	0	0
3829246	0	0	0
3829726	0	0	0
3829882	0	0	0
3830167	-1	0	1
3830419	0	0	0
3830732	0	0	0
3830734	0	0	0
3830857	0	0	0
3831956	0	0	0
3832138	0	0	0
3832505	0	0	0
3832667	0	0	0
3832738	-1	0	1
3833226	0	0	0
3833408	0	0	0
3833409	0	0	0
3833413	1	1	0
3834069	0	0	0
3834359	0	0	0
3834497	0	0	0
3834600	1	1	0
3836719	0	0	0
3836881	0	0	0
3837038	0	0	0
3837053	-1	0	1
3838297	-1	0	1
3838570	1	1	0
3838572	0	0	0
3838629	0	0	0
3838645	0	0	0
3838924	0	0	0
3840176	0	0	0
3840177	0	0	0
3840193	-1	0	1
3840194	0	0	0
3840195	0	0	0
3840197	0	0	0
3840198	0	0	0
3840199	-1	0	1
3840200	-1	0	1
3840201	-1	0	1
3840396	0	0	0
3841396	0	0	0
3841804	0	0	0
3841805	0	0	0
3841808	0	0	0
3842063	0	0	0
3842129	0	0	0
3843603	-1	0	1
3843673	0	0	0
3844254	0	0	0
3844255	0	0	0
3844769	-1	0	1
3844775	-1	0	1
3844798	0	0	0
3844975	-1	0	1
3845163	0	0	0
3847213	0	0	0
3848463	0	0	0
3848761	0	0	0
3849617	0	0	0
3849618	0	0	0
3850467	-1	0	1
3850541	0	0	0
3850646	0	0	0
3850729	0	0	0
3850949	0	0	0
3851718	0	0	0
3852602	0	0	0
3852606	-1	0	1
3852607	-1	0	1
3852608	0	0	0
3852610	0	0	0
3853110	-1	0	1
3853405	0	0	0
3853491	0	0	0
3854185	0	0	0
3854186	0	1	1
3854312	0	0	0
3855494	0	0	0
3855496	0	0	0
3856296	0	0	0
3856548	0	0	0
3858678	0	0	0
3859072	0	0	0
3859555	0	0	0
3859715	0	0	0
3861180	0	0	0
3861183	0	0	0
3861542	0	0	0
3861586	0	0	0
3861590	0	0	0
3861593	0	0	0
3861694	0	0	0
3861791	0	0	0
3862073	0	0	0
3863613	0	1	1
3863811	0	0	0
3864294	0	0	0
3865193	0	0	0
3867645	0	0	0
3867647	0	0	0
3867718	0	0	0
3867719	0	0	0
3868177	0	0	0
3868178	0	0	0
3870306	0	0	0
3871138	0	0	0
3871140	0	0	0
3871141	0	0	0
3871756	0	0	0
3871794	0	0	0
3871795	0	0	0
3872133	0	0	0
3872239	-1	0	1
3872240	-1	0	1
3872241	-1	0	1
3872243	0	0	0
3872640	0	0	0
3872646	0	0	0
3873360	0	0	0
3874064	0	0	0
3874065	1	1	0
3874180	1	1	0
3875596	-1	0	1
3875685	0	0	0
3875867	0	0	0
3876458	0	0	0
3876701	0	0	0
3876702	0	0	0
3876704	0	0	0
3877058	0	0	0
3877095	0	0	0
3877661	0	0	0
3878426	0	0	0
3880987	0	0	0
3881515	0	0	0
3881597	1	1	0
3881854	-1	0	1
3881890	0	0	0
3882512	0	0	0
3883077	0	0	0
3883081	-1	0	1
3883233	0	0	0
3884881	0	0	0
3885467	0	0	0
3885470	0	0	0
3885622	0	0	0
3886195	0	0	0
3886796	0	0	0
3886870	0	0	0
3888682	0	1	1
3888683	0	0	0
3888688	0	0	0
3888846	0	1	1
3890382	0	0	0
3890385	0	0	0
3890445	0	0	0
3890492	0	0	0
3890864	0	0	0
3891171	0	0	0
3891304	0	0	0
3891715	0	0	0
3892461	0	0	0
3892771	0	0	0
3892772	0	0	0
3893240	-1	0	1
3893707	0	0	0
3894202	-1	0	1
3894205	-1	0	1
3895508	0	0	0
3895511	0	0	0
3895515	0	0	0
3895831	0	1	1
3895861	0	0	0
3895866	0	0	0
3898111	-1	0	1
3898320	0	0	0
3899903	0	0	0
3899908	0	0	0
3900122	-1	0	1
3900183	0	0	0
3900185	0	0	0
3900321	0	0	0
3900800	0	0	0
3901253	0	0	0
3901496	0	0	0
3901497	0	0	0
3901499	0	0	0
3902138	0	0	0
3902312	0	0	0
3903214	1	1	0
3903715	0	0	0
3904343	0	0	0
3904599	0	0	0
3905057	0	0	0
3905224	-1	0	1
3905357	0	0	0
3905359	0	0	0
3905698	0	0	0
3905711	0	0	0
3905803	0	0	0
3905806	0	0	0
3906920	-1	0	1
3906921	-1	0	1
3906952	0	0	0
3906954	0	0	0
3908044	0	0	0
3908164	0	0	0
3908317	0	0	0
3908773	0	0	0
3908774	0	0	0
3908776	0	0	0
3908777	0	0	0
3908779	0	0	0
3909631	0	0	0
3910456	0	0	0
3910868	0	0	0
3911221	0	0	0
3911887	0	0	0
3912278	0	0	0
3913014	0	0	0
3913552	0	0	0
3913778	0	0	0
3913907	0	0	0
3914275	0	0	0
3914277	0	0	0
3914970	0	0	0
3915091	-1	0	1
3915194	0	0	0
3915476	0	0	0
3915480	0	0	0
3916529	0	1	1
3916535	0	1	1
3916593	0	0	0
3916605	0	0	0
3917094	0	0	0
3918785	0	0	0
3918964	0	0	0
3918970	0	0	0
3919317	0	0	0
3919595	0	0	0
3919604	0	0	0
3919818	0	0	0
3919819	0	0	0
3919820	0	0	0
3919821	0	0	0
3919937	0	0	0
3920053	0	0	0
3920146	0	0	0
3920731	0	0	0
3921466	0	0	0
3923909	0	0	0
3923945	0	0	0
3924322	0	0	0
3925008	0	0	0
3925293	-1	0	1
3925782	0	0	0
3925933	0	0	0
3926121	0	0	0
3926412	0	0	0
3926469	0	0	0
3926681	0	0	0
3926737	0	0	0
3927585	0	0	0
3927867	1	1	0
3928196	0	0	0
3929452	0	1	1
3929633	0	1	1
3929755	0	0	0
3929757	0	0	0
3929760	0	0	0
3930343	-1	0	1
3930344	-1	0	1
3930560	0	0	0
3930654	1	1	0
3931845	0	0	0
3931850	0	1	1
3932159	0	0	0
3932329	0	0	0
3933287	0	0	0
3933679	-1	0	1
3934236	0	0	0
3934262	0	0	0
3934419	0	0	0
3934850	0	0	0
3935022	0	0	0
3935237	0	0	0
3935536	0	0	0
3935538	0	0	0
3935978	0	1	1
3937197	0	0	0
3937200	0	0	0
3937204	1	1	0
3937760	0	0	0
3937761	0	0	0
3937765	0	0	0
3938090	0	0	0
3938441	0	0	0
3939967	0	0	0
3940224	1	1	0
3940524	0	0	0
3941564	0	0	0
3942104	0	0	0
3942320	0	0	0
3942522	1	1	0
3942615	0	0	0
3942689	0	0	0
3942696	0	0	0
3943431	0	0	0
3943480	0	0	0
3943637	0	0	0
3943842	0	0	0
3943843	1	1	0
3943846	0	0	0
3943847	0	0	0
3943849	0	0	0
3943850	0	1	1
3943955	0	0	0
3944001	0	0	0
3944029	0	0	0
3945646	0	0	0
3945916	0	0	0
3946388	0	0	0
3947629	1	1	0
3947630	0	0	0
3947687	0	0	0
3948739	0	0	0
3949540	0	0	0
3949992	0	0	0
3949994	0	0	0
3949995	0	0	0
3950768	0	0	0
3951732	0	0	0
3951773	0	0	0
3951775	0	0	0
3953329	0	0	0
3953545	0	0	0
3953621	0	0	0
3953624	0	0	0
3954093	0	0	0
3954299	0	0	0
3955079	0	0	0
3956349	0	0	0
3957772	0	0	0
3958868	0	0	0
3959225	-1	0	1
3959377	0	0	0
3959781	0	0	0
3959903	0	0	0
3960408	0	0	0
3960629	0	0	0
3961940	0	0	0
3961947	0	0	0
3962182	0	0	0
3962183	0	0	0
3962185	0	0	0
3962187	0	0	0
3962467	0	0	0
3962747	0	0	0
3963815	1	1	0
3964363	-1	0	1
3964368	0	0	0
3965200	0	0	0
3965294	0	0	0
3965298	0	0	0
3965637	0	0	0
3966729	0	0	0
3966758	0	0	0
3966970	-1	0	1
3967271	0	0	0
3967273	0	0	0
3967274	0	0	0
3968112	0	0	0
3968540	0	0	0
3968542	0	0	0
3968831	0	0	0
3969380	0	0	0
3970403	0	0	0
3971060	0	0	0
3971448	0	0	0
3971994	0	0	0
3972000	0	0	0
3972020	0	0	0
3972022	0	0	0
3972024	0	0	0
3972027	0	0	0
3972069	1	1	0
3973316	0	0	0
3973356	0	0	0
3973610	1	1	0
3974249	0	1	1
3974254	0	0	0
3974564	0	0	0
3975489	0	0	0
3976352	0	0	0
3976653	0	0	0
3976867	-1	0	1
3980170	0	0	0
3981232	0	0	0
3981281	0	0	0
3981305	1	1	0
3981386	0	0	0
3982060	0	0	0
3983276	0	0	0
3983300	0	0	0
3983301	0	0	0
3983305	0	0	0
3984290	-1	0	1
3984412	0	0	0
3986659	0	0	0
3987014	-1	0	1
3987289	0	0	0
3987558	0	0	0
3987577	0	0	0
3987868	0	0	0
3988910	0	0	0
3990336	0	0	0
3990940	0	0	0
3991164	0	0	0
3991165	0	0	0
3991233	0	0	0
3994217	0	0	0
3994496	0	0	0
3995012	-1	0	1
3995677	0	0	0
3996801	0	0	0
3997520	0	0	0
3997764	0	0	0
3997909	-1	0	1
3998657	0	0	0
3998660	0	0	0
4000128	0	0	0
4000130	0	0	0
4000183	1	1	0
4000478	0	0	0
4000699	0	0	0
4000715	0	0	0
4000716	0	0	0
4000833	0	0	0
4000839	1	1	0
4001478	0	0	0
4001949	0	0	0
4002456	0	0	0
4002753	0	0	0
4003069	0	0	0
4003354	0	0	0
4004166	-1	0	1
4005575	-1	0	1
4005576	-1	0	1
4005579	0	0	0
4006473	0	0	0
4007442	0	0	0
4007446	1	1	0
4007447	1	1	0
4007562	-1	0	1
4007734	0	0	0
4008424	0	0	0
4008609	-1	0	1
4009217	-1	0	1
4009397	0	0	0
4009525	0	0	0
4010124	1	1	0
4010128	-1	0	1
4010396	-1	0	1
4010851	0	0	0
4010855	0	0	0
4012464	0	0	0
4012796	0	0	0
4013045	0	1	1
4013111	0	0	0
4013250	0	0	0
4013719	0	0	0
4013720	0	0	0
4013723	0	0	0
4013724	0	0	0
4013725	0	0	0
4014357	0	0	0
4014387	-1	0	1
4014389	0	0	0
4014614	-1	0	1
4015004	0	0	0
4015075	0	0	0
4015467	-1	0	1
4016988	0	0	0
4017174	0	0	0
4017544	0	0	0
4017883	0	0	0
4017953	0	0	0
4018414	0	0	0
4018700	0	0	0
4018987	-1	0	1
4019066	0	0	0
4019069	0	0	0
4019177	1	1	0
4019224	0	0	0
4019226	0	0	0
4019449	1	1	0
4019795	0	0	0
4019798	0	0	0
4020470	0	0	0
4020471	0	0	0
4020472	0	0	0
4020476	0	0	0
4020478	0	0	0
4020479	0	0	0
4021374	0	0	0
4021733	0	0	0
4022260	0	0	0
4022448	0	0	0
4022539	0	0	0
4022545	0	0	0
4022608	0	0	0
4022816	1	1	0
4022904	0	0	0
4022909	0	0	0
4026506	1	1	0
4027785	0	0	0
4027912	0	1	1
4029552	0	0	0
4030783	0	0	0
4030816	-1	0	1
4030818	0	1	1
4030819	0	1	1
4030822	-1	0	1
4030823	-1	0	1
4031398	0	0	0
4032228	0	0	0
4032231	0	0	0
4032292	0	0	0
4033099	0	0	0
4033310	0	0	0
4033543	1	1	0
4033628	-1	0	1
4033770	0	0	0
4033771	0	0	0
4034383	0	0	0
4034481	0	0	0
4034805	0	0	0
4035601	0	0	0
4037051	0	0	0
4037153	-1	0	1
4037979	1	1	0
4038842	0	1	1
4039281	0	0	0
4040125	0	0	0
4040345	0	0	0
4040954	1	1	0
4040958	0	0	0
4040959	0	0	0
4041334	0	0	0
4041373	0	0	0
4041561	0	0	0
4041568	0	0	0
4042165	0	0	0
4042336	0	0	0
4044997	0	0	0
4045968	0	0	0
4046248	0	0	0
4046687	0	0	0
4046688	0	0	0
4046869	0	0	0
4046876	0	0	0
4046921	0	0	0
4046990	0	0	0
4047088	0	0	0
4047535	0	0	0
4050570	0	0	0
4050571	0	0	0
4050577	0	0	0
4050904	0	0	0
4051765	0	0	0
4052112	0	0	0
4052234	0	0	0
4052617	0	0	0
4052865	0	0	0
4053334	0	0	0
4054396	0	0	0
4055488	0	0	0
4055490	0	0	0
4055491	0	0	0
4055991	0	0	0
4055993	0	0	0
4056503	0	0	0
4057561	0	0	0
4058461	0	0	0
4058980	0	0	0
4059762	0	0	0
4060716	0	1	1
4061043	0	0	0
4061045	0	1	1
4061046	0	0	0
4061047	0	0	0
4061048	0	0	0
4061049	0	1	1
4061050	0	0	0
4062260	0	0	0
4062268	0	0	0
4062618	0	0	0
4062979	0	0	0
4062983	0	0	0
4063624	0	0	0
4063840	0	0	0
4063876	0	0	0
4063882	-1	0	1
4064011	0	0	0
4064337	1	1	0
4065423	0	0	0
4065425	0	0	0
4065461	0	0	0
4065464	0	0	0
4065465	0	0	0
4065747	0	0	0
4065754	0	0	0
4065755	0	0	0
4067447	-1	0	1
4067591	-1	0	1
4067892	0	0	0
4067925	0	0	0
4068883	0	0	0
4070046	0	0	0
4071287	0	0	0
4072073	0	0	0
4072078	0	0	0
4072370	0	0	0
4072493	0	0	0
4073241	0	0	0
4073479	-1	0	1
4073812	-1	0	1
4074472	0	0	0
4074473	0	0	0
4075089	0	0	0
4076765	0	0	0
4077298	0	0	0
4077426	0	0	0
4077602	0	0	0
4077668	0	0	0
4077670	0	0	0
4077672	0	0	0
4077675	0	0	0
4077694	0	0	0
4078808	0	0	0
4078863	0	0	0
4080070	0	0	0
4080494	0	0	0
4081204	0	0	0
4082216	0	0	0
4082722	-1	0	1
4082818	0	0	0
4083598	1	1	0
4083624	0	0	0
4083775	0	0	0
4085001	0	0	0
4085095	0	0	0
4086838	0	0	0
4086989	0	0	0
4087117	0	1	1
4087190	0	0	0
4087206	0	0	0
4087265	0	0	0
4087268	0	0	0
4087653	0	0	0
4087714	0	0	0
4088048	0	1	1
4088049	0	0	0
4088050	0	1	1
4088051	0	0	0
4088778	0	0	0
4088780	0	0	0
4089062	0	0	0
4089064	0	0	0
4089065	0	0	0
4089108	-1	0	1
4089153	0	0	0
4089713	0	0	0
4089714	0	0	0
4089715	0	0	0
4089767	0	0	0
4089773	0	0	0
4090226	0	0	0
4091540	0	0	0
4091541	0	0	0
4091542	0	0	0
4091543	0	0	0
4091544	0	0	0
4091545	0	0	0
4092263	0	0	0
4093232	0	0	0
4093468	0	0	0
4094375	0	0	0
4094406	0	0	0
4094512	0	0	0
4094617	1	1	0
4095649	0	0	0
4095801	0	0	0
4096478	0	0	0
4096963	0	0	0
4097204	0	0	0
4097524	0	0	0
4097738	0	0	0
4097813	0	0	0
4099166	0	0	0
4099493	-1	0	1
4099722	0	0	0
4099888	-1	0	1
4100284	0	0	0
4101063	-1	0	1
4101064	-1	0	1
4101065	-1	0	1
4101084	0	0	0
4101089	0	0	0
4101579	0	0	0
4102443	0	0	0
4102511	-1	0	1
4104669	0	0	0
4104670	0	0	0
4104671	1	1	0
4104902	0	0	0
4105095	-1	0	1
4105742	0	0	0
4106161	0	0	0
4106266	0	0	0
4106492	0	0	0
4107122	0	0	0
4108537	0	0	0
4109266	0	0	0
4109484	0	0	0
4109486	0	0	0
4109532	0	0	0
4110157	0	0	0
4110336	0	0	0
4111442	0	0	0
4112563	0	0	0
4113838	0	0	0
4113999	0	0	0
4114652	0	0	0
4114732	0	0	0
4114755	0	0	0
4114820	0	0	0
4115465	0	0	0
4115466	1	1	0
4115467	0	0	0
4115468	0	0	0
4115469	1	1	0
4115470	0	0	0
4115471	0	0	0
4115472	0	0	0
4115473	0	0	0
4115474	0	0	0
4115521	0	0	0
4115663	0	0	0
4115807	0	0	0
4116192	-1	0	1
4116195	-1	0	1
4116440	-1	0	1
4116443	1	1	0
4117825	1	1	0
4117827	1	1	0
4117829	-1	0	1
4117833	-1	0	1
4119045	0	0	0
4119101	0	0	0
4119347	1	1	0
4119348	1	1	0
4119351	1	1	0
4119829	0	0	0
4120343	0	0	0
4120606	0	0	0
4121018	0	0	0
4121682	0	0	0
4121760	0	0	0
4121953	0	0	0
4121954	0	0	0
4122557	0	0	0
4122559	0	0	0
4122563	0	0	0
4122818	0	0	0
4123039	0	0	0
4124504	0	0	0
4125310	0	0	0
4125317	-1	0	1
4125320	-1	0	1
4125606	0	0	0
4126099	0	0	0
4127202	0	0	0
4127204	0	0	0
4127209	0	0	0
4127210	0	0	0
4128863	0	0	0
4129489	-1	0	1
4129705	-1	0	1
4130072	0	0	0
4130074	0	0	0
4130703	0	0	0
4130899	0	0	0
4131024	0	0	0
4131489	0	0	0
4131491	0	0	0
4131492	0	0	0
4133866	0	0	0
4133867	0	0	0
4133868	0	0	0
4133869	0	0	0
4133870	0	0	0
4133871	0	0	0
4134300	0	0	0
4134624	0	0	0
4134626	0	0	0
4134631	0	0	0
4134775	0	0	0
4134776	0	0	0
4134777	0	0	0
4134779	0	0	0
4134781	0	0	0
4136368	0	0	0
4136407	0	1	1
4136820	1	1	0
4136821	1	1	0
4137672	0	0	0
4137679	0	0	0
4137817	0	0	0
4139230	0	0	0
4139235	0	0	0
4140084	0	0	0
4140120	0	0	0
4140346	0	0	0
4140699	0	0	0
4140739	0	0	0
4141221	0	0	0
4143298	0	0	0
4143666	0	0	0
4144352	0	0	0
4144557	0	0	0
4144634	0	0	0
4145087	-1	0	1
4145336	0	0	0
4146205	-1	0	1
4147490	0	0	0
4148538	0	0	0
4148539	0	0	0
4148540	0	0	0
4148695	-1	0	1
4148711	0	0	0
4148712	0	0	0
4148833	-1	0	1
4148863	0	0	0
4153143	0	0	0
4153249	0	0	0
4153254	0	0	0
4154410	0	0	0
4154802	-1	0	1
4155083	0	0	0
4156364	0	0	0
4157764	0	0	0
4158450	0	0	0
4158770	0	0	0
4158784	0	0	0
4159348	-1	0	1
4159632	0	0	0
4159869	0	0	0
4160980	0	0	0
4161167	0	0	0
4161385	0	0	0
4161812	0	0	0
4162447	0	0	0
4162487	0	0	0
4162506	0	0	0
4162981	0	0	0
4163904	0	0	0
4165037	0	0	0
4165826	0	0	0
4165838	0	0	0
4166665	0	0	0
4168309	0	0	0
4168313	0	0	0
4168316	1	1	0
4170036	0	0	0
4170037	0	0	0
4170809	0	0	0
4170867	0	0	0
4170869	0	0	0
4170870	-1	0	1
4170873	0	0	0
4170875	0	0	0
4171422	0	0	0
4171565	0	0	0
4173031	1	1	0
4173705	0	0	0
4173709	0	0	0
4173710	0	0	0
4173712	0	0	0
4173872	0	0	0
4174013	0	0	0
4174699	0	0	0
4174740	0	0	0
4174932	0	0	0
4175200	0	0	0
4176454	0	0	0
4176548	0	0	0
4176550	0	0	0
4176552	0	0	0
4177232	0	0	0
4177234	0	0	0
4177659	0	0	0
4179358	1	1	0
4179359	1	1	0
4180088	0	0	0
4180271	0	0	0
4180828	0	0	0
4182178	0	0	0
4182182	0	0	0
4182658	0	0	0
4183828	0	0	0
4184096	0	0	0
4184399	0	0	0
4184402	0	0	0
4184882	0	0	0
4185269	0	0	0
4185812	0	0	0
4185814	0	0	0
4186055	0	0	0
4186821	0	0	0
4187530	0	0	0
4188560	0	0	0
4189140	0	0	0
4189250	0	0	0
4189500	-1	0	1
4189677	0	0	0
4190093	0	0	0
4190094	0	0	0
4190269	0	0	0
4190974	0	0	0
4191229	0	0	0
4191639	1	1	0
4192136	0	0	0
4192563	0	0	0
4192976	0	0	0
4192987	0	0	0
4193470	0	0	0
4194261	1	1	0
4194887	1	1	0
4196685	0	0	0
4196715	0	0	0
4196719	0	0	0
4196720	0	0	0
4197096	0	0	0
4197809	0	0	0
4199361	0	0	0
4202418	0	0	0
4202490	0	0	0
4203000	0	0	0
4203372	0	0	0
4205173	0	0	0
4205321	0	0	0
4206009	1	1	0
4206012	0	0	0
4206106	0	0	0
4206169	-1	0	1
4206204	0	0	0
4206278	0	0	0
4206362	0	0	0
4206660	0	0	0
4206781	0	0	0
4206872	0	0	0
4206873	0	0	0
4207049	0	0	0
4207165	0	0	0
4207316	0	0	0
4207459	0	0	0
4207930	0	0	0
4207933	0	0	0
4208337	0	0	0
4208343	0	0	0
4208445	0	0	0
4209282	0	0	0
4209624	1	1	0
4210128	0	0	0
4210994	0	0	0
4211309	0	0	0
4211314	0	0	0
4211386	0	0	0
4211660	0	0	0
4212255	0	0	0
4213404	0	0	0
4213643	0	0	0
4215254	0	0	0
4215697	0	0	0
4216216	-1	0	1
4216221	0	0	0
4216706	0	0	0
4216707	0	0	0
4216712	0	0	0
4217999	0	0	0
4218001	0	0	0
4218127	0	0	0
4220115	0	0	0
4220560	0	0	0
4221658	0	0	0
4221659	0	0	0
4222131	0	0	0
4223297	0	0	0
4223324	1	1	0
4223449	0	0	0
4223596	0	0	0
4223601	0	0	0
4225209	0	0	0
4225513	0	0	0
4225778	1	1	0
4226233	0	0	0
4226237	0	0	0
4226453	1	1	0
4226926	1	1	0
4226927	1	1	0
4227504	0	0	0
4227662	0	0	0
4228624	0	0	0
4228958	0	0	0
4230718	-1	0	1
4230720	-1	0	1
4230721	-1	0	1
4230938	0	0	0
4231385	0	0	0
4231388	0	0	0
4231932	-1	0	1
4232819	1	1	0
4233382	0	0	0
4233383	0	0	0
4233385	0	0	0
4233452	0	0	0
4234898	0	0	0
4236003	0	0	0
4236310	0	0	0
4237173	0	0	0
4237308	0	0	0
4237309	0	1	1
4238851	0	0	0
4238853	0	0	0
4238854	-1	0	1
4239602	0	0	0
4239604	0	0	0
4239606	0	0	0
4239755	0	0	0
4239758	0	0	0
4239769	1	1	0
4239771	-1	0	1
4240522	1	1	0
4241753	0	0	0
4241754	0	0	0
4242783	0	0	0
4243795	0	0	0
4243815	0	0	0
4244220	0	0	0
4244221	0	0	0
4244222	0	0	0
4244223	0	0	0
4244224	0	0	0
4244229	0	0	0
4244528	0	0	0
4245152	1	1	0
4245828	0	0	0
4246190	-1	0	1
4247164	-1	0	1
4247676	-1	0	1
4247987	0	0	0
4248226	0	0	0
4248227	0	0	0
4248384	0	0	0
4248450	0	0	0
4249298	0	0	0
4249952	0	0	0
4250102	0	0	0
4250868	0	0	0
4251826	0	0	0
4252581	0	0	0
4252992	0	0	0
4252995	0	0	0
4253023	0	0	0
4253467	0	0	0
4254811	0	0	0
4254813	0	0	0
4254836	0	0	0
4255441	0	0	0
4256279	0	0	0
4256587	0	0	0
4256588	0	0	0
4256590	0	0	0
4256591	0	0	0
4256596	0	0	0
4257873	-1	0	1
4257925	0	0	0
4259037	0	0	0
4259428	0	0	0
4259495	0	0	0
4260156	0	0	0
4261865	0	0	0
4261968	0	0	0
4261984	0	0	0
4261989	0	0	0
4262451	0	0	0
4264129	0	0	0
4264704	0	0	0
4264927	0	0	0
4265986	0	0	0
4266281	0	0	0
4266455	0	0	0
4267357	0	0	0
4268320	-1	0	1
4268733	0	0	0
4268861	0	0	0
4268982	0	0	0
4268983	0	0	0
4269613	0	0	0
4269692	0	0	0
4270203	0	0	0
4270823	0	0	0
4271113	0	0	0
4272386	0	0	0
4272872	0	0	0
4273201	0	0	0
4274319	0	0	0
4274698	0	0	0
4275078	0	0	0
4275083	0	0	0
4276349	0	0	0
4276600	0	0	0
4277844	0	0	0
4279064	0	0	0
4280385	-1	0	1
4280386	0	0	0
4281096	0	0	0
4281657	0	0	0
4281658	0	0	0
4282071	0	0	0
4282480	0	0	0
4282491	0	0	0
4283566	0	0	0
4285366	0	0	0
4285624	0	0	0
4286422	-1	0	1
4286424	-1	0	1
4287378	0	0	0
4287701	0	0	0
4287954	1	1	0
4288102	0	0	0
4288105	0	0	0
4288660	0	0	0
4289221	0	0	0
4289228	0	0	0
4289524	1	1	0
4289525	0	0	0
4289528	0	0	0
4289786	0	0	0
4291021	0	0	0
4292443	0	0	0
4293296	0	0	0
4293297	1	1	0
4293298	0	0	0
4293299	-1	0	1
4293300	1	1	0
4293301	-1	0	1
4293302	-1	0	1
4293303	0	0	0
4293304	1	1	0
4293305	1	1	0
4293541	0	0	0
4293547	0	0	0
4293908	0	0	0
4294808	0	0	0
4296129	0	1	1
4296443	0	0	0
4297039	1	1	0
4297429	0	0	0
4297522	0	0	0
4297620	0	0	0
4297887	0	0	0
4299285	0	0	0
4299489	0	0	0
4300881	-1	0	1
4300884	0	0	0
4301081	0	0	0
4301084	0	0	0
4301264	0	0	0
4301384	-1	0	1
4301386	-1	0	1
4301388	-1	0	1
4301389	0	0	0
4301390	-1	0	1
4302120	0	0	0
4302466	0	0	0
4302467	0	0	0
4302468	0	0	0
4303129	0	0	0
4303369	0	0	0
4304865	0	0	0
4305010	0	0	0
4305297	0	0	0
4306325	0	0	0
4306363	0	0	0
4307443	0	0	0
4307445	0	0	0
4307465	0	0	0
4308735	0	0	0
4308739	0	0	0
4308860	0	0	0
4308863	0	0	0
4309122	0	0	0
4310479	0	0	0
4310888	0	0	0
4312109	0	0	0
4312660	-1	0	1
4312966	0	0	0
4314169	0	0	0
4314171	0	0	0
4314172	0	0	0
4314173	0	0	0
4314174	0	0	0
4314175	0	0	0
4314176	0	0	0
4314178	0	0	0
4315047	0	0	0
4315049	0	0	0
4317003	0	0	0
4317006	0	0	0
4317009	0	0	0
4317452	0	0	0
4317545	0	0	0
4318214	0	0	0
4318338	0	0	0
4319258	0	0	0
4319259	0	0	0
4319606	0	0	0
4319611	0	0	0
4319612	0	0	0
4320974	0	0	0
4321493	0	0	0
4321915	0	0	0
4321920	0	0	0
4323154	0	0	0
4323644	0	0	0
4324130	0	0	0
4324487	0	0	0
4324491	0	0	0
4324492	0	0	0
4326145	0	0	0
4326373	0	0	0
4327095	0	0	0
4327096	0	0	0
4327932	0	0	0
4329739	0	0	0
4329992	0	0	0
4330577	0	0	0
4330689	0	0	0
4330749	0	0	0
4331594	1	1	0
4332134	1	1	0
4332137	1	1	0
4332918	0	0	0
4333260	0	0	0
4333898	0	0	0
4335136	0	0	0
4335137	0	0	0
4335375	0	0	0
4335805	0	0	0
4335908	0	0	0
4335910	0	0	0
4336835	0	0	0
4336836	0	0	0
4336838	0	0	0
4336840	0	0	0
4338008	0	0	0
4338116	0	0	0
4338515	0	0	0
4339133	0	0	0
4339134	0	0	0
4341979	0	0	0
4341980	0	0	0
4342813	-1	0	1
4343191	0	0	0
4343448	0	0	0
4343636	0	0	0
4344098	0	0	0
4344099	0	0	0
4344100	0	0	0
4344165	0	0	0
4345693	0	0	0
4345752	-1	0	1
4345984	0	0	0
4347008	0	0	0
4347010	0	0	0
4347618	0	0	0
4347894	0	0	0
4347991	0	0	0
4348063	0	1	1
4348777	0	0	0
4348972	0	0	0
4349562	0	0	0
4349565	0	0	0
4349928	0	0	0
4349967	0	0	0
4350441	0	0	0
4350701	-1	0	1
4351142	0	0	0
4351175	0	0	0
4352229	0	0	0
4352231	0	0	0
4352343	0	0	0
4353304	0	0	0
4354053	0	0	0
4354369	0	0	0
4354752	-1	0	1
4354753	-1	0	1
4354754	-1	0	1
4355092	0	0	0
4356095	0	0	0
4356128	0	0	0
4356131	0	0	0
4356683	1	1	0
4358117	0	0	0
4358945	0	0	0
4359413	0	0	0
4359418	0	0	0
4360246	0	0	0
4360422	0	0	0
4361568	0	0	0
4361623	0	0	0
4361726	-1	0	1
4361729	0	0	0
4361730	-1	0	1
4361792	-1	0	1
4362146	0	0	0
4362153	0	0	0
4362154	1	1	0
4362432	0	0	0
4362522	0	0	0
4362693	0	0	0
4362696	0	0	0
4362875	0	0	0
4362959	-1	0	1
4362963	0	0	0
4364290	0	0	0
4364595	0	0	0
4364828	0	0	0
4366186	0	0	0
4366276	0	0	0
4366726	1	1	0
4366729	1	1	0
4366892	0	0	0
4367186	-1	0	1
4368578	0	0	0
4368813	0	0	0
4368814	0	0	0
4368815	0	0	0
4368817	0	0	0
4370161	1	1	0
4370607	-1	0	1
4370669	0	0	0
4370674	0	0	0
4370896	0	0	0
4371148	0	1	1
4371150	0	0	0
4371151	0	1	1
4371152	0	0	0
4371153	0	1	1
4371154	0	0	0
4371155	0	0	0
4371183	0	0	0
4372335	0	1	1
4372337	0	0	0
4372338	0	0	0
4372778	0	0	0
4373438	0	0	0
4375101	-1	0	1
4375496	0	0	0
4377435	0	0	0
4379279	0	0	0
4382102	0	0	0
4382501	-1	0	1
4382502	-1	0	1
4382506	0	0	0
4382988	0	0	0
4385286	-1	0	1
4385846	0	0	0
4386082	0	0	0
4386917	1	1	0
4386918	0	1	1
4387586	0	0	0
4387587	0	0	0
4388781	0	0	0
4388782	0	0	0
4389121	0	0	0
4389976	1	1	0
4389977	0	0	0
4389981	1	1	0
4389982	0	0	0
4389984	0	0	0
4389985	0	0	0
4390107	0	0	0
4390298	0	0	0
4390803	0	0	0
4390971	0	0	0
4391235	-1	0	1
4392201	0	0	0
4392340	0	0	0
4392342	0	0	0
4392343	0	0	0
4393282	0	0	0
4393283	0	0	0
4394023	0	0	0
4394417	0	0	0
4394421	0	0	0
4394422	0	0	0
4394425	0	0	0
4394426	0	0	0
4394627	0	0	0
4394963	-1	0	1
4394965	0	0	0
4394971	0	0	0
4394975	0	0	0
4395671	0	0	0
4395962	0	0	0
4396953	0	0	0
4397503	0	0	0
4398079	-1	0	1
4398311	0	0	0
4399505	0	0	0
4400229	0	0	0
4400234	0	0	0
4400841	0	0	0
4400872	-1	0	1
4400874	-1	0	1
4400876	0	0	0
4400878	0	0	0
4401220	0	0	0
4401650	0	0	0
4401970	0	0	0
4402247	0	0	0
4402767	0	0	0
4402770	0	0	0
4402772	0	0	0
4402821	0	0	0
4402826	0	0	0
4402830	0	0	0
4402835	0	0	0
4402992	0	0	0
4402994	0	0	0
4402995	0	0	0
4403431	0	0	0
4404577	0	0	0
4405768	0	0	0
4405818	0	0	0
4405820	0	0	0
4405952	0	0	0
4406061	1	1	0
4406338	0	0	0
4406366	0	0	0
4406427	-1	0	1
4406742	0	0	0
4406743	0	0	0
4406880	0	0	0
4407340	0	1	1
4407341	-1	0	1
4407343	0	1	1
4407344	-1	0	1
4407345	0	1	1
4407487	0	0	0
4407524	0	0	0
4408204	0	0	0
4408205	0	0	0
4408575	0	0	0
4408886	0	1	1
4409192	0	0	0
4409661	0	0	0
4409664	0	0	0
4410779	0	0	0
4410780	0	0	0
4411531	0	0	0
4411683	0	0	0
4411689	0	0	0
4411712	-1	0	1
4411762	-1	0	1
4411946	0	0	0
4412264	0	0	0
4412271	0	0	0
4412381	-1	0	1
4412768	0	0	0
4413226	-1	0	1
4413365	0	0	0
4413755	0	0	0
4414245	0	0	0
4414745	0	0	0
4414751	0	0	0
4415148	0	0	0
4415255	-1	0	1
4415446	0	0	0
4415447	0	0	0
4415448	0	0	0
4415501	0	0	0
4415775	0	1	1
4415807	-1	0	1
4416300	0	0	0
4416302	-1	0	1
4416379	0	0	0
4416382	0	0	0
4418262	0	0	0
4418264	0	0	0
4418266	0	0	0
4418946	0	0	0
4419679	0	0	0
4419947	0	0	0
4420245	0	0	0
4420248	0	0	0
4420250	0	0	0
4421077	0	0	0
4421857	0	0	0
4422033	0	0	0
4422219	0	0	0
4423305	0	0	0
4424705	0	0	0
4425405	0	0	0
4425793	0	0	0
4426678	0	0	0
4426959	0	0	0
4427113	0	0	0
4427274	1	1	0
4427276	0	0	0
4427277	0	0	0
4427280	0	0	0
4427281	1	1	0
4427398	0	0	0
4427403	0	0	0
4427557	0	0	0
4427708	1	1	0
4428179	0	0	0
4428254	0	0	0
4428545	0	0	0
4428814	0	0	0
4429002	0	0	0
4429242	0	0	0
4430018	0	0	0
4430849	0	0	0
4431236	0	1	1
4431238	0	1	1
4432018	0	0	0
4432060	-1	0	1
4432472	0	1	1
4433640	0	0	0
4434195	0	0	0
4434831	0	0	0
4435430	0	0	0
4437743	0	0	0
4437744	0	0	0
4438502	0	0	0
4438726	0	0	0
4438807	0	0	0
4438812	0	0	0
4438815	0	0	0
4438976	0	0	0
4438979	0	0	0
4439385	-1	0	1
4439913	0	0	0
4440139	0	1	1
4440799	0	0	0
4441325	0	0	0
4443244	0	0	0
4443485	0	0	0
4443487	0	1	1
4443881	0	0	0
4444304	0	0	0
4444305	0	0	0
4445000	0	0	0
4447601	0	0	0
4447659	0	0	0
4447894	0	0	0
4447896	0	0	0
4448689	0	0	0
4448690	0	0	0
4448890	0	0	0
4448893	0	0	0
4449258	0	0	0
4449267	0	0	0
4450023	1	1	0
4450030	0	0	0
4450432	-1	0	1
4450854	0	0	0
4451031	1	1	0
4451971	0	0	0
4451974	0	0	0
4452368	0	1	1
4453119	0	0	0
4453287	0	0	0
4453605	0	0	0
4454051	0	0	0
4454054	0	0	0
4454056	0	0	0
4454641	0	0	0
4455070	0	0	0
4455329	0	0	0
4455332	1	1	0
4455335	0	0	0
4455338	1	1	0
4455919	0	0	0
4456577	-1	0	1
4457835	0	0	0
4458225	0	0	0
4458506	0	0	0
4458507	0	0	0
4458509	0	0	0
4458512	0	0	0
4458972	0	0	0
4459632	-1	0	1
4461071	0	0	0
4461077	0	0	0
4461953	0	1	1
4461954	0	0	0
4461959	1	1	0
4463574	0	0	0
4463852	0	0	0
4464512	-1	0	1
4465053	0	0	0
4465611	0	0	0
4465927	0	0	0
4467133	0	0	0
4467733	-1	0	1
4467737	-1	0	1
4468077	0	0	0
4468436	0	0	0
4469946	1	1	0
4469949	1	1	0
4470696	0	0	0
4473183	0	0	0
4474304	0	0	0
4474632	0	0	0
4474866	0	0	0
4474872	0	0	0
4475460	0	0	0
4475688	0	0	0
4476747	0	0	0
4476877	0	0	0
4477453	0	0	0
4478507	0	0	0
4479812	0	0	0
4480002	0	0	0
4480283	0	0	0
4480528	0	0	0
4480618	0	0	0
4480647	0	0	0
4480906	0	0	0
4480910	0	0	0
4481760	0	0	0
4482235	0	0	0
4482606	-1	0	1
4483290	-1	0	1
4483580	0	0	0
4484008	0	0	0
4484780	0	0	0
4484781	0	0	0
4484785	0	0	0
4484810	0	0	0
4485040	-1	0	1
4485878	0	0	0
4485881	0	0	0
4487132	0	0	0
4487133	0	0	0
4487185	0	0	0
4487755	0	0	0
4488475	0	0	0
4488490	0	0	0
4489443	0	0	0
4489446	0	0	0
4489656	0	0	0
4489816	0	0	0
4491061	0	0	0
4491967	-1	0	1
4491972	-1	0	1
4491973	-1	0	1
4493555	0	0	0
4493913	0	0	0
4493915	0	0	0
4493916	0	0	0
4493919	0	0	0
4493920	0	0	0
4493921	0	0	0
4494346	0	0	0
4495759	0	0	0
4496183	0	0	0
4496459	0	0	0
4496461	0	1	1
4496600	0	0	0
4496820	0	0	0
4497210	-1	0	1
4497805	0	0	0
4497887	0	0	0
4498419	0	0	0
4498676	0	1	1
4500764	0	0	0
4500936	0	0	0
4501082	0	0	0
4501083	0	0	0
4502255	-1	0	1
4502257	-1	0	1
4502259	-1	0	1
4502260	-1	0	1
4502261	-1	0	1
4502603	0	1	1
4503255	-1	0	1
4503257	0	1	1
4503262	0	0	0
4504178	0	0	0
4504181	0	0	0
4505134	0	0	0
4505136	0	0	0
4505586	0	0	0
4505591	-1	0	1
4505694	-1	0	1
4505928	0	0	0
4505984	1	1	0
4506357	0	0	0
4507650	0	0	0
4507655	0	0	0
4507657	0	0	0
4507781	0	0	0
4508384	0	0	0
4508387	0	0	0
4509168	-1	0	1
4509257	0	0	0
4509995	1	1	0
4511137	0	0	0
4511144	0	0	0
4511268	0	0	0
4511498	0	0	0
4511499	0	0	0
4511501	0	0	0
4511504	0	0	0
4512253	0	0	0
4512302	0	0	0
4513009	0	0	0
4513195	0	0	0
4513260	0	0	0
4513266	0	0	0
4514030	0	0	0
4514032	0	0	0
4514037	0	0	0
4514979	0	0	0
4515665	0	0	0
4517173	0	0	0
4517932	0	0	0
4517933	0	0	0
4518602	0	0	0
4518729	0	0	0
4519505	-1	0	1
4519834	0	0	0
4519908	0	0	0
4521062	0	1	1
4521449	0	0	0
4521463	0	0	0
4521564	0	0	0
4521565	0	0	0
4523033	0	0	0
4523464	0	0	0
4524191	0	0	0
4524217	0	0	0
4524354	0	0	0
4526535	0	0	0
4526744	0	0	0
4526925	0	0	0
4527051	-1	0	1
4528805	0	0	0
4528808	0	0	0
4529453	0	0	0
4530209	-1	0	1
4530385	0	0	0
4530898	0	0	0
4530921	0	0	0
4531079	0	0	0
4531281	0	0	0
4531570	-1	0	1
4531857	0	0	0
4532299	0	0	0
4533074	1	1	0
4533555	0	0	0
4534785	0	0	0
4535489	0	0	0
4535708	0	0	0
4536697	-1	0	1
4537320	0	0	0
4537597	0	0	0
4537976	0	0	0
4538464	0	0	0
4538538	0	0	0
4539657	0	0	0
4539660	0	0	0
4540161	0	0	0
4540809	0	0	0
4540816	0	0	0
4541818	0	1	1
4542362	0	0	0
4542487	1	1	0
4542493	1	1	0
4544538	0	0	0
4545383	0	0	0
4546587	0	0	0
4547847	0	0	0
4548690	0	0	0
4548709	1	1	0
4548758	-1	0	1
4548761	-1	0	1
4548943	0	0	0
4549692	0	0	0
4550873	-1	0	1
4551219	1	1	0
4551460	-1	0	1
4551462	0	0	0
4551463	0	1	1
4551464	0	0	0
4551467	0	0	0
4551556	0	0	0
4551557	0	0	0
4551959	-1	0	1
4552841	0	0	0
4552844	0	0	0
4553056	0	0	0
4554003	0	0	0
4554357	-1	0	1
4554365	-1	0	1
4555512	0	0	0
4556062	0	0	0
4556064	0	0	0
4556066	0	0	0
4556067	0	0	0
4556948	0	0	0
4556955	0	0	0
4558277	0	0	0
4558280	0	0	0
4558282	0	0	0
4558595	0	1	1
4558839	0	0	0
4558948	-1	0	1
4559721	0	0	0
4559887	0	0	0
4561098	0	0	0
4561103	0	0	0
4562353	0	0	0
4562504	0	0	0
4564327	-1	0	1
4565481	0	0	0
4565698	0	0	0
4566161	0	0	0
4566184	0	0	0
4566188	0	0	0
4566189	0	0	0
4566758	0	0	0
4566761	0	0	0
4566815	0	0	0
4566816	0	0	0
4566817	0	0	0
4566819	0	0	0
4566822	0	0	0
4566823	0	0	0
4568242	-1	0	1
4568516	0	0	0
4570067	0	1	1
4570362	0	0	0
4570744	0	0	0
4570961	0	1	1
4571540	0	0	0
4571635	0	0	0
4571642	0	0	0
4572445	-1	0	1
4574118	0	0	0
4574272	0	0	0
4574668	0	0	0
4575102	0	0	0
4576823	0	0	0
4577156	0	0	0
4577968	0	0	0
4578146	0	0	0
4578147	0	0	0
4578328	0	0	0
4578475	0	0	0
4578700	-1	0	1
4579085	0	0	0
4579384	-1	0	1
4579414	0	0	0
4579629	0	0	0
4580496	0	0	0
4580500	0	0	0
4580508	0	0	0
4580591	0	0	0
4581869	0	0	0
4582525	0	0	0
4582911	0	0	0
4583093	0	0	0
4583410	0	0	0
4583448	0	0	0
4583502	0	0	0
4583503	0	0	0
4583506	0	0	0
4584101	0	0	0
4584422	0	0	0
4584425	0	1	1
4584532	0	0	0
4584848	0	0	0
4584885	0	0	0
4585800	1	1	0
4586158	0	0	0
4587447	0	0	0
4587471	0	0	0
4587477	0	0	0
4587487	0	0	0
4587558	0	0	0
4588641	0	0	0
4590195	1	1	0
4590468	0	0	0
4590470	0	0	0
4590732	0	0	0
4591398	0	0	0
4591480	0	0	0
4592045	0	0	0
4592598	-1	0	1
4592600	0	0	0
4592604	0	0	0
4593789	0	0	0
4593974	0	0	0
4594197	0	1	1
4594199	-1	0	1
4595238	1	1	0
4595993	0	0	0
4595994	0	0	0
4597187	0	0	0
4597259	0	0	0
4597261	0	0	0
4598100	0	0	0
4598276	0	0	0
4599208	0	0	0
4599597	-1	0	1
4601264	0	0	0
4601272	0	0	0
4601706	0	0	0
4602868	0	0	0
4603044	0	0	0
4603576	0	0	0
4603685	0	0	0
4603992	0	0	0
4604269	0	0	0
4604816	0	0	0
4605167	0	0	0
4605168	0	0	0
4605454	0	1	1
4605848	0	0	0
4606387	-1	0	1
4606388	0	0	0
4606389	0	0	0
4606390	0	0	0
4606460	0	0	0
4607267	0	0	0
4607549	0	0	0
4607552	0	0	0
4607713	0	0	0
4608242	0	0	0
4608472	0	0	0
4608499	0	0	0
4608884	0	0	0
4609576	0	0	0
4610022	0	0	0
4614555	-1	0	1
4615606	0	0	0
4615749	0	0	0
4615959	0	0	0
4616162	0	1	1
4616435	0	0	0
4616617	0	0	0
4617216	0	0	0
4617695	0	1	1
4618158	0	1	1
4618652	0	0	0
4619023	0	0	0
4619505	0	0	0
4619524	0	0	0
4619525	-1	0	1
4620758	0	0	0
4621549	0	0	0
4621560	0	0	0
4621562	0	0	0
4621698	0	0	0
4621755	0	0	0
4622954	0	0	0
4622958	0	0	0
4622961	0	0	0
4623377	0	0	0
4623604	0	0	0
4624017	0	0	0
4624350	0	0	0
4625505	0	0	0
4625995	0	0	0
4629219	0	0	0
4629752	-1	0	1
4629754	0	0	0
4629830	0	1	1
4630424	0	0	0
4631279	0	0	0
4631374	0	0	0
4632075	-1	0	1
4632251	0	0	0
4632521	0	1	1
4632532	0	0	0
4632732	0	0	0
4632735	0	0	0
4633271	1	1	0
4633272	1	1	0
4634063	0	0	0
4634068	0	0	0
4634818	0	0	0
4634899	0	0	0
4635163	0	0	0
4636910	0	0	0
4637847	0	0	0
4637851	0	0	0
4637890	0	0	0
4638660	0	0	0
4639177	0	0	0
4639530	0	0	0
4639770	0	0	0
4639923	0	0	0
4640146	0	0	0
4641517	0	0	0
4641612	0	0	0
4641974	0	1	1
4642637	0	0	0
4643565	0	0	0
4643963	0	0	0
4645141	0	0	0
4645144	0	0	0
4645628	0	0	0
4645815	0	0	0
4646398	1	1	0
4646769	0	0	0
4646860	0	0	0
4646950	0	1	1
4646953	0	1	1
4648414	0	0	0
4648417	0	0	0
4648672	0	0	0
4648978	1	1	0
4649479	0	0	0
4649986	0	0	0
4650952	0	0	0
4651571	0	0	0
4651574	0	0	0
4651578	1	1	0
4652169	0	0	0
4652410	0	0	0
4652795	0	0	0
4652799	0	0	0
4652822	-1	0	1
4654387	0	0	0
4654761	0	1	1
4655608	0	0	0
4655669	0	0	0
4655672	0	0	0
4656404	0	0	0
4656405	0	0	0
4657028	0	0	0
4657138	0	0	0
4657548	-1	0	1
4657637	0	0	0
4657705	0	0	0
4658298	0	0	0
4658334	0	0	0
4658646	0	0	0
4659497	0	0	0
4659772	0	0	0
4659831	0	0	0
4660114	0	0	0
4660638	0	0	0
4660784	0	0	0
4661815	0	0	0
4662658	0	0	0
4663000	-1	0	1
4663783	0	0	0
4664024	0	1	1
4664026	-1	0	1
4664202	0	0	0
4664964	0	0	0
4664966	0	0	0
4665058	0	0	0
4665059	0	0	0
4666012	0	0	0
4666014	0	0	0
4667829	1	1	0
4670574	0	0	0
4671940	0	0	0
4672767	0	0	0
4673456	0	0	0
4673579	0	0	0
4674069	1	1	0
4674072	1	1	0
4674076	1	1	0
4675066	0	0	0
4675117	0	0	0
4675789	0	0	0
4675806	0	0	0
4675807	0	0	0
4675847	0	0	0
4675850	0	0	0
4676182	0	0	0
4676982	0	0	0
4676986	0	0	0
4677109	0	0	0
4678363	0	0	0
4678695	0	0	0
4678740	0	0	0
4678944	0	0	0
4678947	0	0	0
4680361	0	0	0
4680598	0	0	0
4681280	-1	0	1
4681393	0	0	0
4682279	0	0	0
4682288	0	0	0
4682571	0	0	0
4682572	0	0	0
4682759	0	0	0
4683952	0	0	0
4684254	0	0	0
4684293	0	0	0
4684503	0	0	0
4684637	0	0	0
4684766	0	0	0
4684769	0	0	0
4684904	0	0	0
4684966	0	0	0
4685360	0	0	0
4685421	0	0	0
4685568	0	0	0
4685664	0	0	0
4686138	1	1	0
4686263	0	0	0
4686370	0	0	0
4686654	0	0	0
4687064	0	0	0
4687275	1	1	0
4687841	0	0	0
4688022	-1	0	1
4688738	0	0	0
4688820	0	0	0
4688821	-1	0	1
4688824	0	0	0
4688825	0	0	0
4688828	0	0	0
4689037	0	0	0
4689140	0	0	0
4689523	0	0	0
4689524	0	0	0
4689525	0	0	0
4689725	0	0	0
4689929	0	0	0
4690893	0	0	0
4691129	0	0	0
4692349	0	0	0
4693436	0	0	0
4695432	0	0	0
4695979	0	0	0
4696109	0	0	0
4696285	0	0	0
4696424	1	1	0
4696554	0	0	0
4696556	0	0	0
4696558	0	0	0
4696559	0	0	0
4696560	0	0	0
4697176	0	0	0
4698078	0	0	0
4699085	0	0	0
4700034	0	0	0
4700915	0	0	0
4700920	0	0	0
4701062	-1	0	1
4701067	-1	0	1
4701970	0	0	0
4702628	0	0	0
4703815	0	0	0
4703819	0	0	0
4703854	0	0	0
4703941	0	0	0
4705409	0	0	0
4705708	0	0	0
4705710	0	0	0
4705712	0	0	0
4705714	0	0	0
4705715	0	0	0
4705815	0	0	0
4706642	1	1	0
4707375	0	0	0
4707932	0	0	0
4708294	0	0	0
4708954	0	0	0
4708956	0	1	1
4708958	1	1	0
4708961	0	0	0
4709612	0	0	0
4710764	0	0	0
4710765	0	0	0
4710767	0	0	0
4710770	0	0	0
4710771	0	0	0
4711053	0	0	0
4711123	1	1	0
4711573	0	0	0
4711594	0	0	0
4711774	0	0	0
4712475	0	0	0
4712688	0	0	0
4712691	0	0	0
4712890	0	0	0
4713298	0	0	0
4713624	0	0	0
4713625	0	0	0
4714296	0	0	0
4715566	0	0	0
4715645	0	0	0
4717134	0	0	0
4717424	0	0	0
4717426	-1	0	1
4718696	-1	0	1
4718725	-1	0	1
4719117	1	1	0
4719119	0	0	0
4719122	0	0	0
4719229	0	0	0
4719235	-1	0	1
4719239	0	0	0
4719242	0	0	0
4719674	0	0	0
4720102	0	0	0
4720491	-1	0	1
4721496	0	0	0
4721500	0	0	0
4721683	0	0	0
4723105	1	1	0
4723817	0	0	0
4723819	0	0	0
4724585	0	0	0
4725046	0	0	0
4725481	0	0	0
4726886	0	0	0
4727412	0	0	0
4727417	0	0	0
4727418	0	0	0
4727657	0	0	0
4727870	-1	0	1
4727872	0	0	0
4727875	1	1	0
4727876	0	1	1
4728169	0	0	0
4728172	0	0	0
4728175	0	0	0
4730321	0	0	0
4730378	0	0	0
4730803	0	0	0
4731609	0	0	0
4732928	0	0	0
4733455	0	0	0
4734163	0	0	0
4734752	0	0	0
4735211	-1	0	1
4735294	0	0	0
4735715	0	0	0
4736345	-1	0	1
4736358	0	0	0
4737059	0	0	0
4737060	0	0	0
4737061	0	0	0
4737063	0	0	0
4737064	0	0	0
4737065	0	0	0
4737066	0	0	0
4737067	0	0	0
4737068	0	0	0
4737618	0	0	0
4737623	0	0	0
4738197	0	0	0
4738364	-1	0	1
4738533	0	0	0
4738690	0	0	0
4738691	0	0	0
4740308	0	0	0
4740594	0	0	0
4740762	0	0	0
4740763	0	0	0
4740765	0	0	0
4741212	0	0	0
4741215	0	0	0
4741335	-1	0	1
4741385	0	0	0
4741387	0	0	0
4743112	0	0	0
4743113	0	0	0
4743115	0	0	0
4744742	0	0	0
4744853	0	0	0
4745068	1	1	0
4745069	-1	0	1
4745626	0	0	0
4746429	0	0	0
4747040	0	0	0
4747041	0	0	0
4747405	0	0	0
4747436	0	0	0
4747660	0	0	0
4748727	0	0	0
4750222	0	0	0
4750530	0	0	0
4750559	0	0	0
4750560	0	0	0
4750668	0	0	0
4751222	0	0	0
4751805	0	0	0
4752067	-1	0	1
4752200	0	0	0
4752318	0	0	0
4752321	0	0	0
4753370	0	0	0
4753372	0	0	0
4754070	0	0	0
4754385	0	0	0
4754623	0	0	0
4754628	0	0	0
4754653	0	0	0
4755028	0	0	0
4755039	0	0	0
4755628	-1	0	1
4756299	0	0	0
4756301	0	0	0
4756302	0	0	0
4756304	0	0	0
4756305	0	0	0
4757639	0	0	0
4757754	0	0	0
4757913	0	0	0
4758532	-1	0	1
4759932	0	0	0
4760022	0	0	0
4760913	-1	0	1
4762316	0	0	0
4762320	0	0	0
4763065	0	0	0
4763066	0	0	0
4763070	0	0	0
4765188	1	1	0
4765337	0	0	0
4765398	0	0	0
4765584	0	0	0
4766175	0	0	0
4766203	0	0	0
4766204	0	0	0
4766601	0	0	0
4766604	0	0	0
4766798	0	0	0
4767326	-1	0	1
4767701	0	0	0
4767716	0	0	0
4767769	0	0	0
4767771	0	0	0
4767802	0	0	0
4767817	-1	0	1
4768065	0	0	0
4770143	1	1	0
4770468	0	0	0
4771285	0	0	0
4773520	0	0	0
4774806	0	0	0
4775204	0	0	0
4775346	0	0	0
4775463	1	1	0
4775528	0	0	0
4775741	0	0	0
4775745	0	0	0
4775947	0	0	0
4776677	0	0	0
4776911	0	0	0
4777040	0	0	0
4777168	0	0	0
4778232	0	0	0
4779185	0	0	0
4780298	-1	0	1
4780674	0	0	0
4780978	0	0	0
4781739	0	0	0
4782457	0	0	0
4783022	0	0	0
4783295	0	0	0
4784593	-1	0	1
4784854	0	0	0
4785467	0	0	0
4786120	-1	0	1
4786305	0	0	0
4786625	0	0	0
4786626	0	0	0
4786833	0	0	0
4787921	0	0	0
4788073	0	0	0
4788646	0	0	0
4788647	0	0	0
4788649	0	0	0
4788888	0	0	0
4789151	0	0	0
4789235	0	0	0
4789283	1	1	0
4790011	0	0	0
4790015	0	0	0
4790052	0	0	0
4790073	1	1	0
4790448	-1	0	1
4790449	-1	0	1
4790452	0	0	0
4791138	0	0	0
4791472	0	0	0
4791568	0	0	0
4791981	0	0	0
4791982	0	0	0
4791983	0	0	0
4791985	0	0	0
4791988	0	0	0
4792582	0	0	0
4792583	0	0	0
4792649	0	0	0
4792650	0	0	0
4792655	0	0	0
4792949	0	0	0
4792951	0	0	0
4793050	0	0	0
4793455	0	0	0
4793594	0	0	0
4793882	0	0	0
4793885	0	0	0
4794129	0	1	1
4794273	0	0	0
4794616	0	0	0
4794674	0	0	0
4794721	0	0	0
4795791	0	0	0
4795794	1	1	0
4795796	0	0	0
4796779	0	0	0
4796928	1	1	0
4796930	0	1	1
4796931	0	1	1
4798827	0	0	0
4799107	0	0	0
4799788	0	0	0
4799939	0	0	0
4800143	0	0	0
4800198	0	0	0
4801381	0	0	0
4801644	-1	0	1
4801887	0	0	0
4802131	0	1	1
4802672	0	0	0
4802862	0	0	0
4803625	0	0	0
4803626	0	0	0
4803847	0	0	0
4803848	0	0	0
4803850	0	0	0
4803853	0	0	0
4803856	0	0	0
4805021	0	0	0
4805022	0	0	0
4805306	0	0	0
4806111	0	0	0
4806159	0	0	0
4806160	0	0	0
4806164	0	1	1
4806166	0	0	0
4806168	0	0	0
4806311	0	0	0
4806314	0	0	0
4806837	0	0	0
4806838	0	0	0
4807109	0	1	1
4807110	0	0	0
4807112	0	0	0
4807118	0	0	0
4807888	1	1	0
4808683	0	0	0
4810342	0	0	0
4810802	0	0	0
4810851	0	0	0
4812199	0	0	0
4812203	0	0	0
4813455	0	0	0
4813820	0	0	0
4813821	0	0	0
4815201	0	0	0
4815775	0	0	0
4815822	0	0	0
4816292	0	0	0
4816357	0	1	1
4816834	-1	0	1
4816896	0	0	0
4817215	0	0	0
4817768	0	0	0
4818132	0	0	0
4818289	0	1	1
4818364	0	0	0
4818707	0	0	0
4818709	0	0	0
4818815	0	0	0
4819065	0	0	0
4821157	1	1	0
4821333	0	0	0
4821346	0	0	0
4821348	0	0	0
4823061	-1	0	1
4823616	0	0	0
4823840	0	1	1
4824883	0	0	0
4825148	0	0	0
4825266	0	0	0
4825274	0	0	0
4826643	0	0	0
4827397	0	0	0
4828226	0	0	0
4828294	0	0	0
4828623	0	0	0
4828679	0	0	0
4828743	0	0	0
4829011	0	0	0
4829361	1	1	0
4829633	0	0	0
4829634	0	0	0
4829641	0	0	0
4829678	0	0	0
4829681	1	1	0
4829977	0	0	0
4830514	0	0	0
4830616	0	0	0
4831184	1	1	0
4831515	0	0	0
4831713	-1	0	1
4832266	0	0	0
4833344	-1	0	1
4833700	-1	0	1
4834226	0	0	0
4835279	0	0	0
4835653	0	0	0
4835655	0	0	0
4835769	0	0	0
4836704	0	0	0
4836705	0	0	0
4838221	0	0	0
4839881	0	0	0
4840202	0	0	0
4840263	0	0	0
4840571	0	0	0
4841100	0	0	0
4841870	0	0	0
4842889	0	0	0
4842890	0	0	0
4842891	0	0	0
4842894	0	0	0
4842896	0	0	0
4842897	0	0	0
4843165	0	0	0
4843514	0	0	0
4843649	0	0	0
4844230	0	0	0
4844627	1	1	0
4844735	0	0	0
4844896	0	0	0
4845143	0	0	0
4845301	0	0	0
4845520	-1	0	1
4845691	0	0	0
4846302	0	0	0
4846917	0	0	0
4846922	0	0	0
4847202	1	1	0
4847719	0	0	0
4849340	0	0	0
4849341	0	0	0
4849342	0	0	0
4851062	0	0	0
4852670	0	0	0
4852756	0	0	0
4853313	0	1	1
4853945	0	0	0
4854093	0	0	0
4855288	0	0	0
4855552	0	0	0
4855800	0	0	0
4856305	0	0	0
4857716	0	0	0
4859578	0	0	0
4861244	0	0	0
4862040	0	0	0
4862063	0	0	0
4862136	0	1	1
4862502	0	0	0
4863051	0	0	0
4863052	0	1	1
4863055	0	0	0
4863056	0	0	0
4864622	0	0	0
4864733	-1	0	1
4865236	0	0	0
4865860	0	0	0
4866929	-1	0	1
4867321	0	0	0
4869286	0	0	0
4869397	0	0	0
4870177	0	0	0
4870829	0	0	0
4870834	0	0	0
4871271	0	1	1
4871760	0	0	0
4871764	0	0	0
4871765	0	0	0
4871769	0	0	0
4872055	0	0	0
4872210	0	0	0
4872613	-1	0	1
4872618	-1	0	1
4872619	0	0	0
4872647	0	0	0
4873843	-1	0	1
4874049	0	0	0
4874050	0	0	0
4874052	0	0	0
4874640	0	0	0
4874641	0	0	0
4875023	1	1	0
4875423	0	0	0
4875426	0	0	0
4875704	0	1	1
4875864	0	0	0
4875964	0	0	0
4876041	0	0	0
4876459	0	0	0
4876460	0	0	0
4876461	-1	0	1
4876463	-1	0	1
4876804	-1	0	1
4877448	1	1	0
4877450	1	1	0
4877462	0	0	0
4877500	0	0	0
4878137	0	0	0
4878143	0	0	0
4878144	0	0	0
4878145	0	0	0
4879199	0	0	0
4880707	0	0	0
4881242	0	0	0
4881617	0	0	0
4882612	0	0	0
4882958	1	1	0
4883103	0	0	0
4883135	1	1	0
4884073	-1	0	1
4886279	0	0	0
4886636	0	0	0
4886735	0	0	0
4887897	0	0	0
4887899	0	0	0
4887900	0	0	0
4888420	0	0	0
4889009	0	0	0
4890560	0	0	0
4890785	0	0	0
4890904	0	0	0
4891035	0	0	0
4891959	0	0	0
4892351	0	0	0
4892359	0	0	0
4893461	-1	0	1
4893462	0	0	0
4893465	0	0	0
4893520	0	0	0
4893523	0	0	0
4894425	0	0	0
4894426	0	0	0
4894427	0	0	0
4895081	0	0	0
4895082	0	0	0
4895758	1	1	0
4896251	0	0	0
4897176	0	0	0
4899458	0	0	0
4899461	0	0	0
4899737	0	0	0
4900173	0	0	0
4900245	-1	0	1
4900246	0	0	0
4900247	-1	0	1
4900250	0	0	0
4900252	-1	0	1
4900253	-1	0	1
4901240	1	1	0
4901356	0	0	0
4902504	0	1	1
4903293	0	0	0
4903298	0	0	0
4903731	0	0	0
4903736	0	0	0
4904222	0	0	0
4904309	0	0	0
4905263	-1	0	1
4905527	0	1	1
4905684	0	0	0
4905704	0	0	0
4905828	1	1	0
4906198	0	0	0
4906300	0	0	0
4906543	0	0	0
4907398	-1	0	1
4907526	0	0	0
4907871	0	0	0
4908127	0	0	0
4909965	0	0	0
4909994	0	0	0
4910034	0	0	0
4910037	0	0	0
4910202	0	0	0
4911609	0	0	0
4911659	0	0	0
4912153	0	0	0
4913331	1	1	0
4913784	-1	0	1
4913848	0	0	0
4914134	0	0	0
4914678	0	0	0
4915238	0	0	0
4915547	0	0	0
4916140	0	0	0
4916143	0	0	0
4916149	0	0	0
4916705	0	0	0
4916987	0	0	0
4917092	0	0	0
4917096	-1	0	1
4917097	1	1	0
4917098	1	1	0
4917801	0	0	0
4919422	0	0	0
4919427	0	0	0
4919935	0	0	0
4921498	0	0	0
4922164	0	0	0
4922861	0	0	0
4923574	0	0	0
4923757	0	0	0
4924154	0	0	0
4924378	0	0	0
4924774	0	0	0
4924777	0	0	0
4925541	0	0	0
4926595	-1	0	1
4928020	0	0	0
4928129	0	0	0
4929791	0	0	0
4929845	0	0	0
4929858	0	0	0
4930174	0	0	0
4930518	0	1	1
4931244	0	0	0
4931539	-1	0	1
4931544	-1	0	1
4932321	0	1	1
4932475	0	0	0
4932704	0	0	0
4933153	0	0	0
4934056	0	0	0
4934181	-1	0	1
4935837	0	0	0
4936372	0	0	0
4936545	0	0	0
4936636	0	0	0
4936888	-1	0	1
4938171	0	0	0
4938654	0	0	0
4938656	0	0	0
4940738	0	0	0
4941423	0	0	0
4942025	1	1	0
4942992	0	0	0
4944234	0	0	0
4944276	0	1	1
4944650	0	0	0
4944653	1	1	0
4944656	-1	0	1
4944657	0	0	0
4944995	0	0	0
4945223	0	0	0
4946101	0	0	0
4946921	0	0	0
4948064	0	0	0
4948740	0	0	0
4949578	0	0	0
4950489	0	0	0
4950861	0	0	0
4951060	1	1	0
4951290	1	1	0
4951291	1	1	0
4951292	1	1	0
4951588	0	0	0
4952213	0	0	0
4952214	0	0	0
4952876	0	0	0
4953072	0	0	0
4953155	0	0	0
4953778	0	0	0
4954064	0	0	0
4954688	1	1	0
4954693	0	0	0
4954710	0	0	0
4954910	-1	0	1
4955341	0	0	0
4958347	0	0	0
4958414	0	0	0
4958693	0	0	0
4958696	0	0	0
4958697	0	0	0
4958797	0	0	0
4959118	0	0	0
4959174	-1	0	1
4959634	0	0	0
4960034	1	1	0
4960036	0	0	0
4960693	0	0	0
4960698	0	0	0
4960700	0	0	0
4960707	0	0	0
4960709	0	0	0
4961345	0	0	0
4961879	0	0	0
4963608	0	0	0
4963677	-1	0	1
4963953	0	0	0
4964108	0	0	0
4964380	0	1	1
4964601	0	0	0
4964768	0	0	0
4965916	1	1	0
4965956	0	0	0
4965969	-1	0	1
4966173	0	0	0
4966235	0	0	0
4966874	0	0	0
4967586	1	1	0
4968361	0	0	0
4968371	0	0	0
4968930	0	0	0
4969152	0	0	0
4969285	0	0	0
4969384	0	0	0
4969929	0	0	0
4969930	0	0	0
4969933	0	0	0
4969934	0	0	0
4969935	0	0	0
4970552	0	0	0
4970892	0	0	0
4971586	0	0	0
4972212	0	0	0
4975392	0	0	0
4975773	0	0	0
4976189	0	0	0
4976409	0	0	0
4976410	0	0	0
4976455	-1	0	1
4977360	0	0	0
4977557	0	0	0
4977587	-1	0	1
4977598	0	0	0
4977768	0	0	0
4977836	1	1	0
4977837	1	1	0
4977844	0	1	1
4979000	0	0	0
4979591	0	0	0
4979592	0	0	0
4979597	0	0	0
4980072	0	0	0
4980926	0	0	0
4982303	0	0	0
4982308	0	0	0
4982311	0	0	0
4982587	0	0	0
4982829	0	0	0
4982884	0	0	0
4982980	0	0	0
4983225	0	0	0
4983675	0	0	0
4983977	-1	0	1
4983980	0	0	0
4983984	0	0	0
4984200	0	0	0
4984387	0	0	0
4984390	0	0	0
4985247	0	0	0
4985248	0	0	0
4985249	0	0	0
4985253	0	0	0
4986033	0	0	0
4986342	1	1	0
4989256	0	0	0
4989257	0	0	0
4989258	0	0	0
4990705	-1	0	1
4991357	0	0	0
4991439	-1	0	1
4993648	0	0	0
4993994	0	0	0
4994192	0	0	0
4994667	0	0	0
4994675	0	0	0
4994830	0	0	0
4994918	0	0	0
4996613	0	0	0
4996847	0	0	0
4997343	0	0	0
4998092	-1	0	1
4998903	0	0	0
4999490	0	0	0
4999677	-1	0	1
5000032	0	0	0
5000504	0	0	0
5001094	-1	0	1
5001096	0	0	0
5001703	0	0	0
5002769	0	0	0
5002833	0	0	0
5004277	0	0	0
5004447	0	0	0
5004450	0	0	0
5005628	0	0	0
5006279	0	0	0
5006280	0	0	0
5006281	0	0	0
5006282	0	0	0
5006283	0	0	0
5006286	0	1	1
5006775	0	0	0
5007102	0	0	0
5007103	0	0	0
5007789	0	0	0
5008943	1	1	0
5009034	0	0	0
5009764	-1	0	1
5010627	1	1	0
5011570	0	0	0
5011619	0	0	0
5011852	0	0	0
5012192	0	1	1
5012195	0	0	0
5012362	0	0	0
5012399	0	0	0
5013417	0	0	0
5015924	0	0	0
5015925	0	0	0
5017091	0	0	0
5017205	0	0	0
5017496	0	0	0
5018360	0	0	0
5018365	-1	0	1
5018391	0	0	0
5018392	0	0	0
5018394	0	0	0
5018415	0	0	0
5018791	0	0	0
5018922	0	0	0
5019182	-1	0	1
5019811	0	0	0
5019830	0	0	0
5019832	0	0	0
5019838	0	0	0
5020094	0	0	0
5020200	0	0	0
5020575	1	1	0
5021216	0	0	0
5022486	0	0	0
5022497	0	0	0
5023164	0	0	0
5023715	0	0	0
5023819	0	0	0
5024276	-1	0	1
5024307	0	0	0
5024841	0	0	0
5026563	0	0	0
5027267	0	0	0
5027536	0	0	0
5028487	1	1	0
5028490	1	1	0
5028781	0	0	0
5028974	0	0	0
5029428	0	0	0
5029712	0	0	0
5030973	0	0	0
5031004	0	0	0
5031011	-1	0	1
5031941	0	0	0
5032190	0	0	0
5032265	0	0	0
5032362	0	0	0
5032364	0	0	0
5032607	0	0	0
5032687	0	0	0
5032830	1	1	0
5033007	0	0	0
5033686	0	0	0
5033687	0	0	0
5033689	0	0	0
5033991	-1	0	1
5033992	-1	0	1
5034732	-1	0	1
5034734	0	1	1
5034738	-1	0	1
5036204	0	0	0
5036308	0	0	0
5037122	1	1	0
5037124	0	0	0
5037933	0	0	0
5038295	1	1	0
5038296	0	0	0
5040028	0	0	0
5040605	0	0	0
5040614	0	0	0
5041341	0	0	0
5041692	0	0	0
5041784	0	0	0
5041848	1	1	0
5041955	-1	0	1
5041959	-1	0	1
5042642	0	0	0
5042649	0	0	0
5042984	0	0	0
5043750	0	0	0
5044065	0	0	0
5044118	0	0	0
5044122	0	0	0
5045613	0	0	0
5045632	0	0	0
5046485	0	0	0
5046618	0	0	0
5046741	0	0	0
5047117	0	0	0
5047711	0	0	0
5047796	0	0	0
5048394	0	0	0
5048840	0	0	0
5049366	0	0	0
5049715	0	0	0
5049718	0	0	0
5049833	0	0	0
5050414	-1	0	1
5051710	0	0	0
5051739	0	0	0
5052588	0	0	0
5052613	1	1	0
5053399	-1	0	1
5053493	0	0	0
5053494	1	1	0
5053495	1	1	0
5053496	0	0	0
5053511	0	0	0
5053853	0	0	0
5054055	0	0	0
5054502	0	0	0
5054503	0	0	0
5055130	0	0	0
5055136	0	0	0
5056475	0	0	0
5056891	0	0	0
5057448	0	0	0
5057669	0	0	0
5059089	1	1	0
5059138	0	0	0
5059287	0	0	0
5059382	0	0	0
5059597	-1	0	1
5059598	0	0	0
5060033	0	0	0
5063098	1	1	0
5063919	0	0	0
5064132	-1	0	1
5064223	1	1	0
5064231	0	0	0
5064931	0	0	0
5065049	0	0	0
5065517	0	0	0
5065570	0	0	0
5066758	0	0	0
5066786	0	0	0
5067980	1	1	0
5067985	1	1	0
5067987	0	1	1
5068280	0	0	0
5069931	-1	0	1
5069932	0	0	0
5071187	-1	0	1
5071195	-1	0	1
5072689	0	0	0
5072903	0	0	0
5072905	-1	0	1
5073463	0	0	0
5073557	0	0	0
5073829	0	0	0
5073833	0	0	0
5074608	0	0	0
5075512	-1	0	1
5075550	0	0	0
5076119	0	0	0
5076332	0	0	0
5077704	0	0	0
5077707	0	0	0
5078192	0	0	0
5078867	0	0	0
5079230	0	0	0
5079674	0	0	0
5079676	0	0	0
5079677	0	0	0
5079678	0	0	0
5080276	0	0	0
5080447	0	0	0
5080860	0	0	0
5081611	0	0	0
5081619	0	0	0
5081714	0	0	0
5081773	0	0	0
5081926	0	0	0
5082410	0	0	0
5087038	0	1	1
5087214	1	1	0
5087784	0	0	0
5087786	0	0	0
5088085	0	0	0
5088245	0	0	0
5089439	-1	0	1
5091341	0	0	0
5091533	1	1	0
5091536	0	0	0
5091537	0	0	0
5092036	0	0	0
5092160	0	0	0
5092166	0	0	0
5092640	0	0	0
5092872	0	0	0
5093171	0	0	0
5093213	0	0	0
5094227	0	0	0
5094250	1	1	0
5094253	0	0	0
5094333	0	0	0
5095035	0	0	0
5096395	0	0	0
5096516	0	0	0
5096560	0	0	0
5097495	0	0	0
5097962	0	0	0
5098659	0	0	0
5098941	0	0	0
5099133	0	0	0
5099146	0	0	0
5099291	0	0	0
5099485	0	0	0
5099486	1	1	0
5099487	0	0	0
5099488	0	0	0
5099489	1	1	0
5099490	0	0	0
5099557	0	0	0
5099719	0	0	0
5101716	0	0	0
5102089	0	0	0
5102091	0	0	0
5102094	0	0	0
5103419	0	0	0
5103420	0	0	0
5104146	0	0	0
5104147	0	0	0
5105182	0	0	0
5105265	0	0	0
5105270	0	0	0
5105865	-1	0	1
5105902	0	0	0
5106710	0	0	0
5106715	0	0	0
5107894	0	0	0
5107912	1	1	0
5107932	0	0	0
5107991	0	0	0
5107994	0	0	0
5109588	0	0	0
5109592	0	0	0
5110656	0	0	0
5110996	0	0	0
5110998	0	0	0
5111016	0	0	0
5112181	0	0	0
5112294	0	0	0
5112591	0	0	0
5113770	0	0	0
5115061	0	0	0
5115661	0	0	0
5115664	0	0	0
5115666	0	0	0
5115667	0	0	0
5115668	0	0	0
5115782	-1	0	1
5115855	0	0	0
5116334	-1	0	1
5116611	0	0	0
5116612	0	0	0
5116614	0	0	0
5116615	-1	0	1
5117195	0	0	0
5117747	0	0	0
5117946	0	0	0
5117947	0	0	0
5117949	0	0	0
5117950	0	0	0
5117953	0	0	0
5119318	-1	0	1
5119631	0	0	0
5120794	0	0	0
5121432	0	0	0
5121706	0	0	0
5121948	0	0	0
5122330	0	0	0
5122959	0	0	0
5123409	0	0	0
5123959	0	0	0
5124212	0	0	0
5125896	0	0	0
5126001	0	0	0
5126925	0	0	0
5127117	-1	0	1
5127551	0	0	0
5127954	0	0	0
5128293	0	0	0
5128456	0	0	0
5129492	0	0	0
5129637	0	0	0
5129787	0	0	0
5130335	0	0	0
5130338	0	0	0
5130342	0	0	0
5132291	0	0	0
5133288	0	0	0
5133549	-1	0	1
5134198	0	0	0
5134722	0	0	0
5135259	0	0	0
5135261	0	0	0
5135639	1	1	0
5135693	0	0	0
5135696	0	0	0
5135698	0	0	0
5136084	0	0	0
5136085	0	0	0
5136800	0	0	0
5137294	0	0	0
5137354	0	0	0
5137616	0	0	0
5137746	0	0	0
5137820	0	0	0
5138467	0	0	0
5138468	0	0	0
5138469	0	0	0
5138470	0	0	0
5138472	0	0	0
5138474	0	0	0
5138475	0	0	0
5140628	0	0	0
5141565	0	0	0
5141698	0	0	0
5141701	0	0	0
5142204	0	0	0
5142270	0	0	0
5142475	0	1	1
5142478	0	1	1
5142479	0	1	1
5144398	-1	0	1
5144727	0	0	0
5144730	0	0	0
5144731	0	0	0
5144732	0	0	0
5144735	-1	0	1
5146995	-1	0	1
5147526	0	0	0
5147527	0	0	0
5147528	0	0	0
5147529	0	0	0
5147530	0	0	0
5148370	0	0	0
5148754	0	0	0
5148757	0	0	0
5148759	0	0	0
5149190	0	0	0
5149255	0	0	0
5150431	0	0	0
5150438	0	0	0
5150765	0	0	0
5151052	0	0	0
5151262	0	1	1
5151759	0	0	0
5151802	0	0	0
5151854	0	0	0
5154124	0	0	0
5154479	0	0	0
5154481	0	0	0
5154614	0	0	0
5154694	-1	0	1
5155279	0	0	0
5155281	0	0	0
5156171	0	0	0
5156282	-1	0	1
5156283	-1	0	1
5156487	-1	0	1
5156764	0	0	0
5156870	0	0	0
5156872	0	0	0
5157288	0	0	0
5157928	0	0	0
5157930	0	0	0
5157931	0	0	0
5157932	0	0	0
5158150	0	0	0
5158151	0	0	0
5160143	0	0	0
5160617	0	0	0
5161943	0	0	0
5162048	0	0	0
5162988	0	0	0
5163409	0	0	0
5163415	0	0	0
5164380	0	0	0
5164788	0	0	0
5165249	0	0	0
5166291	0	0	0
5167344	0	0	0
5168065	-1	0	1
5168667	0	0	0
5168877	0	1	1
5169295	0	0	0
5169313	0	0	0
5169557	0	0	0
5169560	0	0	0
5170284	0	0	0
5170791	0	0	0
5170792	0	0	0
5171359	0	0	0
5171603	0	0	0
5171946	0	0	0
5172539	0	0	0
5172673	0	0	0
5172684	0	0	0
5172688	0	0	0
5172810	0	0	0
5173106	1	1	0
5173108	1	1	0
5173179	0	0	0
5173487	0	0	0
5174182	0	0	0
5174452	0	0	0
5174765	0	0	0
5174833	0	0	0
5174992	0	0	0
5175270	0	0	0
5175280	0	0	0
5175931	0	0	0
5176120	0	0	0
5176319	0	0	0
5176507	0	0	0
5176787	1	1	0
5176790	1	1	0
5177229	0	0	0
5177235	0	0	0
5177462	0	0	0
5179251	0	0	0
5180111	0	0	0
5180697	0	0	0
5180703	0	0	0
5180704	0	0	0
5181966	0	0	0
5181967	0	0	0
5181970	0	0	0
5182398	0	0	0
5182415	0	0	0
5182495	-1	0	1
5183178	1	1	0
5184311	0	0	0
5184814	0	0	0
5185087	0	0	0
5185091	0	0	0
5185096	0	0	0
5185434	0	0	0
5185436	0	0	0
5185437	0	1	1
5185441	0	0	0
5185442	0	0	0
5185664	0	0	0
5185671	0	0	0
5186107	0	0	0
5186307	0	0	0
5188219	0	0	0
5188635	0	0	0
5189913	0	0	0
5190222	0	0	0
5190667	1	1	0
5191981	0	0	0
5192414	0	0	0
5194267	1	1	0
5195039	0	0	0
5195083	0	0	0
5195893	0	0	0
5196236	0	0	0
5197130	0	0	0
5197133	0	0	0
5197135	0	0	0
5197136	0	0	0
5197138	0	0	0
5197472	0	0	0
5197925	0	0	0
5198892	0	0	0
5199349	0	0	0
5200987	0	0	0
5201820	0	0	0
5202353	0	0	0
5202358	0	0	0
5202447	-1	0	1
5202623	0	0	0
5203756	1	1	0
5204004	0	0	0
5204541	-1	0	1
5204996	0	0	0
5205305	0	0	0
5205419	0	0	0
5206103	0	0	0
5207199	0	1	1
5207241	0	0	0
5207242	0	1	1
5207649	0	0	0
5207736	0	0	0
5207942	0	0	0
5208690	0	0	0
5209261	0	0	0
5209437	0	0	0
5209543	0	0	0
5209804	0	0	0
5211036	0	0	0
5212041	0	0	0
5212457	0	0	0
5212701	0	0	0
5212703	0	0	0
5212704	0	0	0
5212705	0	0	0
5212710	-1	0	1
5213731	0	1	1
5215394	1	1	0
5216154	0	0	0
5216697	0	0	0
5217485	-1	0	1
5217702	0	0	0
5218014	0	0	0
5218049	-1	0	1
5218051	-1	0	1
5218456	0	0	0
5218838	0	0	0
5218948	0	0	0
5219970	0	0	0
5219971	0	0	0
5219976	0	0	0
5220358	0	0	0
5220497	0	0	0
5221429	0	0	0
5225094	0	0	0
5225244	-1	0	1
5225245	-1	0	1
5225248	1	1	0
5225925	-1	0	1
5226315	0	0	0
5226320	0	0	0
5226330	0	0	0
5226367	0	0	0
5227680	0	0	0
5227923	0	0	0
5228015	0	0	0
5228408	0	0	0
5229617	0	0	0
5230056	0	0	0
5230983	0	0	0
5231033	0	0	0
5231034	0	0	0
5231602	0	0	0
5232238	0	0	0
5232239	0	0	0
5232955	0	0	0
5232959	0	0	0
5232963	0	0	0
5233210	0	0	0
5233259	0	0	0
5234926	0	0	0
5234927	0	0	0
5234928	0	0	0
5235057	0	0	0
5235076	0	0	0
5237512	0	1	1
5237513	0	0	0
5237521	0	0	0
5238211	0	0	0
5239073	0	0	0
5240760	0	0	0
5241055	0	0	0
5241105	0	0	0
5241316	1	1	0
5242639	0	1	1
5242910	0	0	0
5242913	0	0	0
5242914	0	0	0
5243400	0	0	0
5243402	0	0	0
5245504	0	0	0
5245919	0	0	0
5246389	0	0	0
5246392	0	0	0
5246580	1	1	0
5247484	0	0	0
5247992	0	0	0
5247999	0	0	0
5248000	0	0	0
5248230	0	0	0
5248340	0	0	0
5248341	0	0	0
5250795	1	1	0
5250928	-1	0	1
5250929	-1	0	1
5251366	0	0	0
5251367	0	0	0
5251368	0	0	0
5251370	0	0	0
5251372	0	0	0
5251373	0	0	0
5251513	0	0	0
5251788	0	0	0
5252344	0	1	1
5253814	0	0	0
5253952	0	0	0
5254255	0	0	0
5254364	0	0	0
5254719	0	0	0
5255232	0	0	0
5255590	0	0	0
5257228	0	1	1
5257534	0	0	0
5257537	0	0	0
5257561	-1	0	1
5257562	-1	0	1
5257572	0	0	0
5258461	0	0	0
5258462	0	0	0
5258612	0	0	0
5258616	0	0	0
5259156	1	1	0
5260147	0	0	0
5260890	0	0	0
5260891	0	0	0
5260893	0	0	0
5260894	0	0	0
5260896	0	0	0
5260927	0	0	0
5260928	0	0	0
5260931	0	0	0
5261396	0	0	0
5261554	0	0	0
5261723	0	0	0
5262084	0	0	0
5262086	-1	0	1
5262830	-1	0	1
5262936	-1	0	1
5262941	0	0	0
5262951	0	0	0
5262955	0	0	0
5264931	0	0	0
5265072	1	1	0
5265758	0	0	0
5266512	0	1	1
5266513	0	1	1
5266514	0	1	1
5266531	-1	0	1
5267146	0	0	0
5267147	0	0	0
5267452	0	0	0
5268118	0	0	0
5268530	0	0	0
5268783	0	0	0
5269795	-1	0	1
5269799	1	1	0
5269970	1	1	0
5270605	1	1	0
5270607	1	1	0
5271113	0	0	0
5271118	0	0	0
5271119	0	0	0
5271264	-1	0	1
5271430	-1	0	1
5271432	-1	0	1
5272071	0	0	0
5272092	0	0	0
5272926	-1	0	1
5273787	0	0	0
5274336	-1	0	1
5275332	0	0	0
5275984	0	0	0
5276397	0	0	0
5276898	0	0	0
5276900	0	0	0
5276905	0	0	0
5278880	0	0	0
5278913	0	0	0
5279567	0	0	0
5279699	0	0	0
5279744	0	0	0
5280015	0	0	0
5280018	0	0	0
5280685	0	0	0
5280686	0	0	0
5280828	1	1	0
5281380	0	0	0
5283722	0	0	0
5283965	0	0	0
5284042	0	0	0
5284045	0	0	0
5284299	-1	0	1
5284846	0	0	0
5284848	0	0	0
5284888	-1	0	1
5285243	0	0	0
5285520	0	0	0
5285521	0	0	0
5285524	1	1	0
5285602	0	0	0
5285604	0	0	0
5285667	0	0	0
5285800	0	0	0
5285806	-1	0	1
5286172	0	0	0
5286177	0	0	0
5286251	0	0	0
5286538	0	0	0
5286539	0	0	0
5286540	0	0	0
5286864	1	1	0
5286899	0	0	0
5286924	0	0	0
5287330	0	0	0
5287596	0	0	0
5287965	0	0	0
5288771	1	1	0
5289435	0	0	0
5289697	0	0	0
5290835	1	1	0
5291380	0	0	0
5292442	0	0	0
5292482	0	0	0
5293151	0	0	0
5293614	0	0	0
5293654	-1	0	1
5294149	0	0	0
5295699	0	0	0
5296000	0	0	0
5296160	-1	0	1
5296167	-1	0	1
5296613	0	0	0
5296723	0	0	0
5296736	0	0	0
5296908	0	0	0
5297047	0	0	0
5298287	0	0	0
5298315	0	0	0
5298398	0	0	0
5298511	-1	0	1
5298755	0	0	0
5299878	-1	0	1
5299972	0	0	0
5299974	-1	0	1
5299975	-1	0	1
5299976	-1	0	1
5300176	0	0	0
5300257	0	0	0
5300901	0	1	1
5301136	0	0	0
5301141	0	0	0
5302364	0	0	0
5302523	0	0	0
5303224	0	0	0
5303391	0	1	1
5303394	1	1	0
5304327	0	0	0
5304493	0	0	0
5304537	0	0	0
5304541	0	0	0
5305102	0	0	0
5305147	0	0	0
5305156	0	0	0
5305311	0	0	0
5305804	0	0	0
5305806	0	0	0
5305967	0	0	0
5306583	-1	0	1
5306910	0	0	0
5307890	0	0	0
5308054	0	0	0
5308228	0	0	0
5308773	0	0	0
5310312	0	0	0
5310315	0	0	0
5310426	0	0	0
5310430	-1	0	1
5310530	0	0	0
5310925	0	0	0
5310998	0	0	0
5311002	0	0	0
5312885	0	0	0
5315575	-1	0	1
5315957	0	0	0
5316638	0	0	0
5316955	0	0	0
5318228	0	0	0
5318350	0	0	0
5318435	0	0	0
5319158	0	0	0
5320368	0	0	0
5320537	0	0	0
5320554	0	0	0
5320661	0	0	0
5320693	0	0	0
5322554	0	0	0
5323251	1	1	0
5323517	0	0	0
5323885	0	0	0
5324067	0	0	0
5324110	0	0	0
5324112	0	0	0
5324114	1	1	0
5324116	0	0	0
5324775	0	0	0
5324779	0	0	0
5325025	0	0	0
5326427	0	0	0
5326884	0	0	0
5328087	0	0	0
5328447	0	0	0
5328450	0	0	0
5328518	0	0	0
5329101	0	0	0
5329899	-1	0	1
5330104	1	1	0
5330222	0	0	0
5330540	0	0	0
5330544	0	0	0
5331361	0	0	0
5331576	0	0	0
5331598	0	0	0
5331800	-1	0	1
5333057	0	0	0
5333058	0	1	1
5334950	0	0	0
5335506	0	0	0
5336780	0	0	0
5336784	0	0	0
5337234	0	0	0
5338189	1	1	0
5338196	1	1	0
5338521	0	0	0
5338945	-1	0	1
5338965	0	0	0
5338966	0	0	0
5339537	0	0	0
5339620	0	0	0
5340657	0	0	0
5340775	-1	0	1
5341469	0	0	0
5342029	0	0	0
5342033	0	0	0
5343868	0	0	0
5343869	0	0	0
5343872	0	0	0
5344347	0	0	0
5344349	0	0	0
5344860	0	0	0
5344862	0	0	0
5344866	0	0	0
5345089	-1	0	1
5345720	0	0	0
5346771	0	0	0
5346776	0	0	0
5346949	0	0	0
5347731	0	0	0
5348543	0	0	0
5348834	0	0	0
5349812	0	0	0
5350258	0	0	0
5350259	-1	0	1
5350260	0	0	0
5350364	0	0	0
5351113	0	0	0
5351448	0	0	0
5351653	0	0	0
5351657	0	0	0
5352600	0	0	0
5352602	0	0	0
5352604	0	0	0
5352606	0	0	0
5353029	-1	0	1
5353236	0	0	0
5353241	0	0	0
5353716	0	0	0
5353717	0	0	0
5353867	0	0	0
5354377	0	0	0
5354522	0	0	0
5354744	0	0	0
5355385	0	0	0
5355388	0	0	0
5355443	0	0	0
5357685	1	1	0
5357736	1	1	0
5357864	0	0	0
5358503	0	0	0
5358507	0	0	0
5358717	0	0	0
5359137	0	0	0
5359212	0	0	0
5359213	0	0	0
5359237	0	0	0
5359238	-1	0	1
5359964	0	0	0
5359967	0	0	0
5360279	0	0	0
5360740	-1	0	1
5360741	0	0	0
5361162	-1	0	1
5361966	0	0	0
5361970	0	1	1
5361972	0	0	0
5362092	0	0	0
5362093	0	0	0
5362412	1	1	0
5362559	0	0	0
5363090	0	0	0
5363094	0	0	0
5363161	0	0	0
5364287	0	0	0
5364566	0	0	0
5368016	0	0	0
5368359	0	0	0
5368753	0	0	0
5369160	0	1	1
5370965	0	0	0
5370967	-1	0	1
5370968	0	0	0
5370969	0	0	0
5370970	0	0	0
5371380	0	0	0
5372348	0	0	0
5373137	0	1	1
5373626	1	1	0
5373840	0	0	0
5375925	-1	0	1
5376679	-1	0	1
5377234	0	1	1
5377586	0	0	0
5378069	0	0	0
5378108	0	0	0
5378111	0	0	0
5378871	0	0	0
5379458	0	0	0
5379897	0	0	0
5380158	0	0	0
5380372	0	0	0
5380375	0	0	0
5380379	0	0	0
5380908	1	1	0
5381023	0	0	0
5381024	-1	0	1
5381026	0	0	0
5381029	0	0	0
5381347	0	0	0
5383751	0	0	0
5384308	0	0	0
5384755	-1	0	1
5385863	0	0	0
5386668	0	0	0
5386928	0	0	0
5387410	0	0	0
5387784	-1	0	1
5387785	-1	0	1
5387786	-1	0	1
5387787	-1	0	1
5387789	-1	0	1
5387790	-1	0	1
5387791	-1	0	1
5387792	-1	0	1
5387901	0	0	0
5388686	0	0	0
5389305	0	0	0
5389650	0	0	0
5390327	0	0	0
5390486	0	0	0
5391283	0	0	0
5391353	0	0	0
5391533	-1	0	1
5391806	-1	0	1
5392063	1	1	0
5392065	1	1	0
5392411	0	0	0
5392538	0	0	0
5392603	-1	0	1
5392756	0	0	0
5393194	0	0	0
5393606	0	0	0
5393793	0	0	0
5395443	0	0	0
5395676	0	0	0
5396181	0	0	0
5396293	0	0	0
5397335	0	0	0
5397339	-1	0	1
5398391	0	0	0
5398999	0	0	0
5399268	0	0	0
5399274	0	0	0
5402882	0	0	0
5403689	0	0	0
5404149	0	0	0
5404581	0	0	0
5405171	0	0	0
5405183	0	0	0
5405848	-1	0	1
5405938	0	0	0
5405939	0	0	0
5405942	0	0	0
5406192	0	0	0
5406196	0	0	0
5406426	1	1	0
5406427	0	0	0
5406580	0	0	0
5408899	0	0	0
5409011	0	0	0
5409013	0	0	0
5409015	0	0	0
5409831	0	0	0
5410381	0	0	0
5410718	0	0	0
5410852	0	0	0
5413774	0	0	0
5413778	0	0	0
5415276	-1	0	1
5415316	0	0	0
5415522	0	0	0
5415554	-1	0	1
5417580	0	0	0
5417582	0	0	0
5417583	0	0	0
5417584	0	0	0
5417708	-1	0	1
5417753	1	1	0
5417952	0	0	0
5417953	0	0	0
5417954	0	0	0
5418539	0	0	0
5418986	1	1	0
5419086	0	0	0
5419317	0	0	0
5419479	0	0	0
5420738	0	0	0
5421540	1	1	0
5421542	0	1	1
5422055	0	0	0
5422308	0	0	0
5422309	0	0	0
5422860	0	0	0
5423260	0	0	0
5423261	-1	0	1
5423263	-1	0	1
5423264	0	0	0
5423265	0	0	0
5424254	0	0	0
5424398	0	0	0
5424731	0	0	0
5424732	0	0	0
5424901	0	0	0
5424982	-1	0	1
5424983	-1	0	1
5425798	0	0	0
5425830	0	0	0
5427063	0	0	0
5427064	0	0	0
5427070	0	0	0
5427348	0	0	0
5427585	0	0	0
5428981	0	0	0
5429420	0	0	0
5429871	0	0	0
5429873	0	0	0
5430008	0	0	0
5430202	0	0	0
5430614	0	0	0
5431295	0	0	0
5432023	-1	0	1
5433357	0	0	0
5434086	0	0	0
5436026	-1	0	1
5436028	1	1	0
5436032	1	1	0
5436175	0	0	0
5436426	0	0	0
5437177	0	0	0
5437667	0	0	0
5439230	-1	0	1
5439232	0	0	0
5439234	-1	0	1
5439397	0	0	0
5439823	0	0	0
5443549	0	0	0
5444119	0	0	0
5444419	0	0	0
5444730	0	0	0
5446312	0	0	0
5446446	0	0	0
5446450	0	0	0
5448079	0	0	0
5448967	0	0	0
5448970	0	0	0
5448971	0	0	0
5449967	0	0	0
5449968	0	0	0
5450052	0	0	0
5450246	0	0	0
5451354	0	0	0
5451357	0	0	0
5451501	0	0	0
5451804	0	0	0
5452565	0	0	0
5452632	0	0	0
5452636	0	0	0
5453255	0	0	0
5453376	0	0	0
5453382	0	0	0
5454186	0	0	0
5454280	0	0	0
5454283	0	0	0
5455243	0	0	0
5455744	0	0	0
5455934	0	0	0
5456052	0	0	0
5456057	0	0	0
5456072	-1	0	1
5456077	0	0	0
5456129	0	0	0
5456561	0	0	0
5456654	-1	0	1
5457159	0	0	0
5457160	0	0	0
5457386	0	0	0
5457559	0	0	0
5457560	0	0	0
5457561	1	1	0
5457562	0	0	0
5457564	0	0	0
5457566	0	0	0
5457567	1	1	0
5457568	0	0	0
5457717	0	0	0
5457718	0	0	0
5457973	0	0	0
5458548	0	0	0
5459072	0	0	0
5459917	0	0	0
5459918	0	0	0
5460322	0	1	1
5460884	0	0	0
5460888	0	0	0
5460890	0	0	0
5460892	0	0	0
5461010	0	0	0
5461013	0	0	0
5461280	0	0	0
5461914	0	0	0
5464236	0	0	0
5464316	0	0	0
5464491	0	0	0
5466087	-1	0	1
5466807	0	0	0
5466810	0	0	0
5466813	0	0	0
5467039	0	1	1
5467649	0	0	0
5468168	0	0	0
5468418	0	0	0
5468743	1	1	0
5469038	0	0	0
5470165	0	0	0
5470330	0	0	0
5470544	-1	0	1
5470547	0	0	0
5470549	0	0	0
5470551	0	0	0
5470985	0	0	0
5470988	0	0	0
5470989	0	0	0
5472023	0	0	0
5472238	0	0	0
5472495	1	1	0
5472565	0	0	0
5474316	0	0	0
5475036	0	0	0
5475308	0	0	0
5475480	0	0	0
5476282	0	0	0
5476391	0	0	0
5476500	0	0	0
5476502	0	0	0
5477323	0	0	0
5477454	0	0	0
5477784	0	0	0
5477960	0	0	0
5477961	0	0	0
5478078	0	0	0
5479067	1	1	0
5479173	0	0	0
5479497	0	0	0
5479502	0	0	0
5479858	0	0	0
5480142	0	0	0
5480146	0	0	0
5480150	0	0	0
5480260	0	0	0
5480262	0	0	0
5480665	0	0	0
5480951	0	0	0
5481219	0	0	0
5481268	0	0	0
5481554	0	0	0
5481560	0	0	0
5481562	0	0	0
5481714	0	0	0
5481853	1	1	0
5481916	0	0	0
5482018	0	0	0
5483156	0	0	0
5483158	0	0	0
5483348	0	0	0
5484451	0	0	0
5484546	0	0	0
5484838	0	0	0
5485579	0	0	0
5485721	0	0	0
5486053	-1	0	1
5486140	0	0	0
5486415	0	0	0
5486924	0	0	0
5486926	0	0	0
5487041	0	0	0
5487787	0	0	0
5488198	0	0	0
5488538	0	0	0
5488616	0	0	0
5491850	0	0	0
5492465	0	0	0
5494807	0	0	0
5495446	0	0	0
5496207	0	0	0
5496265	0	0	0
5496268	0	0	0
5496410	0	0	0
5496577	0	0	0
5497169	1	1	0
5497171	1	1	0
5497172	1	1	0
5497627	0	0	0
5498172	0	0	0
5498478	0	0	0
5498531	0	0	0
5498601	1	1	0
5499561	0	0	0
5499572	0	0	0
5499577	0	0	0
5500606	0	0	0
5500704	0	0	0
5500917	0	1	1
5501454	0	0	0
5501772	0	0	0
5502884	0	0	0
5503260	0	0	0
5503423	0	0	0
5504315	0	0	0
5504949	-1	0	1
5505177	0	0	0
5505181	0	0	0
5505390	0	0	0
5505588	0	0	0
5506023	0	0	0
5506147	0	0	0
5506148	0	0	0
5506158	0	0	0
5506484	0	0	0
5506488	0	0	0
5508008	0	0	0
5508262	0	0	0
5508623	0	0	0
5510632	0	0	0
5511027	0	0	0
5512495	0	0	0
5512819	0	0	0
5512822	0	0	0
5512823	0	0	0
5512852	1	1	0
5513268	-1	0	1
5513352	0	0	0
5513355	0	0	0
5513356	0	0	0
5513357	0	0	0
5513583	0	0	0
5513893	0	0	0
5514972	0	0	0
5515093	0	0	0
5515094	0	0	0
5515973	0	0	0
5515987	0	0	0
5517081	0	0	0
5517084	0	0	0
5517796	0	0	0
5517966	0	0	0
5517973	-1	0	1
5517974	-1	0	1
5518570	0	0	0
5518589	0	0	0
5520123	0	0	0
5520230	0	0	0
5520395	-1	0	1
5520797	0	0	0
5521016	0	0	0
5521018	0	0	0
5521019	0	0	0
5521371	0	0	0
5521373	0	0	0
5523790	0	0	0
5524339	0	0	0
5524543	0	0	0
5524603	0	0	0
5524674	0	0	0
5524702	0	0	0
5525121	0	0	0
5525122	0	0	0
5526009	0	0	0
5526515	0	0	0
5528502	0	0	0
5529086	0	0	0
5530273	0	0	0
5530367	0	0	0
5531334	0	0	0
5531476	0	0	0
5531692	0	0	0
5531693	0	0	0
5532257	0	0	0
5533118	-1	0	1
5533638	0	0	0
5533640	0	0	0
5533647	0	0	0
5534364	-1	0	1
5534379	0	0	0
5534703	0	0	0
5534707	0	0	0
5534708	0	0	0
5534711	0	0	0
5536987	0	0	0
5537347	0	0	0
5537348	0	0	0
5537554	0	0	0
5537558	0	0	0
5537841	-1	0	1
5537842	0	0	0
5537844	0	0	0
5537847	-1	0	1
5538936	0	0	0
5538938	0	0	0
5538940	0	0	0
5538945	0	0	0
5539004	0	0	0
5539036	0	0	0
5539041	0	0	0
5540344	1	1	0
5541561	0	0	0
5541566	0	0	0
5541760	0	0	0
5542593	0	0	0
5543156	0	0	0
5543317	0	0	0
5543459	0	0	0
5545010	0	0	0
5545612	0	0	0
5545731	0	0	0
5546050	0	1	1
5546243	0	0	0
5547144	0	0	0
5547148	0	0	0
5547149	-1	0	1
5547150	0	1	1
5548020	0	0	0
5548199	0	0	0
5548204	0	0	0
5548205	0	0	0
5548896	0	0	0
5549449	0	0	0
5550048	-1	0	1
5550667	0	0	0
5551451	0	0	0
5552348	0	0	0
5554297	0	0	0
5554415	0	0	0
5555051	0	0	0
5555081	0	0	0
5555087	0	0	0
5555296	0	0	0
5555541	0	0	0
5555773	0	0	0
5556202	0	0	0
5557070	0	0	0
5557422	0	0	0
5557425	0	0	0
5557430	0	0	0
5557539	0	0	0
5557828	0	0	0
5558768	1	1	0
5558836	0	0	0
5558839	0	0	0
5560100	0	0	0
5561048	1	1	0
5561486	0	0	0
5562428	0	0	0
5564051	0	0	0
5564057	0	0	0
5564331	0	0	0
5564333	0	0	0
5564335	0	0	0
5564337	0	0	0
5565062	0	0	0
5567707	0	0	0
5567729	0	0	0
5567732	0	0	0
5568054	0	0	0
5568622	0	0	0
5569885	0	0	0
5570340	0	0	0
5571646	0	0	0
5571963	0	0	0
5572773	0	0	0
5572806	0	0	0
5572871	0	1	1
5573662	0	0	0
5573944	0	0	0
5575767	0	0	0
5576298	0	0	0
5576301	0	0	0
5576302	0	0	0
5576495	0	0	0
5576745	0	0	0
5576835	0	0	0
5576839	0	0	0
5576918	0	0	0
5579389	-1	0	1
5579534	0	0	0
5580291	0	0	0
5580512	0	0	0
5580789	0	0	0
5580791	0	0	0
5580930	0	0	0
5581927	-1	0	1
5582356	0	0	0
5582452	0	0	0
5583080	0	0	0
5583083	0	0	0
5583182	0	0	0
5583198	-1	0	1
5583447	0	0	0
5583448	0	0	0
5583451	0	0	0
5583452	0	0	0
5583453	0	0	0
5583968	0	0	0
5583970	0	0	0
5584830	0	0	0
5585069	0	0	0
5585072	0	1	1
5585185	0	0	0
5585481	0	0	0
5585490	0	0	0
5585673	-1	0	1
5585799	0	0	0
5586331	0	0	0
5586378	1	1	0
5586857	0	0	0
5587297	0	0	0
5587709	0	0	0
5587711	0	0	0
5588103	0	0	0
5588133	0	0	0
5588137	0	0	0
5588784	0	0	0
5590481	0	0	0
5590532	0	0	0
5590533	0	0	0
5591056	0	0	0
5591898	0	1	1
5593054	0	0	0
5593082	0	0	0
5593779	1	1	0
5593945	0	0	0
5594232	0	1	1
5594265	-1	0	1
5594510	0	0	0
5595497	0	0	0
5595994	0	0	0
5596775	0	0	0
5597922	0	0	0
5597928	0	0	0
5598020	0	0	0
5598286	0	0	0
5598961	0	0	0
5599661	1	1	0
5599663	1	1	0
5599667	0	1	1
5599668	1	1	0
5599692	0	0	0
5599836	0	0	0
5599837	0	0	0
5599839	0	0	0
5599840	0	0	0
5599841	0	0	0
5600184	0	0	0
5600214	0	0	0
5601138	0	0	0
5603299	0	0	0
5603300	0	0	0
5603301	0	0	0
5603306	0	0	0
5603338	0	0	0
5603523	0	0	0
5604010	0	0	0
5604692	-1	0	1
5605008	-1	0	1
5605159	0	0	0
5605160	0	0	0
5605335	0	0	0
5606068	0	0	0
5606236	0	0	0
5606674	0	0	0
5607246	0	0	0
5607729	0	0	0
5607814	0	0	0
5607816	-1	0	1
5608700	0	0	0
5609288	0	0	0
5609344	-1	0	1
5609345	-1	0	1
5609346	-1	0	1
5609375	0	0	0
5609824	0	0	0
5609964	0	0	0
5610579	0	0	0
5610580	0	0	0
5610582	0	0	0
5610585	0	0	0
5610587	0	0	0
5611149	0	1	1
5611150	0	1	1
5611389	0	0	0
5611393	0	0	0
5611985	0	0	0
5612094	0	0	0
5612095	0	0	0
5612099	0	0	0
5612101	0	0	0
5612432	0	0	0
5612433	0	0	0
5613050	1	1	0
5613059	0	0	0
5613407	0	0	0
5614620	0	0	0
5614621	0	0	0
5615181	0	0	0
5615187	0	0	0
5615531	0	0	0
5616371	0	0	0
5616994	1	1	0
5616997	0	0	0
5616998	1	1	0
5617002	0	0	0
5617336	0	0	0
5618066	0	0	0
5618068	0	0	0
5618254	0	0	0
5618507	0	0	0
5619691	0	0	0
5619692	0	0	0
5619977	-1	0	1
5620015	0	0	0
5620459	0	0	0
5620460	0	0	0
5620529	0	0	0
5621285	0	0	0
5621315	0	0	0
5621657	0	0	0
5621660	0	0	0
5621806	0	0	0
5622084	0	0	0
5622227	0	1	1
5623291	0	0	0
5623611	0	0	0
5623719	0	0	0
5625132	0	0	0
5626071	0	0	0
5626267	0	0	0
5626274	0	0	0
5626275	0	0	0
5627103	0	0	0
5627240	0	0	0
5627241	0	0	0
5627923	0	0	0
5627949	1	1	0
5628952	0	0	0
5628953	0	0	0
5628955	0	0	0
5628956	0	0	0
5629886	0	0	0
5630180	0	0	0
5631270	1	1	0
5631271	0	0	0
5632483	0	0	0
5632485	0	0	0
5632630	0	0	0
5633033	1	1	0
5633627	0	0	0
5633631	0	0	0
5634322	0	0	0
5634357	0	0	0
5635475	0	0	0
5635746	0	0	0
5635748	0	0	0
5635750	0	0	0
5635752	0	0	0
5635925	0	0	0
5636080	0	0	0
5636599	0	0	0
5636602	0	0	0
5636734	0	0	0
5637098	0	0	0
5637850	0	0	0
5639225	0	0	0
5640097	0	0	0
5640856	0	0	0
5640859	0	0	0
5641275	0	0	0
5641276	0	0	0
5642193	0	0	0
5642393	0	0	0
5642479	0	0	0
5642877	0	0	0
5642879	0	0	0
5642881	0	0	0
5642883	0	0	0
5642885	0	0	0
5643161	0	0	0
5643241	0	0	0
5643582	0	0	0
5643723	0	0	0
5643880	0	0	0
5644079	1	1	0
5644080	-1	0	1
5645414	0	1	1
5645768	0	0	0
5646190	0	0	0
5648539	0	0	0
5648624	0	0	0
5648703	0	0	0
5648729	0	0	0
5649483	0	0	0
5649484	0	1	1
5651112	0	0	0
5651529	0	0	0
5651946	0	0	0
5652061	-1	0	1
5652424	0	0	0
5652696	0	0	0
5653308	0	0	0
5653587	0	0	0
5653652	0	0	0
5653653	0	0	0
5653655	0	0	0
5653657	0	0	0
5653982	0	0	0
5653999	0	0	0
5654099	0	0	0
5654457	0	0	0
5654763	0	0	0
5654914	0	0	0
5655202	0	1	1
5655916	0	0	0
5655918	0	0	0
5656698	0	0	0
5656997	0	0	0
5657031	0	0	0
5657148	0	0	0
5657152	0	0	0
5657153	0	0	0
5657198	0	0	0
5657321	0	0	0
5658438	0	1	1
5661581	0	0	0
5661838	0	0	0
5661840	0	0	0
5662150	0	0	0
5662151	0	0	0
5662153	0	0	0
5662202	0	0	0
5662482	1	1	0
5662484	1	1	0
5662485	1	1	0
5663112	0	0	0
5664148	0	0	0
5665363	0	0	0
5666699	0	0	0
5667471	0	0	0
5667474	0	0	0
5668007	0	0	0
5668010	0	0	0
5670527	0	0	0
5671546	0	0	0
5671836	0	0	0
5671900	0	0	0
5671976	0	0	0
5671978	0	0	0
5672025	0	0	0
5672026	0	0	0
5672435	0	0	0
5674465	-1	0	1
5674743	0	0	0
5675467	0	0	0
5675983	0	0	0
5676096	0	0	0
5676597	0	0	0
5677045	0	0	0
5679440	0	0	0
5679985	0	0	0
5679997	0	0	0
5680352	0	0	0
5680382	1	1	0
5680664	0	0	0
5680665	0	0	0
5681561	0	0	0
5681648	0	0	0
5681649	0	0	0
5681826	0	0	0
5681889	0	0	0
5682976	0	0	0
5682982	0	0	0
5683204	0	0	0
5683659	0	0	0
5685704	0	0	0
5685706	0	0	0
5685708	0	0	0
5685710	0	0	0
5685711	0	0	0
5686542	0	0	0
5687036	0	0	0
5687745	0	0	0
5688415	0	0	0
5688749	0	0	0
5688751	0	0	0
5689189	0	0	0
5691416	0	0	0
5691595	0	0	0
5691676	-1	0	1
5692046	-1	0	1
5692402	1	1	0
5692586	0	0	0
5693049	0	0	0
5693990	0	0	0
5694174	0	0	0
5694209	1	1	0
5694210	1	1	0
5694228	0	0	0
5695320	0	0	0
5697440	0	0	0
5697444	0	0	0
5699286	0	0	0
5699609	0	0	0
5699821	0	0	0
5699822	0	0	0
5699823	0	0	0
5700011	0	0	0
5700655	0	0	0
5700783	-1	0	1
5700915	0	0	0
5702667	0	0	0
5703400	0	0	0
5703401	0	0	0
5704311	0	0	0
5705291	1	1	0
5705535	0	0	0
5706177	0	0	0
5706441	0	0	0
5707776	0	0	0
5710077	0	0	0
5710563	0	0	0
5710780	0	0	0
5711792	0	0	0
5712524	0	1	1
5712761	0	0	0
5713031	0	0	0
5713223	0	0	0
5714108	0	0	0
5714884	1	1	0
5714958	0	0	0
5715906	-1	0	1
5715907	-1	0	1
5715948	0	1	1
5716077	-1	0	1
5716476	0	0	0
5716595	0	0	0
5716596	0	0	0
5716613	0	0	0
5717360	0	0	0
5717962	0	0	0
5717963	0	0	0
5718417	0	0	0
5719174	1	1	0
5719221	0	0	0
5719841	0	0	0
5720059	0	0	0
5720194	0	0	0
5721460	0	0	0
5721833	0	0	0
5722088	0	0	0
5722093	0	0	0
5722094	0	0	0
5725241	0	0	0
5725282	0	0	0
5726000	0	0	0
5728183	0	0	0
5728400	0	0	0
5728414	0	0	0
5728833	0	0	0
5729150	1	1	0
5729592	-1	0	1
5730078	0	0	0
5732800	0	0	0
5733145	0	0	0
5734080	-1	0	1
5734154	0	0	0
5734155	0	0	0
5734157	0	0	0
5734471	-1	0	1
5735447	0	0	0
5735659	0	0	0
5735709	0	0	0
5735884	0	0	0
5736061	0	0	0
5736989	0	0	0
5738158	0	0	0
5738160	0	0	0
5738355	0	0	0
5738416	1	1	0
5738492	0	0	0
5739499	0	0	0
5739566	0	0	0
5739871	0	0	0
5740026	0	0	0
5740027	-1	0	1
5740028	0	0	0
5740341	0	0	0
5740868	0	1	1
5741073	0	0	0
5741136	0	0	0
5741822	0	0	0
5742286	0	0	0
5742309	0	0	0
5742558	0	0	0
5742627	0	0	0
5742629	0	0	0
5743551	-1	0	1
5745692	0	0	0
5745912	0	0	0
5746165	0	0	0
5746183	1	1	0
5746189	1	1	0
5746896	0	0	0
5746897	0	0	0
5747033	0	0	0
5747035	0	0	0
5747053	0	0	0
5747268	0	0	0
5748101	0	0	0
5748104	0	0	0
5750453	0	0	0
5751097	0	0	0
5751172	0	0	0
5751246	0	0	0
5751686	0	0	0
5752072	0	0	0
5752877	0	0	0
5752932	0	0	0
5754366	0	0	0
5754507	0	0	0
5755150	0	1	1
5756199	0	0	0
5756201	0	0	0
5756803	0	0	0
5758820	0	0	0
5759594	0	0	0
5760366	-1	0	1
5760379	0	0	0
5760849	0	0	0
5761470	0	0	0
5761472	0	0	0
5762274	0	0	0
5762361	0	0	0
5762763	0	0	0
5762764	-1	0	1
5762765	-1	0	1
5762896	0	0	0
5762897	0	0	0
5763016	0	0	0
5763965	0	0	0
5764291	0	0	0
5765624	0	0	0
5766327	0	0	0
5766930	0	0	0
5766934	0	0	0
5766938	0	0	0
5767368	-1	0	1
5767503	0	0	0
5767590	1	1	0
5769154	1	1	0
5769692	-1	0	1
5769942	0	0	0
5771049	0	0	0
5772154	0	0	0
5772535	0	0	0
5773047	1	1	0
5773184	0	0	0
5773189	0	0	0
5773362	0	0	0
5773486	0	0	0
5773574	0	0	0
5773576	0	0	0
5773577	0	0	0
5773713	0	0	0
5773714	0	0	0
5773715	0	0	0
5773717	0	0	0
5773718	0	0	0
5773719	0	0	0
5774061	1	1	0
5776482	0	0	0
5777417	0	0	0
5777431	1	1	0
5779015	0	0	0
5779115	0	0	0
5779117	0	0	0
5779636	0	0	0
5779751	0	0	0
5780077	0	0	0
5780417	0	0	0
5781491	0	0	0
5781492	0	0	0
5781499	0	0	0
5782201	-1	0	1
5782518	0	0	0
5782519	0	0	0
5782522	0	0	0
5783059	0	0	0
5784765	0	0	0
5784768	0	0	0
5784769	-1	0	1
5784800	0	0	0
5784801	0	0	0
5784820	0	0	0
5785177	0	1	1
5785185	1	1	0
5785368	0	0	0
5786097	0	0	0
5786914	0	0	0
5788255	0	0	0
5789091	0	0	0
5789372	0	0	0
5790712	0	0	0
5791363	0	0	0
5791500	0	0	0
5791683	0	0	0
5791845	0	0	0
5791846	0	0	0
5791901	0	0	0
5791921	0	0	0
5793144	0	0	0
5793580	0	0	0
5793759	0	0	0
5794158	0	0	0
5794192	0	0	0
5794193	0	0	0
5794195	0	0	0
5794572	0	0	0
5794573	0	0	0
5794794	-1	0	1
5795749	0	0	0
5795752	0	1	1
5796086	0	0	0
5797046	0	0	0
5797198	0	0	0
5797258	0	0	0
5798569	0	0	0
5798634	0	0	0
5798876	0	0	0
5801004	0	1	1
5801005	0	0	0
5801008	0	0	0
5801365	0	0	0
5801822	0	0	0
5803956	0	0	0
5803959	0	0	0
5805525	0	1	1
5806049	0	0	0
5806053	0	0	0
5806106	0	0	0
5806840	0	0	0
5807720	-1	0	1
5808431	-1	0	1
5808793	0	0	0
5809331	1	1	0
5809412	0	1	1
5809413	0	1	1
5809605	0	0	0
5811153	0	0	0
5811581	0	0	0
5812513	0	0	0
5812637	0	0	0
5812668	0	0	0
5812669	0	0	0
5813218	0	1	1
5813567	0	0	0
5813635	0	0	0
5813744	-1	0	1
5814226	0	0	0
5814227	-1	0	1
5815445	0	0	0
5816320	0	0	0
5816866	0	0	0
5817013	0	0	0
5817179	-1	0	1
5817182	0	0	0
5817295	0	1	1
5817446	0	0	0
5817489	0	0	0
5817662	0	0	0
5817798	-1	0	1
5817850	0	0	0
5818264	0	0	0
5818838	-1	0	1
5818840	-1	0	1
5818841	-1	0	1
5818844	-1	0	1
5819380	0	0	0
5819381	1	1	0
5819386	0	0	0
5819388	0	0	0
5819822	0	0	0
5820700	0	0	0
5821528	0	0	0
5822385	-1	0	1
5823977	-1	0	1
5824662	0	0	0
5825525	0	0	0
5825645	0	0	0
5825682	0	0	0
5825712	0	0	0
5825714	0	0	0
5826286	-1	0	1
5826739	0	0	0
5827004	0	0	0
5827044	0	0	0
5828580	0	0	0
5829002	0	0	0
5829137	0	0	0
5829333	0	0	0
5829335	0	0	0
5829921	0	0	0
5830333	0	0	0
5830939	-1	0	1
5831285	0	0	0
5831294	0	0	0
5831746	0	0	0
5831781	0	0	0
5832353	0	0	0
5832777	0	0	0
5832782	0	0	0
5833191	0	0	0
5834186	0	0	0
5834207	0	0	0
5834209	0	0	0
5834694	0	0	0
5835028	0	0	0
5835030	-1	0	1
5835617	0	0	0
5836029	0	0	0
5836221	0	0	0
5836442	0	0	0
5836764	0	0	0
5836920	0	0	0
5837284	0	0	0
5837289	1	1	0
5837665	-1	0	1
5838072	0	0	0
5838256	0	0	0
5838259	0	0	0
5838764	0	0	0
5838771	-1	0	1
5838772	0	0	0
5838773	0	0	0
5839414	1	1	0
5839740	0	0	0
5840517	0	0	0
5842658	0	0	0
5843047	0	0	0
5843269	0	0	0
5843332	0	0	0
5843841	0	0	0
5843912	0	0	0
5843915	0	0	0
5844123	0	0	0
5844129	1	1	0
5844625	0	0	0
5845654	0	0	0
5845656	1	1	0
5846443	0	0	0
5846497	0	0	0
5847340	0	0	0
5847344	0	0	0
5848240	0	0	0
5848243	0	0	0
5850233	0	0	0
5851090	0	0	0
5851675	0	0	0
5851678	0	0	0
5851699	0	0	0
5852508	1	1	0
5852673	0	0	0
5852793	1	1	0
5852794	0	0	0
5852796	1	1	0
5853040	0	0	0
5853041	0	0	0
5853046	0	0	0
5853352	0	0	0
5853353	0	0	0
5853730	0	0	0
5853824	0	0	0
5853828	-1	0	1
5853986	0	0	0
5854019	0	0	0
5854022	0	0	0
5854027	0	0	0
5854480	0	0	0
5854975	0	0	0
5854976	0	0	0
5854980	0	0	0
5854981	0	0	0
5856247	0	1	1
5856938	0	0	0
5857921	0	0	0
5857948	0	0	0
5857950	0	0	0
5857951	0	0	0
5858541	0	0	0
5858597	1	1	0
5858831	0	0	0
5859490	0	0	0
5859862	0	0	0
5860140	0	0	0
5860150	0	0	0
5860264	0	0	0
5860268	0	0	0
5860549	0	0	0
5860550	-1	0	1
5860552	0	0	0
5860553	0	0	0
5860554	-1	0	1
5860555	0	0	0
5861792	0	0	0
5862148	0	0	0
5862773	0	0	0
5863266	0	0	0
5863505	0	0	0
5863536	0	0	0
5864057	0	0	0
5864120	1	1	0
5864689	0	0	0
5864693	0	0	0
5865102	0	0	0
5865106	0	0	0
5865109	0	0	0
5865725	0	0	0
5865964	0	0	0
5866686	0	0	0
5867313	0	0	0
5867525	-1	0	1
5868405	0	0	0
5869253	0	0	0
5869404	0	0	0
5871408	0	0	0
5872491	0	1	1
5873287	0	0	0
5873745	0	1	1
5873775	0	0	0
5874007	0	0	0
5874654	0	0	0
5874655	0	0	0
5874658	0	0	0
5874870	0	0	0
5875055	0	0	0
5876327	0	0	0
5876390	0	0	0
5877012	0	0	0
5877432	0	0	0
5877434	0	0	0
5877435	0	0	0
5877512	1	1	0
5877594	-1	0	1
5877865	0	0	0
5878263	0	0	0
5878315	0	0	0
5878463	0	0	0
5878768	0	0	0
5878774	0	0	0
5879651	0	0	0
5879656	0	0	0
5879839	0	0	0
5879840	1	1	0
5883541	-1	0	1
5883734	0	0	0
5883738	0	0	0
5886220	0	0	0
5886291	0	0	0
5886688	0	0	0
5887234	0	0	0
5887431	0	0	0
5887636	0	0	0
5887838	0	0	0
5887839	0	0	0
5887843	0	0	0
5887844	0	0	0
5887845	0	0	0
5888509	0	0	0
5889866	0	0	0
5890163	0	0	0
5890164	0	0	0
5890166	0	0	0
5890167	0	0	0
5891234	0	0	0
5892501	0	0	0
5895998	0	0	0
5897395	0	0	0
5897808	0	0	0
5897811	0	0	0
5898845	0	0	0
5898846	0	0	0
5899028	0	0	0
5900033	0	0	0
5900066	0	0	0
5900273	0	0	0
5900475	-1	0	1
5900525	0	0	0
5901960	1	1	0
5902818	0	0	0
5902985	0	0	0
5903452	-1	0	1
5903455	0	1	1
5903499	-1	0	1
5904208	0	0	0
5904428	0	0	0
5905399	-1	0	1
5905685	0	0	0
5905689	0	0	0
5906130	0	0	0
5906358	0	0	0
5906700	0	0	0
5906891	0	0	0
5907324	0	0	0
5907810	0	0	0
5908014	0	0	0
5908280	0	0	0
5909310	0	0	0
5909733	0	0	0
5909734	0	0	0
5909740	0	0	0
5910056	0	0	0
5910329	0	0	0
5910628	0	0	0
5910960	0	0	0
5911583	0	0	0
5911790	0	0	0
5913111	0	0	0
5914040	0	0	0
5914706	0	0	0
5914803	0	0	0
5915538	0	0	0
5916404	0	0	0
5916654	0	0	0
5916657	-1	0	1
5917051	0	0	0
5917397	0	0	0
5917556	0	0	0
5917652	0	0	0
5917822	0	0	0
5917823	0	0	0
5918172	0	0	0
5918723	0	0	0
5918895	0	0	0
5919149	0	0	0
5919223	0	0	0
5919338	0	0	0
5919341	0	0	0
5920406	0	0	0
5920407	0	0	0
5920922	0	0	0
5922868	0	0	0
5923425	0	0	0
5925347	-1	0	1
5925348	0	0	0
5925349	0	0	0
5925350	-1	0	1
5925352	0	0	0
5925652	0	0	0
5925653	0	0	0
5926605	0	0	0
5926745	0	0	0
5926747	0	0	0
5927142	0	0	0
5928564	0	0	0
5929515	0	1	1
5929554	0	0	0
5929560	0	0	0
5929561	0	0	0
5929812	-1	0	1
5929983	0	0	0
5930010	0	0	0
5930011	0	0	0
5930015	0	0	0
5930018	0	0	0
5930232	-1	0	1
5930438	-1	0	1
5930484	0	0	0
5930647	0	0	0
5931079	0	0	0
5931264	0	0	0
5931265	0	0	0
5931266	0	0	0
5931270	0	0	0
5931271	0	0	0
5931889	0	0	0
5932208	0	0	0
5933169	-1	0	1
5935152	0	0	0
5935474	0	0	0
5935476	0	0	0
5935477	0	0	0
5935579	0	0	0
5935945	0	0	0
5936485	0	0	0
5936586	0	0	0
5937141	0	0	0
5937365	0	0	0
5937768	0	1	1
5939033	0	0	0
5939962	0	0	0
5940065	0	0	0
5940303	0	0	0
5940404	0	0	0
5940407	0	0	0
5940794	0	0	0
5940798	0	0	0
5940805	-1	0	1
5941362	-1	0	1
5941717	0	0	0
5942572	0	0	0
5942879	0	0	0
5943731	0	0	0
5944662	1	1	0
5944668	1	1	0
5946002	0	0	0
5946311	0	0	0
5947538	0	0	0
5947664	0	0	0
5947666	0	0	0
5948086	0	0	0
5948467	0	0	0
5948469	0	0	0
5948811	0	0	0
5948814	0	0	0
5949036	0	0	0
5949690	0	0	0
5949989	0	0	0
5949990	0	0	0
5950357	0	0	0
5950522	0	0	0
5951437	0	0	0
5951440	0	0	0
5951962	0	0	0
5952125	0	0	0
5952635	0	0	0
5953279	-1	0	1
5953285	-1	0	1
5954158	0	0	0
5954624	0	0	0
5954964	0	0	0
5954965	0	0	0
5954966	0	0	0
5955168	0	0	0
5955195	0	0	0
5955651	0	0	0
5957015	1	1	0
5957016	1	1	0
5957018	1	1	0
5957188	0	0	0
5957576	0	0	0
5957579	0	0	0
5958321	0	0	0
5958368	0	0	0
5959593	0	0	0
5959862	0	0	0
5960567	1	1	0
5961235	0	0	0
5961236	0	0	0
5961269	0	0	0
5961270	0	0	0
5961272	0	1	1
5961869	1	1	0
5962401	0	0	0
5962419	0	0	0
5962423	0	0	0
5962424	0	0	0
5962426	0	0	0
5962428	0	0	0
5962953	0	0	0
5964031	0	1	1
5966324	0	0	0
5966326	0	0	0
5966548	-1	0	1
5966822	0	0	0
5966850	0	0	0
5967538	0	0	0
5968534	0	0	0
5968856	0	0	0
5968857	0	0	0
5969404	0	0	0
5969988	0	0	0
5969989	0	0	0
5969990	0	0	0
5969997	0	0	0
5970097	0	0	0
5970101	0	0	0
5970102	0	0	0
5970772	1	1	0
5970848	0	1	1
5970912	0	0	0
5970913	0	0	0
5970962	0	0	0
5971003	-1	0	1
5971697	0	0	0
5972807	0	1	1
5974974	0	0	0
5975092	0	0	0
5976121	0	1	1
5977121	1	1	0
5980166	0	0	0
5982749	0	0	0
5982750	0	0	0
5982753	0	0	0
5983433	0	0	0
5983697	0	0	0
5985698	0	0	0
5986475	0	0	0
5986781	1	1	0
5986823	0	0	0
5986890	0	0	0
5989311	0	0	0
5989867	0	0	0
5992013	0	0	0
5992303	0	0	0
5992770	0	0	0
5993088	0	0	0
5993641	0	0	0
5993647	0	0	0
5993649	0	0	0
5993697	0	0	0
5994377	0	0	0
5994974	0	0	0
5997475	0	0	0
5997546	0	0	0
5998545	0	0	0
5999296	1	1	0
5999338	-1	0	1
5999476	0	0	0
5999477	0	0	0
5999478	0	0	0
5999637	0	0	0
5999639	0	0	0
5999795	0	0	0
5999799	0	0	0
5999945	0	0	0
5999948	0	0	0
6000283	0	0	0
6000348	1	1	0
6001312	-1	0	1
6001319	0	1	1
6001320	0	0	0
6001441	0	0	0
6002523	-1	0	1
6002660	0	0	0
6002661	0	0	0
6002836	0	0	0
6003274	0	0	0
6004361	0	0	0
6004363	0	0	0
6005905	0	0	0
6006091	-1	0	1
6006382	0	0	0
6006787	0	0	0
6006793	0	0	0
6007489	0	0	0
6007634	0	0	0
6007975	1	1	0
6008152	0	0	0
6008535	0	0	0
6009798	0	0	0
6010273	0	1	1
6010872	0	0	0
6010966	0	0	0
6010968	0	0	0
6012758	0	0	0
6014514	-1	0	1
6015420	1	1	0
6015612	0	0	0
6016303	0	0	0
6016331	0	0	0
6017975	0	0	0
6018160	0	0	0
6018163	0	0	0
6018166	0	0	0
6018167	0	0	0
6018168	0	0	0
6018169	0	0	0
6018256	-1	0	1
6018760	0	0	0
6018762	0	0	0
6018764	0	0	0
6019594	0	0	0
6019595	0	0	0
6019949	0	0	0
6021517	0	0	0
6022762	0	0	0
6022858	0	0	0
6024880	0	0	0
6024882	0	0	0
6025611	0	0	0
6026727	0	0	0
6027936	0	0	0
6028133	0	0	0
6029788	0	0	0
6030305	0	0	0
6031852	0	0	0
6031854	0	0	0
6032239	0	0	0
6032737	0	0	0
6032738	0	0	0
6032854	0	0	0
6033077	0	0	0
6033084	0	0	0
6033361	0	0	0
6033362	0	0	0
6034304	-1	0	1
6034491	0	0	0
6034492	0	0	0
6035035	0	0	0
6035112	0	0	0
6035500	0	0	0
6035832	0	0	0
6036709	1	1	0
6036763	0	0	0
6037654	0	0	0
6037860	0	1	1
6037861	-1	0	1
6037864	1	1	0
6037967	1	1	0
6037973	0	0	0
6038397	0	0	0
6038398	0	0	0
6038403	0	0	0
6038740	0	0	0
6039557	0	0	0
6040400	0	0	0
6040401	0	0	0
6040402	0	0	0
6040406	0	0	0
6040408	0	0	0
6040866	0	0	0
6040868	0	0	0
6041847	0	0	0
6041848	0	0	0
6042747	0	0	0
6043515	1	1	0
6044525	0	0	0
6045108	-1	0	1
6045111	0	0	0
6045325	0	0	0
6045448	-1	0	1
6045939	0	0	0
6046664	0	0	0
6047852	-1	0	1
6049082	0	0	0
6049257	0	0	0
6049811	0	0	0
6049814	0	0	0
6050757	0	0	0
6050760	0	0	0
6051334	-1	0	1
6051605	0	0	0
6052249	0	0	0
6056057	0	0	0
6056433	0	0	0
6056677	0	0	0
6058332	0	1	1
6058484	0	0	0
6058576	0	0	0
6058892	0	0	0
6058893	0	0	0
6059485	0	0	0
6060444	0	0	0
6060490	0	0	0
6060809	0	0	0
6061082	0	0	0
6061185	-1	0	1
6061186	0	0	0
6061187	0	0	0
6061464	0	0	0
6061546	0	0	0
6061718	0	0	0
6061721	0	0	0
6061722	0	0	0
6061726	0	0	0
6061892	1	1	0
6062543	1	1	0
6063385	0	0	0
6063857	-1	0	1
6063860	-1	0	1
6064185	0	0	0
6064881	0	0	0
6065667	0	0	0
6066491	0	1	1
6066623	0	0	0
6067272	0	0	0
6067273	0	0	0
6067274	0	0	0
6067745	0	0	0
6068173	0	0	0
6068344	0	0	0
6069521	0	0	0
6071022	0	0	0
6071189	0	0	0
6071481	0	0	0
6072208	0	0	0
6073121	0	0	0
6073287	0	0	0
6073294	0	0	0
6073682	0	0	0
6074462	0	0	0
6074832	0	0	0
6075017	0	0	0
6075099	0	0	0
6075138	0	0	0
6075401	1	1	0
6075408	0	0	0
6077184	0	0	0
6077366	0	0	0
6077368	0	0	0
6077370	0	0	0
6077385	-1	0	1
6077388	0	0	0
6077389	1	1	0
6077725	0	0	0
6078531	0	0	0
6078546	0	0	0
6078764	0	0	0
6078765	0	0	0
6078768	0	0	0
6078964	0	0	0
6080235	0	0	0
6080236	0	0	0
6080460	0	0	0
6080569	0	0	0
6080804	0	0	0
6080807	0	0	0
6081600	0	0	0
6081605	0	1	1
6082340	0	0	0
6082576	0	0	0
6082578	0	0	0
6082832	1	1	0
6082833	0	1	1
6082836	1	1	0
6082838	1	1	0
6084937	0	0	0
6085214	0	0	0
6085215	-1	0	1
6085216	0	0	0
6085219	0	0	0
6085271	0	0	0
6086297	0	0	0
6086850	0	0	0
6087979	0	0	0
6088196	0	0	0
6088200	0	0	0
6088354	0	0	0
6088393	0	0	0
6089074	1	1	0
6089075	0	1	1
6089077	0	0	0
6089078	0	1	1
6089079	0	1	1
6089080	-1	0	1
6089081	-1	0	1
6089082	-1	0	1
6089359	0	0	0
6089505	0	0	0
6090376	0	0	0
6090846	0	0	0
6091281	0	0	0
6091288	0	0	0
6091303	0	0	0
6091366	-1	0	1
6093269	0	0	0
6093803	0	0	0
6093945	0	0	0
6094628	0	0	0
6095154	-1	0	1
6095813	0	0	0
6095815	0	0	0
6096631	0	0	0
6097212	0	0	0
6097303	0	0	0
6097763	0	0	0
6097764	0	0	0
6100094	0	0	0
6100095	-1	0	1
6100096	0	0	0
6100512	0	0	0
6100516	0	0	0
6101628	0	0	0
6102033	0	0	0
6103262	0	0	0
6103326	0	0	0
6103562	0	0	0
6103563	0	0	0
6103565	0	0	0
6103566	0	0	0
6103722	-1	0	1
6104689	-1	0	1
6104824	0	0	0
6104872	-1	0	1
6105124	0	0	0
6106343	-1	0	1
6106825	0	0	0
6106830	0	0	0
6108521	0	0	0
6108721	0	0	0
6109096	0	0	0
6109209	0	0	0
6109642	1	1	0
6110056	0	0	0
6110362	0	0	0
6110410	0	1	1
6111151	0	0	0
6112550	-1	0	1
6112979	0	0	0
6113313	0	0	0
6114375	0	0	0
6114744	0	0	0
6116062	1	1	0
6116321	0	0	0
6116322	0	0	0
6116323	0	0	0
6116325	0	0	0
6116327	0	0	0
6116328	0	0	0
6116329	0	0	0
6116787	0	1	1
6117595	0	0	0
6118086	0	0	0
6118225	1	1	0
6118226	1	1	0
6118230	0	0	0
6118231	0	0	0
6118775	0	0	0
6119623	0	0	0
6120056	0	0	0
6120057	0	0	0
6122347	-1	0	1
6122720	0	0	0
6122721	0	0	0
6122722	0	0	0
6122723	0	0	0
6122724	0	0	0
6123362	-1	0	1
6123959	-1	0	1
6124074	0	1	1
6124514	1	1	0
6124517	-1	0	1
6125464	0	0	0
6126194	0	0	0
6126197	0	0	0
6127892	1	1	0
6128182	0	1	1
6128221	1	1	0
6128411	0	0	0
6128415	-1	0	1
6129383	0	0	0
6129635	0	0	0
6131322	1	1	0
6132716	-1	0	1
6132965	0	0	0
6133792	-1	0	1
6134378	0	0	0
6134705	0	0	0
6134709	0	0	0
6134848	0	0	0
6134852	0	0	0
6135907	0	0	0
6136607	1	1	0
6138525	0	0	0
6138528	0	0	0
6138586	0	0	0
6139429	0	0	0
6139585	0	0	0
6139623	0	0	0
6139755	-1	0	1
6139759	0	0	0
6139814	0	0	0
6140121	0	0	0
6140128	0	0	0
6140130	0	0	0
6141558	0	0	0
6141702	0	0	0
6141752	1	1	0
6142041	0	0	0
6142042	0	0	0
6142610	0	0	0
6142931	-1	0	1
6142947	0	0	0
6143170	0	0	0
6143173	0	0	0
6143590	0	0	0
6143591	0	0	0
6143593	0	0	0
6143594	0	0	0
6145386	0	0	0
6145761	0	0	0
6146809	0	0	0
6146825	0	0	0
6147198	-1	0	1
6147520	1	1	0
6147732	0	0	0
6147755	0	0	0
6148539	0	0	0
6149034	1	1	0
6149408	-1	0	1
6149416	0	0	0
6151103	0	0	0
6152539	0	0	0
6153333	0	0	0
6153537	0	0	0
6153582	0	0	0
6156129	0	0	0
6156983	0	0	0
6157426	0	0	0
6157464	0	0	0
6157851	0	0	0
6158001	0	0	0
6158156	0	0	0
6158585	0	0	0
6159635	0	0	0
6159638	0	0	0
6159694	0	0	0
6159956	1	1	0
6160082	0	0	0
6161894	0	0	0
6162452	0	0	0
6162575	0	1	1
6163338	0	0	0
6164791	0	0	0
6165635	0	0	0
6165637	0	0	0
6166230	0	0	0
6166696	0	0	0
6167396	0	0	0
6167458	0	0	0
6167797	0	0	0
6168521	0	0	0
6169135	0	0	0
6169573	0	0	0
6169841	0	0	0
6170545	0	0	0
6170952	0	0	0
6172269	0	0	0
6172785	-1	0	1
6172985	-1	0	1
6173164	0	0	0
6173712	0	0	0
6173959	0	0	0
6175427	0	0	0
6177131	0	0	0
6177200	0	0	0
6177203	0	0	0
6177280	0	0	0
6177281	1	1	0
6177282	1	1	0
6177283	1	1	0
6177285	0	0	0
6177286	0	0	0
6177287	1	1	0
6177790	0	0	0
6177881	-1	0	1
6177882	-1	0	1
6177939	0	0	0
6177969	0	0	0
6178259	0	0	0
6178291	1	1	0
6178324	0	0	0
6178515	0	0	0
6178695	0	0	0
6178697	0	0	0
6178701	0	0	0
6178822	0	0	0
6178824	0	0	0
6178827	0	0	0
6180206	0	0	0
6180868	-1	0	1
6181730	0	0	0
6181793	0	0	0
6181794	0	0	0
6181921	0	0	0
6182240	0	0	0
6183030	0	0	0
6183033	0	1	1
6183034	0	1	1
6183114	0	0	0
6183231	0	0	0
6183233	0	0	0
6183342	0	0	0
6183346	0	0	0
6183578	0	0	0
6183582	0	0	0
6183584	0	0	0
6183585	0	0	0
6183638	-1	0	1
6183855	-1	0	1
6183856	-1	0	1
6183932	0	0	0
6184266	1	1	0
6184267	1	1	0
6184270	1	1	0
6184432	0	1	1
6185158	0	0	0
6185162	0	0	0
6185417	0	0	0
6185968	0	0	0
6186237	0	0	0
6186391	0	0	0
6186444	0	0	0
6187055	0	0	0
6187670	0	0	0
6188020	0	0	0
6189010	-1	0	1
6189014	0	0	0
6189267	0	0	0
6189780	0	0	0
6189781	0	0	0
6189782	0	0	0
6190164	0	0	0
6190399	0	0	0
6190422	0	0	0
6190563	0	0	0
6190654	0	0	0
6191456	0	0	0
6191563	0	0	0
6191565	0	0	0
6191935	0	0	0
6192019	0	0	0
6193407	0	0	0
6193523	0	0	0
6194132	0	0	0
6194605	0	0	0
6194606	1	1	0
6194608	0	0	0
6194643	0	0	0
6194648	0	0	0
6195329	0	0	0
6195382	0	0	0
6195961	0	0	0
6196022	0	0	0
6196233	0	0	0
6196238	0	0	0
6198486	0	0	0
6199292	0	0	0
6199377	0	0	0
6199946	0	0	0
6200735	0	0	0
6200737	0	0	0
6200759	0	0	0
6201541	0	0	0
6201542	0	0	0
6202093	0	0	0
6202094	0	0	0
6202319	0	0	0
6202321	0	0	0
6202527	0	0	0
6203235	0	0	0
6203979	0	0	0
6205158	0	0	0
6205288	0	0	0
6206043	0	0	0
6206246	0	0	0
6206382	0	0	0
6206562	0	0	0
6206597	0	0	0
6206600	1	1	0
6206846	-1	0	1
6207021	0	0	0
6207420	1	1	0
6208423	-1	0	1
6208619	0	0	0
6208631	0	0	0
6209165	0	0	0
6209207	0	0	0
6209427	0	0	0
6209587	0	0	0
6209978	-1	0	1
6209981	0	0	0
6209982	0	1	1
6210051	0	0	0
6210760	0	0	0
6210986	0	0	0
6211875	0	0	0
6212570	0	0	0
6212964	0	0	0
6213322	0	0	0
6213325	0	0	0
6214187	-1	0	1
6214216	0	0	0
6214411	0	0	0
6216347	0	0	0
6216390	0	0	0
6216580	0	1	1
6216581	1	1	0
6216584	0	0	0
6216586	0	1	1
6216587	1	1	0
6217258	-1	0	1
6217263	0	0	0
6217774	0	0	0
6218119	0	0	0
6218280	0	0	0
6218288	0	0	0
6218731	0	0	0
6218783	0	0	0
6219382	0	0	0
6219383	0	0	0
6219385	0	0	0
6219520	-1	0	1
6219636	-1	0	1
6219664	0	0	0
6219968	-1	0	1
6220172	0	0	0
6220173	0	0	0
6220408	0	0	0
6221398	0	0	0
6221573	0	0	0
6221723	0	0	0
6221740	0	0	0
6221741	0	0	0
6221742	0	0	0
6221744	0	0	0
6221964	0	0	0
6222233	0	0	0
6222307	0	0	0
6225558	0	0	0
6225977	0	0	0
6226346	0	0	0
6226859	0	1	1
6226860	1	1	0
6226861	0	1	1
6226863	1	1	0
6226864	-1	0	1
6226866	0	1	1
6226867	1	1	0
6226868	1	1	0
6228059	0	0	0
6228062	0	0	0
6228195	0	0	0
6228262	0	0	0
6228617	0	0	0
6229348	0	0	0
6229770	0	0	0
6229777	-1	0	1
6229845	0	1	1
6230892	0	0	0
6231191	0	0	0
6231269	-1	0	1
6231270	0	1	1
6231272	-1	0	1
6231275	0	0	0
6231341	0	0	0
6231580	0	0	0
6231920	0	0	0
6232014	0	0	0
6232114	0	0	0
6232184	0	0	0
6232186	0	0	0
6232193	0	1	1
6232349	0	0	0
6232356	0	0	0
6232357	0	0	0
6232883	0	0	0
6233126	0	0	0
6233178	0	0	0
6233255	0	0	0
6233256	0	0	0
6233977	0	0	0
6234064	0	0	0
6234071	0	0	0
6234234	1	1	0
6234432	0	0	0
6235107	0	0	0
6235108	0	0	0
6235109	0	0	0
6235464	0	0	0
6236427	0	0	0
6236837	0	0	0
6237413	0	0	0
6237577	0	0	0
6238871	0	0	0
6238872	0	0	0
6238935	0	0	0
6239611	-1	0	1
6239612	0	1	1
6239613	-1	0	1
6239617	-1	0	1
6239758	0	0	0
6239759	0	0	0
6239760	0	0	0
6239761	0	0	0
6239762	0	0	0
6239764	0	0	0
6239765	0	0	0
6240339	0	0	0
6241147	0	0	0
6241150	0	0	0
6241151	0	0	0
6241152	0	0	0
6241153	0	0	0
6241253	0	0	0
6242738	0	0	0
6242741	0	0	0
6243074	-1	0	1
6244041	0	0	0
6244411	0	0	0
6244530	0	0	0
6245314	0	0	0
6245566	0	0	0
6245866	0	0	0
6246440	0	0	0
6246442	0	0	0
6246443	0	0	0
6246444	0	0	0
6246445	0	0	0
6246659	0	0	0
6246801	0	0	0
6246803	0	0	0
6246805	0	0	0
6246928	0	0	0
6247321	0	0	0
6247405	0	0	0
6247830	0	0	0
6247833	0	0	0
6248524	0	0	0
6249512	0	0	0
6250347	1	1	0
6251729	0	0	0
6252273	0	0	0
6253471	0	0	0
6253472	0	0	0
6254721	-1	0	1
6255146	0	0	0
6255718	0	0	0
6255796	0	0	0
6255803	0	0	0
6257213	1	1	0
6257317	0	0	0
6258086	0	0	0
6258087	0	0	0
6258137	0	0	0
6258139	0	0	0
6258142	0	0	0
6258239	0	0	0
6258241	0	0	0
6258242	0	0	0
6258243	-1	0	1
6258244	0	0	0
6258245	0	0	0
6258246	0	0	0
6258247	-1	0	1
6258496	0	0	0
6259380	0	0	0
6259530	0	0	0
6261999	0	0	0
6262195	0	1	1
6262331	0	0	0
6262782	0	0	0
6262789	0	0	0
6263169	0	0	0
6263171	0	0	0
6264131	0	0	0
6264174	0	0	0
6264731	0	0	0
6264733	0	0	0
6264850	0	0	0
6265699	0	0	0
6266345	-1	0	1
6266506	0	0	0
6267282	0	0	0
6267404	0	0	0
6267712	0	0	0
6267721	0	0	0
6268039	0	0	0
6268043	0	0	0
6269750	0	1	1
6269753	0	0	0
6269755	0	0	0
6270345	0	0	0
6270404	1	1	0
6270738	0	0	0
6271037	0	0	0
6272406	0	0	0
6272409	0	0	0
6272703	0	0	0
6272750	0	0	0
6272808	0	0	0
6273422	0	0	0
6274878	0	0	0
6274880	0	0	0
6275221	0	0	0
6275222	0	0	0
6275223	0	0	0
6275224	0	0	0
6275226	0	0	0
6275229	-1	0	1
6275758	0	0	0
6275759	0	1	1
6277949	0	0	0
6277950	0	0	0
6277954	0	0	0
6278326	0	0	0
6278672	1	1	0
6279094	0	0	0
6280407	0	0	0
6280884	0	0	0
6281597	0	0	0
6281796	0	0	0
6281895	0	0	0
6282560	0	0	0
6282561	0	0	0
6282562	0	0	0
6282567	0	0	0
6282955	0	0	0
6283523	-1	0	1
6283616	0	0	0
6283617	-1	0	1
6283620	0	0	0
6283623	-1	0	1
6283879	0	0	0
6283945	-1	0	1
6284467	0	0	0
6284470	0	0	0
6284942	0	0	0
6286031	1	1	0
6286974	0	0	0
6286977	0	0	0
6286981	0	0	0
6286982	0	0	0
6286996	0	0	0
6287219	0	0	0
6287224	0	0	0
6287959	0	0	0
6287966	0	0	0
6288009	0	0	0
6288330	0	0	0
6288893	0	0	0
6289445	0	0	0
6289684	0	0	0
6289879	1	1	0
6290570	-1	0	1
6290590	0	0	0
6291061	0	0	0
6291204	0	0	0
6291207	0	0	0
6291208	0	0	0
6291209	0	0	0
6291210	0	0	0
6291405	0	0	0
6291708	0	0	0
6292110	0	0	0
6294726	0	0	0
6294944	0	1	1
6294945	0	1	1
6294947	1	1	0
6296157	0	0	0
6296911	0	1	1
6296912	0	1	1
6296913	0	0	0
6296916	0	0	0
6296918	0	1	1
6297355	1	1	0
6297816	0	0	0
6298720	0	0	0
6298794	0	0	0
6298920	0	0	0
6299535	0	0	0
6299674	0	0	0
6299675	0	0	0
6299676	0	1	1
6299678	0	0	0
6299679	0	0	0
6300612	0	0	0
6300613	0	0	0
6301676	0	0	0
6301677	0	0	0
6301678	0	0	0
6301679	0	0	0
6301681	0	0	0
6301683	0	0	0
6301755	0	0	0
6303447	0	0	0
6303931	0	0	0
6304154	-1	0	1
6304156	0	0	0
6304157	0	1	1
6306218	0	0	0
6306315	0	0	0
6306351	0	0	0
6306587	0	0	0
6308834	0	0	0
6308836	0	0	0
6308837	0	0	0
6309274	0	0	0
6309275	0	0	0
6309276	0	0	0
6309607	0	0	0
6309608	0	0	0
6309724	0	0	0
6310583	0	0	0
6310604	0	0	0
6310657	0	0	0
6310867	-1	0	1
6311377	0	0	0
6312073	0	0	0
6312074	0	0	0
6313401	1	1	0
6314448	0	0	0
6314682	0	0	0
6314684	0	0	0
6314685	0	0	0
6314689	0	0	0
6315475	0	0	0
6315804	0	0	0
6316251	0	0	0
6316259	0	0	0
6316753	0	0	0
6317683	1	1	0
6317684	-1	0	1
6317799	0	0	0
6317802	0	0	0
6317804	0	0	0
6317885	0	0	0
6319746	0	0	0
6319752	0	0	0
6319840	0	0	0
6319990	0	0	0
6320862	0	0	0
6320868	0	0	0
6320928	0	0	0
6320973	0	0	0
6321003	0	0	0
6322736	0	0	0
6322774	0	0	0
6323078	-1	0	1
6323187	1	1	0
6323836	0	0	0
6323840	-1	0	1
6323841	0	0	0
6324222	0	0	0
6324938	0	0	0
6325404	0	0	0
6326080	0	0	0
6326613	0	0	0
6327849	0	0	0
6327852	0	0	0
6328550	0	0	0
6329051	-1	0	1
6329932	0	0	0
6330032	0	0	0
6330033	0	0	0
6330198	0	0	0
6330869	0	0	0
6330971	0	0	0
6331099	0	0	0
6331994	0	1	1
6332119	0	0	0
6332657	0	0	0
6333418	0	0	0
6333419	0	0	0
6333852	0	0	0
6334734	0	0	0
6335062	0	0	0
6335482	0	1	1
6336161	0	0	0
6336769	0	0	0
6337418	0	0	0
6337855	0	0	0
6337860	0	0	0
6337963	0	0	0
6337968	0	0	0
6338483	0	0	0
6339631	0	0	0
6339638	1	1	0
6339641	1	1	0
6341362	0	0	0
6341438	0	0	0
6341806	0	0	0
6342346	0	0	0
6342618	0	0	0
6342845	0	0	0
6343066	0	0	0
6343349	0	0	0
6343520	0	0	0
6343521	0	0	0
6344152	0	0	0
6344348	0	0	0
6344353	0	0	0
6344397	0	0	0
6344399	0	0	0
6344791	0	0	0
6345071	0	0	0
6345074	0	0	0
6345078	0	0	0
6345786	0	0	0
6346006	0	0	0
6346010	0	0	0
6346067	0	0	0
6346511	0	0	0
6346658	1	1	0
6346904	-1	0	1
6346956	0	0	0
6347088	0	0	0
6347089	0	0	0
6347337	0	0	0
6347446	0	0	0
6348027	0	0	0
6348173	0	0	0
6348309	0	0	0
6348930	0	0	0
6348932	0	1	1
6348933	0	1	1
6349038	0	0	0
6349042	1	1	0
6349043	0	1	1
6349699	0	0	0
6350434	0	0	0
6350441	0	0	0
6350990	0	0	0
6351571	0	0	0
6351802	0	0	0
6352169	0	0	0
6352713	0	0	0
6352719	0	0	0
6353016	0	0	0
6353764	0	0	0
6354503	0	0	0
6354571	0	0	0
6354932	0	0	0
6355231	0	0	0
6355993	-1	0	1
6356313	0	1	1
6356314	1	1	0
6356564	0	0	0
6356566	0	0	0
6357396	0	1	1
6357657	0	0	0
6358086	0	0	0
6358087	0	0	0
6358088	0	0	0
6358258	-1	0	1
6358342	0	0	0
6358344	0	0	0
6358348	0	0	0
6358349	0	0	0
6358350	0	0	0
6358716	0	0	0
6358883	0	0	0
6360902	0	0	0
6361276	0	0	0
6361504	0	0	0
6362488	0	0	0
6363440	0	1	1
6363462	0	0	0
6364052	0	0	0
6364617	0	0	0
6366740	1	1	0
6367623	0	0	0
6369219	0	0	0
6369705	0	0	0
6369707	0	0	0
6370647	0	0	0
6371088	0	0	0
6371843	0	0	0
6372393	0	0	0
6372394	0	0	0
6372431	0	0	0
6372675	0	0	0
6372676	0	0	0
6372677	0	0	0
6372678	0	0	0
6372680	0	0	0
6372683	0	0	0
6372927	0	0	0
6374543	0	0	0
6374591	0	0	0
6374951	0	0	0
6374952	0	0	0
6374958	0	1	1
6375256	1	1	0
6375630	0	0	0
6375817	0	0	0
6377006	0	0	0
6377118	-1	0	1
6377122	0	0	0
6377185	0	0	0
6377186	0	0	0
6377392	0	0	0
6377728	0	0	0
6377909	0	0	0
6378806	-1	0	1
6379008	0	0	0
6380032	0	0	0
6380496	-1	0	1
6380621	0	0	0
6382541	0	0	0
6382689	0	0	0
6383280	0	0	0
6385282	0	0	0
6385287	0	0	0
6385849	0	0	0
6386097	0	0	0
6386746	0	0	0
6386977	0	0	0
6387929	0	0	0
6388641	0	0	0
6391048	0	0	0
6391117	0	1	1
6391537	0	0	0
6391586	0	0	0
6392317	0	1	1
6392320	0	1	1
6392321	0	1	1
6392463	0	0	0
6392469	0	0	0
6392932	0	0	0
6392935	0	0	0
6392956	0	0	0
6392959	0	0	0
6393034	0	0	0
6393204	0	0	0
6394713	0	0	0
6395115	1	1	0
6396686	1	1	0
6397030	0	0	0
6397032	1	1	0
6397043	0	0	0
6397841	0	0	0
6397925	0	0	0
6398533	0	0	0
6400041	0	0	0
6400044	0	0	0
6400112	0	0	0
6400383	0	0	0
6400510	0	0	0
6401114	0	0	0
6401357	0	0	0
6402811	0	0	0
6402924	0	0	0
6402928	0	0	0
6403805	1	1	0
6404323	1	1	0
6404986	-1	0	1
6405009	0	0	0
6405703	0	0	0
6405870	-1	0	1
6407225	0	0	0
6407226	-1	0	1
6407232	0	0	0
6408167	0	0	0
6408983	0	0	0
6408988	0	0	0
6409168	0	0	0
6409369	0	0	0
6409377	1	1	0
6410004	0	0	0
6410308	-1	0	1
6410838	0	0	0
6411592	0	0	0
6412617	0	0	0
6412650	0	0	0
6412885	0	0	0
6416277	0	0	0
6416279	0	0	0
6416281	0	0	0
6416282	0	0	0
6416285	0	0	0
6416415	0	0	0
6416445	-1	0	1
6416487	0	0	0
6416585	0	0	0
6416776	0	0	0
6416778	0	0	0
6418821	0	0	0
6418954	0	1	1
6419074	0	0	0
6419146	0	0	0
6419482	0	0	0
6419483	0	0	0
6420685	0	0	0
6421133	0	0	0
6422898	0	0	0
6423254	-1	0	1
6423258	0	1	1
6423588	0	0	0
6423589	0	0	0
6423591	0	0	0
6424855	-1	0	1
6424858	-1	0	1
6425028	0	0	0
6425442	0	0	0
6425446	0	0	0
6425785	0	0	0
6425901	0	0	0
6426067	0	0	0
6426098	0	0	0
6426632	0	0	0
6426634	0	0	0
6426638	0	0	0
6427880	0	0	0
6427887	0	0	0
6428151	0	0	0
6428283	0	0	0
6428477	-1	0	1
6428478	-1	0	1
6429009	-1	0	1
6429174	0	0	0
6429532	0	0	0
6430361	0	0	0
6430742	0	0	0
6431736	0	0	0
6431740	0	0	0
6432531	0	0	0
6434049	1	1	0
6434143	0	0	0
6434352	0	0	0
6434500	-1	0	1
6434502	-1	0	1
6436183	0	0	0
6436639	0	0	0
6436838	0	0	0
6438297	0	0	0
6439722	0	0	0
6440028	0	0	0
6440030	0	0	0
6440168	0	0	0
6440169	0	0	0
6440171	0	0	0
6440174	0	0	0
6440175	0	0	0
6440176	0	0	0
6440177	0	0	0
6440217	-1	0	1
6440348	0	0	0
6440631	0	0	0
6441659	0	1	1
6441661	0	0	0
6442232	1	1	0
6443433	0	0	0
6443888	0	1	1
6443890	0	0	0
6443891	0	1	1
6443893	0	1	1
6444068	0	0	0
6445053	0	0	0
6445057	0	0	0
6445213	0	0	0
6446260	0	0	0
6446262	0	0	0
6446558	-1	0	1
6446843	0	0	0
6447549	0	0	0
6447918	0	0	0
6448860	-1	0	1
6449323	0	0	0
6449980	0	0	0
6450054	1	1	0
6450058	1	1	0
6451079	0	0	0
6451224	0	0	0
6451235	0	0	0
6451688	0	0	0
6451690	0	0	0
6452071	0	0	0
6452156	0	0	0
6452159	0	0	0
6452949	0	0	0
6453651	0	0	0
6454861	0	0	0
6455057	0	0	0
6455330	0	0	0
6458356	0	0	0
6458358	0	0	0
6458359	0	0	0
6458361	0	0	0
6458363	0	0	0
6458521	0	0	0
6458528	0	0	0
6460963	0	0	0
6461470	0	0	0
6461632	0	0	0
6461933	1	1	0
6462056	0	0	0
6462058	0	0	0
6462245	0	0	0
6462247	0	0	0
6462615	0	0	0
6462671	0	0	0
6462880	0	0	0
6462957	0	0	0
6463027	0	0	0
6463812	0	0	0
6463815	0	0	0
6463869	0	0	0
6463907	-1	0	1
6464307	-1	0	1
6465838	0	0	0
6467580	0	0	0
6468352	-1	0	1
6468355	-1	0	1
6468493	0	0	0
6468499	0	0	0
6468991	0	0	0
6470935	-1	0	1
6472332	0	0	0
6472675	0	0	0
6472931	0	0	0
6473003	0	0	0
6474644	0	0	0
6474976	0	0	0
6475155	-1	0	1
6475744	0	0	0
6476211	0	0	0
6476363	0	0	0
6477553	0	0	0
6478271	0	0	0
6478665	0	0	0
6479654	-1	0	1
6480832	0	0	0
6481585	0	0	0
6481800	0	0	0
6482071	0	0	0
6482237	0	0	0
6483221	0	0	0
6483275	0	0	0
6483506	0	0	0
6483657	0	0	0
6484123	0	0	0
6484126	0	0	0
6484575	0	0	0
6484576	0	0	0
6484577	0	0	0
6484578	0	0	0
6485419	0	0	0
6486232	0	0	0
6486331	0	0	0
6486608	0	0	0
6487253	0	0	0
6487695	1	1	0
6489110	0	0	0
6489117	0	0	0
6490993	0	0	0
6491523	0	0	0
6491525	0	0	0
6491657	0	0	0
6491820	0	0	0
6492002	0	0	0
6492170	0	0	0
6492229	0	0	0
6492230	0	0	0
6492367	0	0	0
6492937	0	0	0
6492973	0	0	0
6494726	0	0	0
6495220	0	0	0
6495227	0	0	0
6496421	0	0	0
6496777	0	0	0
6497225	0	0	0
6497313	0	0	0
6498500	0	0	0
6498501	0	0	0
6498977	0	0	0
6499829	0	0	0
6500009	0	0	0
6500186	0	0	0
6500753	0	0	0
6500928	0	0	0
6500929	0	0	0
6500933	0	0	0
6500935	0	0	0
6500936	0	0	0
6501571	0	0	0
6501706	0	0	0
6503076	0	0	0
6503077	0	0	0
6503170	0	0	0
6503172	0	0	0
6503788	0	0	0
6503791	-1	0	1
6503874	0	0	0
6503957	0	0	0
6503962	0	0	0
6503965	0	0	0
6504093	0	0	0
6504117	0	0	0
6504119	0	1	1
6504122	0	0	0
6504972	0	0	0
6505300	0	0	0
6505391	0	0	0
6505393	0	0	0
6505530	0	0	0
6507933	0	0	0
6507934	0	0	0
6507935	0	0	0
6507936	0	0	0
6507996	0	0	0
6508034	0	0	0
6508224	0	0	0
6508226	0	0	0
6508872	-1	0	1
6508961	0	0	0
6509853	0	0	0
6509857	0	0	0
6509914	0	0	0
6511129	0	0	0
6512058	0	0	0
6512788	0	0	0
6512789	0	0	0
6513142	0	0	0
6514768	0	0	0
6514769	0	0	0
6514771	0	0	0
6514772	0	0	0
6514777	0	0	0
6515542	0	0	0
6516842	0	0	0
6516990	0	0	0
6517138	0	0	0
6517143	0	0	0
6517146	0	0	0
6517147	0	0	0
6517149	0	0	0
6518305	0	0	0
6519455	0	0	0
6520066	0	0	0
6520339	0	0	0
6520372	0	0	0
6521038	0	0	0
6521252	0	0	0
6521360	0	0	0
6521366	0	0	0
6521370	0	0	0
6522356	0	0	0
6522912	0	1	1
6523939	0	0	0
6524175	0	0	0
6525390	0	0	0
6525555	0	0	0
6525838	-1	0	1
6525841	-1	0	1
6526401	0	0	0
6527435	1	1	0
6527868	0	0	0
6528752	0	0	0
6529389	0	1	1
6529499	0	0	0
6529502	0	0	0
6530455	-1	0	1
6530730	0	0	0
6531297	1	1	0
6531742	1	1	0
6532651	0	0	0
6532653	0	0	0
6532810	0	0	0
6532902	0	0	0
6533096	0	0	0
6533370	0	0	0
6533372	0	0	0
6533868	-1	0	1
6533871	0	1	1
6534156	0	0	0
6534158	0	0	0
6534457	0	0	0
6534458	-1	0	1
6535349	0	0	0
6535724	0	1	1
6537381	-1	0	1
6537575	0	0	0
6538196	0	0	0
6538409	1	1	0
6538531	0	0	0
6539076	0	0	0
6539784	0	0	0
6539786	0	0	0
6540144	0	0	0
6540549	0	0	0
6540698	0	0	0
6541632	0	0	0
6541678	0	0	0
6541679	0	0	0
6541681	0	0	0
6541685	-1	0	1
6541779	-1	0	1
6541864	0	0	0
6541866	0	0	0
6541868	0	0	0
6542593	0	0	0
6542595	0	0	0
6542823	0	0	0
6542827	0	0	0
6543859	0	0	0
6544274	-1	0	1
6544279	-1	0	1
6544605	0	0	0
6546215	1	1	0
6546224	0	0	0
6546266	0	0	0
6547104	0	0	0
6547413	0	0	0
6548233	0	0	0
6548235	0	0	0
6548845	0	0	0
6548919	0	0	0
6548962	0	0	0
6548966	0	0	0
6548967	0	0	0
6548968	0	0	0
6548971	0	0	0
6549349	0	0	0
6550529	0	0	0
6551402	0	0	0
6551406	0	0	0
6551456	0	0	0
6552516	0	0	0
6555146	0	0	0
6555405	0	0	0
6556320	0	0	0
6556715	0	0	0
6557785	0	0	0
6558225	0	0	0
6558495	0	0	0
6559317	0	0	0
6559322	0	0	0
6560125	-1	0	1
6562055	0	0	0
6562141	0	0	0
6562902	0	0	0
6563003	0	0	0
6563005	0	0	0
6563073	0	0	0
6563178	0	0	0
6563180	0	0	0
6563315	0	0	0
6563589	1	1	0
6563590	1	1	0
6563697	0	1	1
6563891	1	1	0
6563894	1	1	0
6564169	0	0	0
6564433	-1	0	1
6566318	0	0	0
6566321	0	0	0
6566419	0	0	0
6566933	0	0	0
6567030	0	0	0
6567031	0	0	0
6568081	0	1	1
6568265	0	0	0
6568368	0	0	0
6568481	0	0	0
6568620	0	0	0
6568623	0	0	0
6568625	0	0	0
6568691	0	0	0
6569755	0	0	0
6570561	0	0	0
6571716	0	0	0
6571837	0	1	1
6571840	-1	0	1
6571842	0	0	0
6571844	0	0	0
6572395	0	0	0
6573062	0	0	0
6573930	0	0	0
6573933	0	0	0
6575374	0	0	0
6575560	0	0	0
6575567	0	0	0
6576333	-1	0	1
6576378	-1	0	1
6576702	0	0	0
6577413	0	0	0
6577812	0	0	0
6577813	0	0	0
6577814	0	0	0
6577863	0	0	0
6578361	0	0	0
6579707	-1	0	1
6580496	0	0	0
6580674	0	0	0
6580763	0	0	0
6581000	0	0	0
6581003	0	0	0
6582809	0	0	0
6582978	0	0	0
6583544	0	0	0
6583600	0	0	0
6583808	0	0	0
6583815	0	0	0
6584301	0	0	0
6585441	0	0	0
6586461	0	0	0
6586465	0	0	0
6586467	0	0	0
6586468	0	0	0
6586470	1	1	0
6586481	0	0	0
6586572	0	0	0
6586967	0	0	0
6587149	0	0	0
6588071	0	0	0
6588411	0	1	1
6588745	0	0	0
6589112	0	0	0
6589113	0	0	0
6589501	0	0	0
6589549	0	0	0
6590819	0	0	0
6590825	0	0	0
6590997	0	0	0
6591306	0	0	0
6591525	0	0	0
6591604	0	0	0
6592076	0	0	0
6592383	0	0	0
6593001	0	0	0
6594316	0	0	0
6594693	0	1	1
6594896	0	0	0
6594898	0	0	0
6594906	0	0	0
6595027	0	0	0
6595031	0	0	0
6595305	1	1	0
6597245	0	0	0
6597247	0	0	0
6597735	0	0	0
6597738	0	0	0
6597739	-1	0	1
6597742	-1	0	1
6598428	0	0	0
6598966	0	0	0
6599331	0	0	0
6599446	0	0	0
6599524	0	0	0
6599929	0	0	0
6599934	0	0	0
6599935	0	0	0
6600140	0	1	1
6600144	0	1	1
6600661	0	0	0
6600737	0	0	0
6600744	0	0	0
6601372	0	0	0
6601425	0	0	0
6601427	0	0	0
6602526	0	0	0
6603704	0	0	0
6603792	0	0	0
6604053	0	0	0
6604309	-1	0	1
6604523	0	0	0
6604619	0	0	0
6605563	0	0	0
6605611	0	1	1
6606567	0	0	0
6606673	-1	0	1
6606674	0	1	1
6606676	0	0	0
6606677	0	0	0
6606678	-1	0	1
6606679	0	0	0
6606680	0	0	0
6606681	0	0	0
6606682	0	0	0
6606973	0	0	0
6607315	-1	0	1
6608711	0	0	0
6610433	1	1	0
6610835	0	0	0
6611458	0	0	0
6611757	0	0	0
6611843	0	0	0
6612185	0	0	0
6612718	0	0	0
6612777	-1	0	1
6612825	0	0	0
6613088	1	1	0
6613570	0	0	0
6614115	0	0	0
6614876	0	0	0
6616143	0	0	0
6616691	0	0	0
6616692	0	0	0
6616842	0	0	0
6616844	0	0	0
6616847	0	0	0
6616946	0	0	0
6617423	0	0	0
6617996	0	0	0
6617997	0	0	0
6618003	0	0	0
6618284	0	0	0
6618285	0	0	0
6618756	0	0	0
6620384	0	0	0
6620434	0	0	0
6620551	0	0	0
6620897	0	0	0
6620997	0	0	0
6621100	0	0	0
6621573	0	0	0
6621583	0	0	0
6621585	0	0	0
6621971	0	0	0
6622204	0	0	0
6623854	0	0	0
6624606	-1	0	1
6625581	0	0	0
6625771	0	0	0
6625869	0	0	0
6625889	0	0	0
6625927	0	0	0
6626211	0	0	0
6626703	0	0	0
6626705	0	0	0
6627264	0	0	0
6627265	0	0	0
6627757	1	1	0
6628571	-1	0	1
6628853	0	0	0
6629030	0	0	0
6629034	0	0	0
6629240	0	0	0
6632385	0	0	0
6632558	0	0	0
6632583	0	0	0
6633442	0	0	0
6633443	0	0	0
6633445	0	0	0
6636931	0	0	0
6636936	0	0	0
6637411	0	0	0
6637967	0	0	0
6638718	0	0	0
6638957	0	0	0
6639089	0	0	0
6639469	-1	0	1
6640187	0	0	0
6640223	0	0	0
6640224	0	0	0
6640226	0	0	0
6640227	0	0	0
6640228	0	0	0
6640229	0	0	0
6640230	0	0	0
6640231	0	0	0
6640369	0	0	0
6640896	0	1	1
6641392	0	0	0
6642987	0	0	0
6643066	0	0	0
6643155	-1	0	1
6643718	0	0	0
6643845	0	0	0
6644176	0	0	0
6645262	0	0	0
6645893	0	0	0
6646363	0	0	0
6646676	0	0	0
6647229	0	0	0
6647830	0	0	0
6649957	0	0	0
6649958	0	0	0
6650334	0	1	1
6650335	0	1	1
6650464	0	0	0
6650466	0	0	0
6651005	0	0	0
6651008	0	0	0
6651457	0	0	0
6651497	0	0	0
6651778	-1	0	1
6652510	0	0	0
6653434	0	0	0
6653676	0	0	0
6654433	0	0	0
6654437	0	0	0
6655398	0	0	0
6655708	0	0	0
6655836	0	0	0
6656021	0	1	1
6656023	0	0	0
6656048	0	0	0
6656050	0	0	0
6656490	0	0	0
6658055	0	0	0
6658408	0	0	0
6658595	0	0	0
6658615	0	0	0
6659100	0	0	0
6659412	0	0	0
6660108	0	0	0
6661007	0	0	0
6661009	0	0	0
6661011	0	0	0
6661013	0	0	0
6661303	-1	0	1
6661708	0	0	0
6661751	0	0	0
6661780	0	0	0
6662820	0	0	0
6664595	-1	0	1
6665115	0	0	0
6666126	0	0	0
6666132	0	0	0
6666445	0	0	0
6667279	0	0	0
6667353	0	0	0
6667361	0	1	1
6667456	1	1	0
6667775	0	0	0
6668192	0	0	0
6668193	0	0	0
6668195	0	0	0
6668464	0	0	0
6670158	-1	0	1
6671234	0	0	0
6671522	-1	0	1
6672213	0	0	0
6672238	1	1	0
6672420	1	1	0
6672421	1	1	0
6672482	0	0	0
6672704	1	1	0
6672710	1	1	0
6673267	0	0	0
6673271	0	0	0
6674577	0	0	0
6674996	0	0	0
6675258	0	0	0
6675259	0	0	0
6675261	0	0	0
6675262	0	0	0
6675265	0	0	0
6675280	0	0	0
6675629	0	0	0
6676186	0	0	0
6676459	0	0	0
6676933	0	0	0
6676940	0	0	0
6677518	0	0	0
6677610	0	0	0
6678640	0	0	0
6679448	0	0	0
6679451	0	1	1
6679713	0	0	0
6679972	0	0	0
6679974	0	0	0
6680545	0	0	0
6681359	0	0	0
6681608	0	0	0
6681778	0	0	0
6681911	-1	0	1
6681912	0	0	0
6681914	-1	0	1
6681917	-1	0	1
6681918	-1	0	1
6682394	-1	0	1
6682395	0	0	0
6683069	0	0	0
6683081	0	0	0
6684837	0	0	0
6684903	0	0	0
6685092	0	0	0
6685604	0	0	0
6685892	0	0	0
6687037	0	0	0
6687142	0	0	0
6689315	0	0	0
6689353	0	0	0
6691995	0	0	0
6691997	1	1	0
6692003	-1	0	1
6692006	0	0	0
6692007	0	0	0
6692008	0	0	0
6692497	-1	0	1
6692773	0	0	0
6692776	0	0	0
6692779	0	0	0
6692780	0	0	0
6694981	0	0	0
6696631	0	0	0
6698360	0	0	0
6698392	-1	0	1
6698551	0	0	0
6698553	0	0	0
6698895	0	0	0
6699080	0	0	0
6699333	0	0	0
6700193	0	0	0
6700196	0	0	0
6700713	0	0	0
6701018	0	0	0
6701255	0	0	0
6701259	0	0	0
6701293	0	0	0
6701629	0	0	0
6702098	0	0	0
6702397	0	0	0
6702435	0	0	0
6702504	0	1	1
6702852	0	0	0
6702855	0	0	0
6703125	0	0	0
6703126	0	0	0
6703130	0	0	0
6703131	0	0	0
6703133	0	0	0
6703286	0	0	0
6703289	0	0	0
6704400	0	0	0
6704401	0	0	0
6704509	0	0	0
6704661	0	0	0
6704672	0	0	0
6704846	0	0	0
6705029	0	0	0
6705510	0	0	0
6705922	0	0	0
6706271	0	0	0
6707068	0	0	0
6707335	0	0	0
6708088	0	0	0
6710071	0	0	0
6710712	0	0	0
6711103	0	0	0
6711627	0	0	0
6712755	0	1	1
6712906	0	1	1
6714112	0	1	1
6714602	0	0	0
6715773	0	0	0
6716225	-1	0	1
6716378	0	0	0
6716379	0	0	0
6716932	0	0	0
6717335	0	0	0
6717337	-1	0	1
6717338	0	0	0
6717340	0	0	0
6717342	1	1	0
6718124	-1	0	1
6718333	0	0	0
6718467	0	0	0
6718470	0	0	0
6718473	0	0	0
6718494	0	0	0
6718794	0	0	0
6718885	-1	0	1
6719218	0	0	0
6719265	-1	0	1
6719462	0	0	0
6720368	0	0	0
6720563	0	0	0
6721808	0	0	0
6721812	0	0	0
6723938	0	0	0
6724187	-1	0	1
6724197	0	0	0
6726344	0	0	0
6726346	0	0	0
6726478	0	0	0
6727045	0	0	0
6727046	0	0	0
6727047	-1	0	1
6727160	0	0	0
6727369	0	0	0
6727473	-1	0	1
6728050	-1	0	1
6728053	-1	0	1
6728800	0	0	0
6729472	1	1	0
6729569	0	0	0
6729815	0	0	0
6730466	0	0	0
6731354	-1	0	1
6731716	0	0	0
6732085	0	0	0
6732086	0	0	0
6733936	1	1	0
6733937	-1	0	1
6734068	-1	0	1
6734208	0	0	0
6735234	0	0	0
6735296	0	0	0
6735466	0	0	0
6735476	0	0	0
6735478	0	0	0
6735499	0	0	0
6735695	0	0	0
6735985	0	0	0
6735994	0	0	0
6735997	0	0	0
6737465	-1	0	1
6737727	0	0	0
6737729	0	0	0
6737939	0	0	0
6738332	0	0	0
6740558	0	0	0
6740801	0	0	0
6741503	0	0	0
6741504	0	0	0
6741505	0	0	0
6741511	-1	0	1
6741744	0	0	0
6741779	0	0	0
6742115	0	0	0
6742119	0	0	0
6742861	-1	0	1
6743092	0	0	0
6743093	0	0	0
6743236	0	0	0
6743631	0	0	0
6744574	0	0	0
6744675	0	0	0
6745016	0	0	0
6745020	0	0	0
6745210	0	0	0
6746618	0	0	0
6747926	0	0	0
6748991	0	0	0
6750145	0	0	0
6750238	0	0	0
6750580	0	0	0
6750976	0	0	0
6751082	0	0	0
6752326	0	0	0
6753110	0	0	0
6754360	0	0	0
6754372	0	0	0
6755585	0	0	0
6755998	0	0	0
6756186	-1	0	1
6756675	0	0	0
6757357	0	0	0
6757360	0	0	0
6757474	-1	0	1
6757475	-1	0	1
6757656	0	0	0
6757660	0	0	0
6758971	0	0	0
6759492	0	0	0
6759725	0	0	0
6760684	0	0	0
6761346	0	0	0
6761880	0	0	0
6763101	0	0	0
6763277	0	0	0
6763918	0	0	0
6764163	0	0	0
6764700	0	0	0
6764895	0	0	0
6765034	0	0	0
6765077	0	0	0
6767004	0	0	0
6767150	0	0	0
6767847	0	0	0
6767848	0	0	0
6768038	0	1	1
6768801	-1	0	1
6768809	-1	0	1
6769225	0	0	0
6769265	0	0	0
6770134	0	0	0
6770136	0	0	0
6770142	0	0	0
6770184	0	0	0
6770411	0	0	0
6770631	0	0	0
6770632	0	0	0
6770738	0	0	0
6771748	0	0	0
6772234	0	0	0
6772236	0	0	0
6772239	0	0	0
6772240	-1	0	1
6772352	0	0	0
6772543	0	0	0
6772632	1	1	0
6772679	0	0	0
6772680	0	0	0
6773239	0	0	0
6773723	0	0	0
6774305	0	0	0
6775560	0	0	0
6775816	1	1	0
6775817	0	0	0
6776507	0	0	0
6776524	0	0	0
6776602	0	0	0
6776656	0	1	1
6777521	0	0	0
6777586	0	0	0
6777587	0	0	0
6778515	0	0	0
6778528	0	0	0
6778691	0	1	1
6778951	0	0	0
6779853	0	0	0
6780220	0	1	1
6780679	-1	0	1
6780686	-1	0	1
6780885	0	0	0
6781496	0	0	0
6781722	0	0	0
6781879	0	0	0
6782345	0	0	0
6782425	0	0	0
6783161	0	0	0
6783377	0	0	0
6783449	0	0	0
6783515	1	1	0
6783836	0	0	0
6783837	0	0	0
6784071	0	0	0
6784215	1	1	0
6784342	0	0	0
6784527	1	1	0
6784641	0	0	0
6784644	1	1	0
6784729	0	0	0
6785269	0	0	0
6785288	1	1	0
6785755	0	0	0
6785787	0	0	0
6786463	0	0	0
6786465	0	0	0
6786544	0	0	0
6787148	-1	0	1
6787149	-1	0	1
6787150	-1	0	1
6787151	-1	0	1
6787778	-1	0	1
6787940	0	1	1
6788092	0	0	0
6788253	0	0	0
6788370	0	0	0
6788423	0	0	0
6790355	0	0	0
6790875	0	0	0
6790877	0	0	0
6790880	0	0	0
6790883	0	0	0
6791010	0	0	0
6791082	0	0	0
6792965	0	0	0
6793625	0	0	0
6793767	0	0	0
6794408	0	0	0
6794487	0	0	0
6794761	-1	0	1
6794943	0	0	0
6796028	0	0	0
6796078	0	0	0
6796079	0	0	0
6796549	0	0	0
6796571	0	0	0
6797000	0	0	0
6797002	0	0	0
6797003	0	0	0
6798261	0	0	0
6799139	0	0	0
6799189	0	0	0
6800499	-1	0	1
6801936	0	0	0
6802842	0	0	0
6802901	0	0	0
6803095	0	0	0
6803099	0	0	0
6803209	0	0	0
6804353	0	0	0
6805198	0	0	0
6805315	0	0	0
6805467	0	0	0
6805939	0	0	0
6806878	0	0	0
6806882	0	0	0
6807848	0	0	0
6807978	0	0	0
6808043	0	0	0
6808626	0	0	0
6808628	1	1	0
6808705	0	0	0
6808707	0	0	0
6808711	0	0	0
6808712	0	0	0
6808713	0	0	0
6808716	0	0	0
6809976	0	0	0
6810049	0	0	0
6810864	0	1	1
6810867	0	1	1
6810868	0	0	0
6811244	0	0	0
6812510	0	0	0
6812965	0	0	0
6813710	0	0	0
6813715	0	0	0
6813716	0	0	0
6814575	0	0	0
6814583	0	0	0
6814783	0	0	0
6814784	0	0	0
6814785	0	0	0
6815300	0	0	0
6815390	0	0	0
6815531	0	0	0
6816228	0	0	0
6816571	0	0	0
6816572	0	0	0
6816573	0	0	0
6816574	0	0	0
6816576	0	0	0
6816577	0	0	0
6816579	0	0	0
6816637	0	0	0
6817529	0	0	0
6817530	0	0	0
6817751	0	0	0
6817754	0	0	0
6817755	0	0	0
6818526	0	0	0
6820615	0	0	0
6821422	0	0	0
6822283	-1	0	1
6822832	0	0	0
6823947	0	0	0
6824260	1	1	0
6826661	0	0	0
6828895	0	0	0
6829263	1	1	0
6829265	0	0	0
6829266	0	0	0
6829268	0	0	0
6829269	0	0	0
6829270	0	0	0
6829271	0	0	0
6830012	0	0	0
6830079	0	0	0
6830082	0	0	0
6830223	0	0	0
6831304	0	0	0
6831643	0	0	0
6831815	0	0	0
6832373	0	0	0
6832897	0	0	0
6833099	0	0	0
6833104	0	0	0
6833220	1	1	0
6833226	0	0	0
6833509	-1	0	1
6834146	0	0	0
6834149	0	0	0
6834174	0	0	0
6834178	0	0	0
6834180	0	0	0
6834307	0	0	0
6835101	0	0	0
6835547	0	0	0
6835548	0	0	0
6835549	0	0	0
6835553	0	0	0
6835980	0	0	0
6836827	0	0	0
6836937	-1	0	1
6838986	0	0	0
6839611	0	0	0
6839651	0	0	0
6839747	0	0	0
6839787	0	0	0
6839849	0	0	0
6839852	0	0	0
6840965	0	0	0
6841154	0	0	0
6841767	0	0	0
6841922	0	0	0
6842312	0	0	0
6843829	0	0	0
6844508	0	0	0
6844638	-1	0	1
6844776	0	0	0
6844893	0	0	0
6844925	0	0	0
6845222	0	0	0
6845276	0	0	0
6845345	0	0	0
6845517	-1	0	1
6845518	0	0	0
6845645	-1	0	1
6845868	0	0	0
6846106	-1	0	1
6846936	0	0	0
6847153	0	0	0
6847682	0	0	0
6847767	0	0	0
6848323	0	0	0
6848325	0	0	0
6848326	0	0	0
6848329	0	0	0
6849663	0	0	0
6849745	0	0	0
6849746	0	0	0
6849831	0	1	1
6850742	-1	0	1
6851228	1	1	0
6851231	-1	0	1
6851884	0	0	0
6853190	0	0	0
6853587	0	0	0
6855414	-1	0	1
6855652	1	1	0
6856834	0	0	0
6858415	0	0	0
6858423	0	0	0
6858778	0	0	0
6859155	0	0	0
6859478	-1	0	1
6859479	-1	0	1
6859730	0	0	0
6860055	0	0	0
6860565	0	0	0
6860566	0	0	0
6860568	0	0	0
6860654	0	0	0
6860658	0	0	0
6860975	0	1	1
6861579	0	0	0
6863256	0	0	0
6863607	0	0	0
6863956	0	0	0
6863957	0	0	0
6864372	0	0	0
6864424	0	0	0
6864425	0	0	0
6865051	1	1	0
6865756	0	0	0
6865758	0	0	0
6866693	0	0	0
6866806	0	0	0
6866807	0	0	0
6866809	0	0	0
6866812	0	0	0
6866814	0	0	0
6866815	0	0	0
6867130	0	0	0
6868144	0	0	0
6868328	-1	0	1
6868533	0	0	0
6868534	0	0	0
6868743	0	1	1
6868744	0	1	1
6868745	1	1	0
6868798	0	0	0
6868799	0	0	0
6868800	0	0	0
6868801	0	0	0
6868804	0	0	0
6868805	0	0	0
6868806	0	0	0
6869596	1	1	0
6869597	1	1	0
6870008	1	1	0
6870011	1	1	0
6871717	0	0	0
6872428	0	0	0
6872604	1	1	0
6873229	0	0	0
6874566	0	0	0
6875037	0	0	0
6875614	0	0	0
6878080	0	0	0
6878098	0	0	0
6880045	0	0	0
6880076	-1	0	1
6880445	0	0	0
6880447	0	0	0
6880452	0	0	0
6880648	1	1	0
6881257	0	0	0
6881258	0	0	0
6881262	0	0	0
6881263	0	0	0
6881264	0	0	0
6881265	0	0	0
6881311	0	0	0
6881312	0	0	0
6881351	0	0	0
6881509	0	0	0
6881675	0	0	0
6881676	0	0	0
6881680	0	1	1
6881683	0	1	1
6881818	0	0	0
6881820	0	0	0
6881821	0	0	0
6882093	0	0	0
6882486	1	1	0
6882965	0	0	0
6883123	0	0	0
6883798	0	0	0
6884449	0	0	0
6884573	0	0	0
6884874	0	0	0
6885181	0	0	0
6886555	0	0	0
6887456	0	0	0
6889222	0	0	0
6889223	0	0	0
6889227	0	0	0
6889970	0	0	0
6890241	0	0	0
6890744	0	0	0
6891052	0	0	0
6891762	0	0	0
6892195	-1	0	1
6892200	-1	0	1
6892259	0	0	0
6893802	0	0	0
6893913	0	0	0
6894346	0	1	1
6894608	1	1	0
6895858	0	0	0
6896088	0	0	0
6897131	0	0	0
6897494	0	0	0
6897749	0	0	0
6897754	0	0	0
6898290	0	0	0
6898292	0	0	0
6898295	0	0	0
6899277	0	1	1
6900766	0	0	0
6900767	0	0	0
6900769	0	0	0
6900773	0	0	0
6900774	0	0	0
6901065	0	0	0
6901142	0	0	0
6901281	0	0	0
6901362	0	0	0
6901671	0	0	0
6902595	0	0	0
6903244	0	0	0
6903250	0	0	0
6904069	0	0	0
6904124	0	0	0
6904198	0	0	0
6904451	0	0	0
6904865	0	0	0
6905029	0	0	0
6905500	0	0	0
6906108	0	0	0
6906271	0	0	0
6906583	0	0	0
6906944	0	0	0
6906947	0	0	0
6907303	0	0	0
6907307	0	0	0
6908056	0	0	0
6908839	0	0	0
6909154	1	1	0
6909244	0	0	0
6909614	0	0	0
6910022	0	1	1
6910315	0	1	1
6910630	0	0	0
6910941	-1	0	1
6910942	-1	0	1
6912847	1	1	0
6912863	0	0	0
6914445	0	0	0
6914885	0	0	0
6915117	0	0	0
6916037	0	0	0
6916038	0	0	0
6916254	0	0	0
6916390	0	0	0
6917916	0	0	0
6918691	0	0	0
6919125	0	0	0
6919305	0	0	0
6919432	0	0	0
6919535	0	0	0
6919836	0	0	0
6919841	0	0	0
6921164	1	1	0
6921167	1	1	0
6923050	0	0	0
6923052	0	0	0
6923057	0	0	0
6925271	0	0	0
6925581	0	0	0
6926023	0	0	0
6926968	0	0	0
6927223	0	1	1
6927227	0	1	1
6927420	-1	0	1
6927666	0	0	0
6927667	0	0	0
6927761	0	0	0
6928212	0	0	0
6928819	0	1	1
6929031	0	0	0
6929036	0	0	0
6929487	0	0	0
6929759	0	0	0
6930063	0	0	0
6930100	0	0	0
6930133	0	0	0
6930974	0	0	0
6931489	0	0	0
6931702	0	0	0
6932682	0	0	0
6933261	0	0	0
6933466	-1	0	1
6933568	0	0	0
6933571	0	0	0
6934013	0	0	0
6934015	0	0	0
6934277	0	0	0
6934425	-1	0	1
6934488	0	0	0
6935404	0	0	0
6935405	0	0	0
6935406	0	0	0
6935754	0	0	0
6935784	0	0	0
6935803	0	0	0
6935804	0	0	0
6936386	0	0	0
6936389	1	1	0
6936534	0	0	0
6936574	0	0	0
6936627	0	0	0
6936676	0	0	0
6936679	0	0	0
6937380	0	0	0
6939436	0	0	0
6940030	0	0	0
6940440	0	0	0
6941478	0	0	0
6941512	0	0	0
6942201	0	0	0
6942456	0	0	0
6942628	0	1	1
6945352	0	0	0
6945979	0	0	0
6946309	0	0	0
6946411	-1	0	1
6947134	0	0	0
6947140	0	0	0
6947370	0	0	0
6947913	0	0	0
6948128	0	0	0
6948200	0	0	0
6949533	0	0	0
6949801	0	0	0
6950522	0	0	0
6950526	0	0	0
6950588	0	0	0
6951142	0	0	0
6951144	0	0	0
6951147	0	1	1
6951408	0	0	0
6952932	0	0	0
6953228	0	0	0
6954765	0	1	1
6954766	0	1	1
6954768	-1	0	1
6954772	0	1	1
6955152	0	0	0
6956014	0	0	0
6956727	0	0	0
6956778	-1	0	1
6956781	0	0	0
6956798	-1	0	1
6957056	0	0	0
6957819	0	0	0
6958976	0	0	0
6959159	1	1	0
6959393	0	0	0
6959800	-1	0	1
6960777	0	0	0
6961582	0	0	0
6961854	0	0	0
6961859	0	0	0
6961860	0	0	0
6961861	0	0	0
6962443	0	0	0
6962824	0	0	0
6962826	0	1	1
6962967	0	0	0
6964167	0	1	1
6964919	0	0	0
6965031	0	0	0
6965032	0	0	0
6965033	0	0	0
6965034	0	0	0
6966057	0	0	0
6966646	0	0	0
6967374	0	0	0
6967413	0	0	0
6968053	0	0	0
6968056	0	0	0
6969187	0	0	0
6969214	0	0	0
6969669	0	0	0
6970608	0	0	0
6970852	0	0	0
6970883	0	0	0
6970884	0	0	0
6974342	-1	0	1
6974343	0	0	0
6974344	0	0	0
6974645	-1	0	1
6975775	0	0	0
6976690	0	0	0
6976696	0	0	0
6976956	0	0	0
6976960	0	0	0
6977592	0	0	0
6977782	0	0	0
6978498	0	0	0
6978553	-1	0	1
6978694	1	1	0
6979139	0	0	0
6979295	0	0	0
6979612	0	0	0
6979871	0	0	0
6980019	0	0	0
6980450	0	0	0
6980452	0	0	0
6980455	0	0	0
6980457	0	0	0
6980697	-1	0	1
6980701	0	0	0
6980965	0	0	0
6981225	0	0	0
6981230	0	0	0
6981232	0	0	0
6981234	0	0	0
6981235	0	0	0
6981236	0	0	0
6981237	0	0	0
6981238	0	0	0
6981497	0	0	0
6982292	0	0	0
6983786	1	1	0
6983788	0	0	0
6983790	1	1	0
6983793	1	1	0
6983939	0	0	0
6984046	-1	0	1
6985221	1	1	0
6985844	0	0	0
6985854	0	0	0
6985901	0	0	0
6985902	0	0	0
6986165	0	0	0
6987320	0	0	0
6987979	-1	0	1
6987982	0	0	0
6989199	0	0	0
6989726	0	0	0
6992082	0	1	1
6992674	0	0	0
6993942	0	0	0
6995121	0	0	0
6995300	0	0	0
6995939	0	0	0
6996320	0	0	0
6996463	0	0	0
6996464	0	0	0
6996984	0	0	0
6996988	0	0	0
6996989	0	0	0
6997788	0	1	1
6998123	0	0	0
6998124	0	0	0
6998241	0	0	0
6999135	0	0	0
6999143	0	0	0
6999216	0	0	0
6999286	0	0	0
6999843	0	0	0
7000908	0	0	0
7000912	0	0	0
7001153	0	0	0
7001155	0	0	0
7001677	0	0	0
7001679	0	0	0
7003282	0	0	0
7003283	0	0	0
7004451	0	0	0
7004479	0	0	0
7004545	0	0	0
7004771	1	1	0
7005249	0	0	0
7005251	0	0	0
7005465	0	0	0
7005467	0	0	0
7005469	0	0	0
7006144	0	0	0
7006621	0	0	0
7007911	0	0	0
7008509	0	0	0
7009675	0	0	0
7011022	0	0	0
7011431	0	0	0
7011506	0	0	0
7012248	0	0	0
7012258	0	0	0
7012590	-1	0	1
7012637	0	0	0
7012803	0	0	0
7013363	0	0	0
7013366	0	0	0
7015438	0	0	0
7015692	0	0	0
7015696	0	0	0
7015697	0	0	0
7018065	0	0	0
7018509	0	0	0
7018599	0	0	0
7018980	0	0	0
7019044	0	0	0
7020114	0	0	0
7020894	0	0	0
7020896	0	0	0
7021101	0	0	0
7021197	0	0	0
7021204	0	0	0
7022723	0	0	0
7022735	-1	0	1
7023830	0	0	0
7024543	0	0	0
7025433	0	0	0
7025970	0	1	1
7027909	0	0	0
7028377	0	0	0
7028381	0	0	0
7028753	-1	0	1
7029094	0	0	0
7029626	-1	0	1
7029962	0	0	0
7030172	1	1	0
7030173	0	0	0
7030194	-1	0	1
7031372	1	1	0
7032901	0	0	0
7033790	0	0	0
7033792	0	0	0
7033793	0	0	0
7034442	0	0	0
7034567	0	0	0
7034600	0	0	0
7034993	0	0	0
7035156	0	0	0
7035398	0	1	1
7035399	0	1	1
7035402	0	0	0
7035406	0	0	0
7035578	0	0	0
7035895	0	0	0
7036014	0	0	0
7036015	0	0	0
7036022	0	0	0
7036023	1	1	0
7036105	1	1	0
7036556	0	0	0
7037504	0	0	0
7037993	0	0	0
7038092	0	0	0
7038128	0	0	0
7039181	0	0	0
7040175	0	0	0
7041364	0	0	0
7042089	0	0	0
7042228	0	0	0
7042736	0	0	0
7042966	0	0	0
7043051	0	0	0
7043144	0	0	0
7043150	0	0	0
7043159	0	0	0
7043502	0	0	0
7044005	0	0	0
7044174	0	0	0
7044176	0	0	0
7044178	1	1	0
7044390	0	0	0
7045616	-1	0	1
7046067	0	0	0
7046068	0	0	0
7046069	0	0	0
7046070	0	0	0
7046091	0	0	0
7046097	0	0	0
7046852	0	0	0
7046855	0	0	0
7047201	0	0	0
7047753	0	0	0
7048131	0	0	0
7048744	0	0	0
7049050	0	0	0
7049101	0	0	0
7049301	0	0	0
7049415	0	0	0
7050662	0	0	0
7050921	0	0	0
7051660	0	0	0
7052154	0	0	0
7052161	0	0	0
7053734	0	0	0
7053865	0	0	0
7054126	0	0	0
7054650	0	0	0
7055980	0	1	1
7056230	0	0	0
7056836	0	0	0
7056891	1	1	0
7056892	1	1	0
7057928	0	0	0
7058048	0	0	0
7058739	0	0	0
7059030	0	0	0
7059565	0	0	0
7060018	0	0	0
7060077	0	0	0
7060950	0	0	0
7061631	0	0	0
7061785	0	0	0
7062085	0	0	0
7062088	0	0	0
7062273	0	0	0
7062275	0	0	0
7062276	0	0	0
7062661	1	1	0
7062670	0	0	0
7063149	0	0	0
7063238	0	0	0
7064439	0	0	0
7064624	-1	0	1
7065010	0	0	0
7065587	0	0	0
7065838	0	0	0
7066149	0	0	0
7066225	0	0	0
7067236	-1	0	1
7067447	0	0	0
7069233	0	0	0
7069401	0	0	0
7070270	0	0	0
7070536	0	0	0
7070641	0	0	0
7071164	0	0	0
7071694	0	0	0
7071695	0	0	0
7071714	0	0	0
7071719	0	0	0
7072981	0	0	0
7073309	0	0	0
7073787	0	0	0
7073792	0	0	0
7074608	0	1	1
7074609	0	1	1
7075489	0	1	1
7075652	0	0	0
7075656	0	0	0
7075753	0	0	0
7075754	0	0	0
7075912	0	0	0
7075972	0	0	0
7077439	0	0	0
7077722	1	1	0
7078349	0	0	0
7078434	0	0	0
7078872	0	0	0
7081856	0	0	0
7081947	0	0	0
7082175	0	0	0
7082177	0	0	0
7082178	0	0	0
7082179	0	0	0
7082181	0	0	0
7083307	0	0	0
7083313	0	0	0
7084197	0	0	0
7084693	0	0	0
7084695	0	0	0
7084700	0	0	0
7085423	0	0	0
7086172	0	0	0
7086177	0	0	0
7086178	1	1	0
7086180	0	0	0
7086225	0	0	0
7086325	0	0	0
7086333	0	0	0
7086891	0	0	0
7087654	0	0	0
7088204	0	0	0
7088372	0	0	0
7089509	-1	0	1
7089736	0	0	0
7090563	0	0	0
7091716	0	0	0
7094052	-1	0	1
7094324	-1	0	1
7094327	0	1	1
7097283	0	0	0
7097815	1	1	0
7097980	0	0	0
7098101	0	0	0
7098479	0	0	0
7098787	0	0	0
7098948	0	0	0
7099022	0	0	0
7099369	0	0	0
7099373	0	0	0
7099375	-1	0	1
7099946	0	0	0
7099947	1	1	0
7099953	0	0	0
7099954	0	0	0
7100269	0	0	0
7100291	0	0	0
7100992	0	0	0
7100997	0	0	0
7101000	0	0	0
7102544	0	0	0
7102687	0	0	0
7102692	0	0	0
7103291	0	0	0
7104393	0	0	0
7104599	0	0	0
7104825	0	0	0
7104826	0	0	0
7104827	0	0	0
7105062	0	0	0
7105492	0	0	0
7105657	0	0	0
7105743	0	0	0
7105744	0	0	0
7105912	0	0	0
7106042	0	0	0
7106050	0	0	0
7106819	0	0	0
7107267	0	0	0
7107269	0	0	0
7107273	0	0	0
7107275	0	0	0
7107673	0	0	0
7108268	0	0	0
7109514	0	0	0
7109580	-1	0	1
7109586	1	1	0
7109853	0	0	0
7110080	0	0	0
7110642	0	0	0
7111082	0	0	0
7111083	0	0	0
7111085	0	0	0
7111089	0	0	0
7111128	0	1	1
7111132	0	0	0
7111134	0	0	0
7111136	1	1	0
7111907	0	0	0
7111909	0	0	0
7111937	0	0	0
7112272	0	0	0
7112964	0	0	0
7112968	0	0	0
7113345	0	0	0
7113800	0	0	0
7114298	0	1	1
7114304	-1	0	1
7114608	0	0	0
7115220	0	0	0
7115221	0	0	0
7115223	0	0	0
7115224	0	0	0
7115227	0	0	0
7116560	0	0	0
7116882	0	0	0
7118450	0	0	0
7118777	1	1	0
7119245	0	0	0
7119297	0	0	0
7119305	0	0	0
7121030	0	0	0
7121152	0	0	0
7121182	0	0	0
7121212	0	0	0
7121226	0	0	0
7121922	0	0	0
7121927	0	0	0
7122556	1	1	0
7123066	-1	0	1
7123904	0	0	0
7124638	0	0	0
7124695	0	0	0
7124697	0	0	0
7124721	0	0	0
7125105	0	0	0
7125107	0	0	0
7125197	0	0	0
7125239	0	0	0
7125825	0	0	0
7125978	0	0	0
7125980	0	0	0
7125981	0	0	0
7125982	0	0	0
7125983	0	0	0
7125985	0	0	0
7125987	0	0	0
7126017	0	0	0
7126025	0	0	0
7126040	0	0	0
7126045	-1	0	1
7126140	-1	0	1
7126254	0	0	0
7126440	0	0	0
7126919	0	0	0
7126924	0	0	0
7127164	0	0	0
7127166	0	0	0
7127214	0	0	0
7127520	0	0	0
7127523	0	0	0
7127562	0	0	0
7127749	0	0	0
7127753	0	0	0
7127755	0	0	0
7128110	0	0	0
7128447	0	0	0
7129087	0	0	0
7129173	0	0	0
7129178	0	0	0
7129637	0	0	0
7130249	0	0	0
7130250	0	0	0
7130253	0	0	0
7130255	0	0	0
7130256	0	0	0
7130257	0	0	0
7130258	0	0	0
7130291	0	0	0
7131085	0	0	0
7131770	0	0	0
7131885	-1	0	1
7132577	-1	0	1
7132812	0	0	0
7132894	0	0	0
7132895	0	0	0
7132973	-1	0	1
7133124	0	0	0
7133258	0	0	0
7133428	0	0	0
7133433	0	0	0
7133584	0	0	0
7134241	-1	0	1
7134411	0	0	0
7134677	0	0	0
7134679	1	1	0
7134681	0	0	0
7134682	0	0	0
7134888	0	0	0
7135417	0	0	0
7135873	0	0	0
7135881	0	0	0
7136270	0	0	0
7136359	0	0	0
7137060	0	0	0
7137063	0	0	0
7137436	0	0	0
7137684	0	0	0
7138162	0	0	0
7138572	0	0	0
7138952	-1	0	1
7138960	0	0	0
7139217	0	0	0
7139266	0	0	0
7139898	0	0	0
7139938	0	0	0
7141515	0	0	0
7141516	-1	0	1
7141849	0	0	0
7142698	0	0	0
7142921	0	0	0
7142994	0	0	0
7143878	0	0	0
7144129	0	0	0
7144131	-1	0	1
7144133	-1	0	1
7144219	0	0	0
7144704	0	0	0
7144707	0	0	0
7144955	-1	0	1
7145743	0	0	0
7145745	0	0	0
7145746	0	0	0
7145749	0	0	0
7146231	0	0	0
7146473	0	0	0
7146478	0	0	0
7146485	0	0	0
7146738	0	0	0
7147316	1	1	0
7148189	0	0	0
7148714	0	0	0
7148875	0	0	0
7149088	0	0	0
7150687	0	0	0
7150791	0	0	0
7151014	0	0	0
7152433	0	0	0
7152435	0	0	0
7152574	0	0	0
7154015	0	0	0
7154102	0	0	0
7154237	0	0	0
7154555	0	0	0
7156277	1	1	0
7156278	0	0	0
7156280	1	1	0
7156281	1	1	0
7156282	1	1	0
7156283	0	0	0
7156284	0	0	0
7156285	0	0	0
7156286	0	0	0
7156443	0	0	0
7156787	0	0	0
7157525	1	1	0
7159323	0	0	0
7159982	0	0	0
7160169	0	0	0
7160787	0	0	0
7162211	-1	0	1
7162400	0	0	0
7163751	0	0	0
7165565	0	0	0
7165572	0	0	0
7165773	0	0	0
7165996	0	0	0
7165997	1	1	0
7165999	0	0	0
7166002	-1	0	1
7166003	0	0	0
7166224	0	0	0
7166447	0	0	0
7166449	1	1	0
7166453	0	1	1
7167227	0	0	0
7168116	0	0	0
7168377	0	0	0
7169115	0	0	0
7169523	0	0	0
7170253	0	0	0
7171067	-1	0	1
7171071	-1	0	1
7172796	0	0	0
7173310	0	0	0
7173995	0	0	0
7174098	0	0	0
7174960	0	0	0
7174962	0	0	0
7174963	0	0	0
7174965	0	0	0
7174968	0	0	0
7175022	0	0	0
7175023	0	0	0
7175025	0	0	0
7175026	1	1	0
7175358	0	1	1
7176258	-1	0	1
7176407	0	0	0
7176409	-1	0	1
7176511	0	0	0
7176515	0	0	0
7176517	0	0	0
7176518	0	0	0
7177023	-1	0	1
7177027	-1	0	1
7177028	0	0	0
7177029	0	0	0
7177031	0	1	1
7177032	0	0	0
7177280	0	0	0
7178575	0	0	0
7178718	0	0	0
7179072	0	0	0
7179468	0	0	0
7180146	0	0	0
7180656	0	0	0
7180960	0	0	0
7180961	0	0	0
7181064	0	0	0
7181627	0	0	0
7181973	0	0	0
7182610	0	0	0
7183145	0	0	0
7183146	0	0	0
7183150	0	0	0
7183151	0	0	0
7184301	0	0	0
7185130	0	0	0
7185238	-1	0	1
7185239	0	0	0
7185242	0	0	0
7185625	0	0	0
7186201	0	0	0
7186202	0	0	0
7186209	0	0	0
7186729	0	0	0
7186879	1	1	0
7187237	0	0	0
7187370	0	0	0
7187372	0	0	0
7188817	0	0	0
7189061	0	0	0
7189062	0	0	0
7189165	0	0	0
7190084	0	0	0
7190324	0	0	0
7190326	0	0	0
7190328	0	0	0
7190351	1	1	0
7190794	0	0	0
7192156	0	0	0
7192342	0	0	0
7192344	0	0	0
7192705	0	0	0
7192706	0	0	0
7192710	0	0	0
7192711	0	0	0
7192729	0	0	0
7193608	0	0	0
7194060	0	0	0
7194370	0	0	0
7194372	0	0	0
7194374	0	0	0
7195351	0	0	0
7195808	0	0	0
7196169	0	0	0
7196172	0	0	0
7196645	0	0	0
7196956	0	0	0
7196961	0	0	0
7197283	0	0	0
7197356	0	0	0
7198602	0	0	0
7198604	0	0	0
7198823	0	0	0
7199667	0	0	0
7199669	0	0	0
7199672	0	0	0
7199673	0	0	0
7199674	0	0	0
7199675	0	0	0
7201514	0	0	0
7201615	0	0	0
7201784	0	0	0
7202497	0	0	0
7203031	-1	0	1
7203252	0	0	0
7203360	0	0	0
7204477	0	0	0
7204964	0	0	0
7205916	0	0	0
7206189	0	0	0
7206425	0	0	0
7206426	1	1	0
7206428	0	0	0
7206429	0	0	0
7206431	0	0	0
7206616	0	0	0
7206705	0	0	0
7207240	0	0	0
7207349	1	1	0
7207412	0	0	0
7207479	0	1	1
7208626	1	1	0
7208985	0	0	0
7209049	0	0	0
7209704	0	0	0
7209791	0	0	0
7210617	0	0	0
7211060	0	0	0
7211301	0	0	0
7213090	0	0	0
7213558	0	0	0
7214224	0	0	0
7214227	0	0	0
7214436	0	0	0
7214871	-1	0	1
7214918	0	0	0
7214924	0	0	0
7215150	0	0	0
7215170	0	0	0
7215171	0	0	0
7215176	0	0	0
7215840	0	0	0
7216315	0	0	0
7216815	0	0	0
7216914	0	0	0
7216915	0	0	0
7216916	0	0	0
7216918	1	1	0
7216919	0	0	0
7216920	0	0	0
7216921	1	1	0
7216922	1	1	0
7217301	0	0	0
7217310	0	0	0
7218797	0	0	0
7219915	-1	0	1
7220642	-1	0	1
7220645	-1	0	1
7220646	-1	0	1
7220648	0	1	1
7220649	0	1	1
7220650	0	0	0
7220651	-1	0	1
7221091	0	0	0
7221435	0	0	0
7222241	0	0	0
7222789	0	0	0
7223010	0	0	0
7224102	0	0	0
7224368	0	0	0
7224497	0	0	0
7224555	0	0	0
7225449	0	0	0
7225450	0	0	0
7227080	0	0	0
7227390	0	0	0
7227633	0	0	0
7227697	0	0	0
7227698	0	0	0
7227700	-1	0	1
7227701	-1	0	1
7227703	0	0	0
7229228	0	0	0
7229723	0	0	0
7230478	0	0	0
7230770	0	0	0
7232293	0	0	0
7232295	0	0	0
7232600	0	0	0
7232731	0	0	0
7233673	-1	0	1
7233970	0	0	0
7235868	0	0	0
7235869	0	0	0
7235893	0	0	0
7236696	-1	0	1
7237431	0	0	0
7237800	-1	0	1
7239959	-1	0	1
7240117	0	0	0
7240120	0	0	0
7240122	0	0	0
7240208	0	0	0
7240362	0	0	0
7241417	0	0	0
7241514	0	0	0
7241892	0	0	0
7241898	0	0	0
7242384	0	0	0
7242390	0	0	0
7242600	0	0	0
7242813	0	0	0
7243151	-1	0	1
7243783	-1	0	1
7244246	-1	0	1
7244665	-1	0	1
7244875	0	0	0
7245234	0	0	0
7245799	0	0	0
7245824	0	0	0
7246037	0	0	0
7246038	0	0	0
7246210	0	1	1
7246781	0	0	0
7246782	0	0	0
7246785	0	0	0
7246786	0	0	0
7246789	0	0	0
7246875	-1	0	1
7246882	0	1	1
7247002	0	0	0
7247014	0	0	0
7247454	0	0	0
7247456	0	0	0
7247835	0	1	1
7247909	-1	0	1
7248570	0	0	0
7249947	0	0	0
7249948	1	1	0
7250024	0	0	0
7251443	0	0	0
7251444	0	0	0
7251448	0	0	0
7251694	0	1	1
7251751	0	0	0
7251753	0	1	1
7251806	0	0	0
7252494	0	0	0
7252812	0	0	0
7253240	-1	0	1
7253729	0	0	0
7254001	0	0	0
7254935	0	0	0
7255074	0	0	0
7255076	1	1	0
7255903	0	0	0
7256139	0	0	0
7256622	0	0	0
7256623	0	0	0
7256625	0	0	0
7256626	0	0	0
7256627	0	0	0
7256628	0	0	0
7257938	0	0	0
7257939	0	0	0
7257941	0	0	0
7257986	0	0	0
7260574	0	0	0
7261412	0	0	0
7262728	0	0	0
7262731	0	0	0
7263355	1	1	0
7263357	0	1	1
7263360	0	0	0
7263361	0	0	0
7263466	0	0	0
7264489	0	0	0
7264898	0	0	0
7264900	0	0	0
7265167	0	0	0
7265232	0	0	0
7266917	0	0	0
7266959	0	0	0
7267248	0	0	0
7267571	0	0	0
7268132	0	0	0
7268154	0	0	0
7268208	0	0	0
7268672	0	0	0
7268788	0	0	0
7268791	0	0	0
7268792	0	0	0
7269374	0	0	0
7269995	0	0	0
7269996	0	0	0
7269997	0	0	0
7269998	-1	0	1
7269999	-1	0	1
7270000	0	0	0
7272057	0	0	0
7272515	0	0	0
7272519	0	0	0
7272856	0	0	0
7272901	0	0	0
7273107	0	0	0
7274087	0	0	0
7274241	0	0	0
7274244	0	0	0
7275106	0	0	0
7275482	0	0	0
7275663	0	0	0
7276206	0	0	0
7277458	0	0	0
7277671	0	0	0
7277971	0	0	0
7278143	-1	0	1
7278558	0	0	0
7278562	0	0	0
7278563	0	0	0
7278676	0	0	0
7278683	0	0	0
7279086	0	0	0
7279358	-1	0	1
7280529	0	0	0
7280685	0	0	0
7280947	0	0	0
7280998	0	0	0
7281063	-1	0	1
7281361	0	1	1
7281363	0	0	0
7281940	0	0	0
7282707	0	0	0
7283445	0	1	1
7283447	0	1	1
7283452	0	0	0
7283706	-1	0	1
7285367	0	0	0
7285885	-1	0	1
7287947	0	0	0
7289396	0	0	0
7289621	-1	0	1
7290417	0	0	0
7290419	0	0	0
7291471	0	0	0
7291827	0	0	0
7292023	0	0	0
7292027	0	0	0
7292028	0	0	0
7292752	0	0	0
7292755	0	0	0
7292758	0	0	0
7293334	0	0	0
7293571	-1	0	1
7294069	0	0	0
7294298	0	0	0
7294300	0	0	0
7294301	0	0	0
7294304	0	0	0
7295146	0	0	0
7295153	0	0	0
7296640	0	0	0
7296674	0	0	0
7296676	0	0	0
7296718	0	0	0
7298056	0	0	0
7298225	0	0	0
7298285	0	0	0
7298286	0	0	0
7298833	0	0	0
7298837	0	0	0
7298840	0	0	0
7298861	0	0	0
7298862	0	0	0
7299062	0	0	0
7299094	0	0	0
7299189	0	0	0
7299843	0	0	0
7299891	0	0	0
7300523	0	0	0
7300684	0	0	0
7300896	0	0	0
7301327	0	0	0
7301507	0	0	0
7301585	1	1	0
7302354	1	1	0
7302419	0	0	0
7302937	0	0	0
7303291	0	0	0
7303699	0	0	0
7303704	0	0	0
7303730	0	0	0
7303826	0	0	0
7304160	0	0	0
7305313	0	0	0
7306896	0	0	0
7308236	0	0	0
7308237	0	0	0
7308238	0	0	0
7308239	0	0	0
7308242	0	0	0
7308502	0	0	0
7308503	-1	0	1
7308726	0	0	0
7308729	0	0	0
7309460	0	0	0
7309461	0	0	0
7309463	-1	0	1
7309466	-1	0	1
7309708	0	0	0
7309710	0	0	0
7309712	0	0	0
7309714	0	0	0
7309715	0	0	0
7309716	0	1	1
7309717	-1	0	1
7311256	0	0	0
7311305	0	0	0
7311602	0	0	0
7311605	0	0	0
7311606	0	0	0
7311607	0	0	0
7311622	0	0	0
7311623	0	0	0
7311906	0	0	0
7311978	0	0	0
7312967	-1	0	1
7314148	0	0	0
7314821	0	0	0
7314824	0	0	0
7315074	0	0	0
7315841	0	0	0
7315873	-1	0	1
7315964	0	0	0
7316199	0	0	0
7316200	0	0	0
7316466	0	1	1
7318967	0	0	0
7319065	0	0	0
7319066	0	0	0
7319067	0	0	0
7319068	1	1	0
7319069	0	0	0
7319071	0	0	0
7319072	0	0	0
7319987	0	0	0
7320429	0	0	0
7321225	0	0	0
7321226	-1	0	1
7321228	0	0	0
7321252	0	0	0
7321253	-1	0	1
7321494	0	0	0
7321714	0	0	0
7322716	0	0	0
7322801	0	0	0
7322802	0	0	0
7323662	0	0	0
7324653	0	0	0
7324711	-1	0	1
7324718	0	0	0
7325264	0	0	0
7326021	1	1	0
7326025	-1	0	1
7326068	0	0	0
7326276	0	0	0
7327049	0	0	0
7327144	0	0	0
7327248	0	0	0
7327640	0	0	0
7327643	0	0	0
7327673	0	0	0
7327798	0	0	0
7327801	0	0	0
7327806	0	0	0
7327887	0	0	0
7328048	1	1	0
7328149	-1	0	1
7329159	0	0	0
7329236	0	0	0
7329578	0	0	0
7329643	-1	0	1
7329669	0	0	0
7330038	0	0	0
7331036	0	0	0
7331060	0	0	0
7332320	-1	0	1
7332946	1	1	0
7333136	0	0	0
7333608	0	0	0
7334664	0	0	0
7334666	0	0	0
7334976	0	0	0
7335249	0	0	0
7335250	0	0	0
7335488	0	0	0
7335569	0	0	0
7335570	0	0	0
7335668	0	0	0
7335689	0	0	0
7335716	0	1	1
7335732	0	0	0
7335851	0	0	0
7337513	0	0	0
7337519	0	0	0
7337531	0	0	0
7337533	0	0	0
7337536	0	0	0
7337537	0	0	0
7337538	0	0	0
7337539	0	0	0
7337625	0	0	0
7337627	0	0	0
7337628	0	0	0
7337631	0	0	0
7337632	0	0	0
7337950	0	0	0
7338357	0	0	0
7338358	0	0	0
7338709	0	0	0
7338860	0	0	0
7339683	0	0	0
7339686	0	0	0
7340532	0	0	0
7341898	-1	0	1
7341901	0	0	0
7341994	0	0	0
7342398	0	0	0
7342446	0	0	0
7343574	0	0	0
7343739	0	0	0
7343741	0	0	0
7343801	0	0	0
7343917	0	1	1
7343920	1	1	0
7343923	1	1	0
7344280	0	0	0
7344541	0	0	0
7344544	1	1	0
7344545	0	0	0
7344546	0	0	0
7344547	1	1	0
7344647	0	0	0
7345336	0	0	0
7345526	0	0	0
7345527	0	0	0
7345530	1	1	0
7345535	0	0	0
7346153	0	1	1
7346250	0	0	0
7346300	1	1	0
7346846	0	0	0
7347830	1	1	0
7348007	0	0	0
7348158	0	0	0
7348195	0	0	0
7348916	0	0	0
7349293	0	0	0
7349789	0	0	0
7349791	0	0	0
7349794	1	1	0
7349797	0	0	0
7349861	0	0	0
7350106	0	0	0
7350325	0	0	0
7350548	-1	0	1
7350549	-1	0	1
7350555	1	1	0
7352521	0	0	0
7352522	0	0	0
7352746	-1	0	1
7353440	0	0	0
7354095	0	0	0
7354103	0	0	0
7354990	0	0	0
7354996	0	0	0
7355239	1	1	0
7355417	0	0	0
7355631	-1	0	1
7355636	0	0	0
7356478	0	0	0
7357164	0	0	0
7357793	0	0	0
7357794	0	0	0
7357839	0	0	0
7357840	0	0	0
7357841	0	0	0
7358219	0	0	0
7358553	0	0	0
7359901	1	1	0
7359903	1	1	0
7361147	0	0	0
7361621	0	0	0
7361961	-1	0	1
7362761	0	0	0
7363518	0	0	0
7364453	1	1	0
7365242	0	0	0
7365260	0	0	0
7365265	0	0	0
7366545	0	0	0
7367402	0	0	0
7367407	0	0	0
7367411	0	0	0
7367762	0	0	0
7367843	0	0	0
7367863	-1	0	1
7367864	-1	0	1
7367865	0	1	1
7368558	0	0	0
7368880	0	0	0
7368886	0	0	0
7369955	0	0	0
7370212	0	0	0
7370872	0	0	0
7371255	0	0	0
7371257	0	0	0
7371259	0	0	0
7371261	0	0	0
7371262	0	0	0
7371547	0	0	0
7371548	0	0	0
7371549	-1	0	1
7371551	0	0	0
7371552	0	0	0
7371553	0	0	0
7371555	0	0	0
7371556	0	0	0
7371560	0	0	0
7372216	0	0	0
7372286	0	0	0
7372341	0	0	0
7372614	0	0	0
7372615	0	0	0
7372616	0	0	0
7372617	0	0	0
7372619	1	1	0
7372620	0	0	0
7372623	0	0	0
7372914	0	0	0
7372916	1	1	0
7372917	1	1	0
7372968	0	0	0
7373126	-1	0	1
7373265	1	1	0
7373828	0	0	0
7373990	0	0	0
7374267	0	1	1
7374573	0	0	0
7375842	1	1	0
7376507	-1	0	1
7376511	-1	0	1
7376815	0	0	0
7376829	0	0	0
7377667	0	0	0
7377982	1	1	0
7378916	0	0	0
7380400	0	0	0
7381717	1	1	0
7382002	0	0	0
7382460	0	0	0
7382461	0	0	0
7383676	0	0	0
7383681	0	0	0
7384325	0	0	0
7384331	0	0	0
7384332	0	0	0
7384383	0	0	0
7384812	0	0	0
7385106	0	0	0
7385110	-1	0	1
7385658	0	0	0
7385755	1	1	0
7385779	0	0	0
7385822	0	0	0
7385823	1	1	0
7385956	0	0	0
7386622	-1	0	1
7387024	0	0	0
7387512	0	0	0
7387516	0	0	0
7387742	0	0	0
7389334	0	0	0
7389723	1	1	0
7390016	0	0	0
7391089	0	0	0
7391093	-1	0	1
7391249	0	0	0
7391250	0	0	0
7391257	0	0	0
7392336	0	0	0
7392404	0	0	0
7393666	0	0	0
7393717	0	0	0
7393718	0	0	0
7393720	0	0	0
7393721	0	0	0
7395018	0	0	0
7395158	0	0	0
7395438	0	0	0
7396357	-1	0	1
7398138	0	0	0
7398850	0	0	0
7398852	0	0	0
7399659	-1	0	1
7400320	0	0	0
7400480	0	0	0
7400482	0	0	0
7400797	0	0	0
7401001	0	0	0
7401004	-1	0	1
7401065	0	0	0
7402522	0	0	0
7402818	0	0	0
7403037	0	0	0
7403039	0	0	0
7403454	0	0	0
7403681	0	0	0
7403938	0	0	0
7403939	0	0	0
7404132	0	0	0
7404133	1	1	0
7404194	0	0	0
7404507	0	0	0
7405198	-1	0	1
7405725	0	0	0
7407042	0	0	0
7407044	0	0	0
7407047	0	0	0
7407593	0	0	0
7407803	0	0	0
7407804	0	0	0
7407812	0	0	0
7407932	0	0	0
7407933	0	0	0
7407934	0	0	0
7407935	0	0	0
7407939	0	0	0
7408285	-1	0	1
7408286	0	0	0
7408289	-1	0	1
7408352	0	0	0
7409174	0	0	0
7409301	0	0	0
7409302	0	0	0
7409719	0	0	0
7410392	0	0	0
7410395	0	0	0
7410452	0	0	0
7410627	0	0	0
7410842	0	0	0
7411149	0	0	0
7411555	0	0	0
7411653	0	0	0
7412208	0	0	0
7412824	0	0	0
7412893	0	0	0
7413841	0	0	0
7413847	0	0	0
7413997	0	0	0
7414154	0	0	0
7414369	0	1	1
7415014	0	0	0
7415040	0	0	0
7415312	-1	0	1
7415313	-1	0	1
7415317	-1	0	1
7415319	-1	0	1
7415320	0	0	0
7415321	0	0	0
7415963	0	0	0
7416124	1	1	0
7417276	0	0	0
7419776	0	0	0
7419930	0	0	0
7420364	0	0	0
7420455	0	0	0
7420459	0	0	0
7420460	0	0	0
7420513	0	0	0
7420518	0	0	0
7420521	0	0	0
7421044	0	0	0
7422489	0	0	0
7422491	0	0	0
7423523	0	0	0
7423728	0	0	0
7423750	0	0	0
7423816	0	0	0
7424005	0	0	0
7424974	0	0	0
7425496	0	1	1
7425497	1	1	0
7425510	0	0	0
7425606	0	0	0
7425983	-1	0	1
7427908	-1	0	1
7427912	0	0	0
7427918	0	0	0
7428143	0	0	0
7428146	0	0	0
7428148	0	0	0
7428178	0	0	0
7428350	0	1	1
7428970	0	0	0
7428971	0	0	0
7428972	0	0	0
7428973	0	0	0
7428974	0	0	0
7428976	0	1	1
7428977	0	0	0
7428978	0	0	0
7429332	0	1	1
7429376	0	0	0
7429386	-1	0	1
7430463	0	0	0
7431204	0	0	0
7431533	0	0	0
7431541	0	0	0
7432289	0	0	0
7432404	0	0	0
7432545	0	0	0
7432847	0	0	0
7433503	0	0	0
7433505	0	0	0
7433506	0	0	0
7433507	0	0	0
7433508	0	0	0
7433509	0	0	0
7433510	0	0	0
7433511	1	1	0
7433512	0	0	0
7433569	0	0	0
7433728	0	0	0
7433747	0	0	0
7435515	0	0	0
7436475	-1	0	1
7437732	0	0	0
7439603	0	0	0
7439635	-1	0	1
7439637	0	0	0
7439639	-1	0	1
7440123	-1	0	1
7440267	0	0	0
7441170	0	0	0
7441256	0	0	0
7441257	0	0	0
7441854	0	0	0
7442037	0	0	0
7442286	0	0	0
7442341	0	0	0
7442342	0	0	0
7442343	0	0	0
7442344	0	0	0
7442384	0	0	0
7442432	0	0	0
7443586	0	0	0
7443588	0	0	0
7443837	0	0	0
7443838	0	0	0
7443839	0	0	0
7443841	0	0	0
7443842	0	0	0
7443843	0	0	0
7444330	0	0	0
7444620	0	0	0
7444773	0	0	0
7444949	0	0	0
7445130	0	1	1
7445247	0	0	0
7445248	0	0	0
7446374	0	0	0
7446686	0	0	0
7446807	0	0	0
7446940	-1	0	1
7446942	-1	0	1
7447006	0	0	0
7447008	0	0	0
7447106	0	0	0
7447417	0	0	0
7447992	0	0	0
7448438	0	0	0
7449256	0	0	0
7449320	0	0	0
7449744	0	0	0
7449750	0	0	0
7449751	0	0	0
7449752	0	0	0
7449766	0	0	0
7449808	0	0	0
7449826	-1	0	1
7449970	0	0	0
7449976	0	0	0
7449979	0	0	0
7450080	0	0	0
7450265	0	0	0
7450780	0	0	0
7450781	0	0	0
7450782	-1	0	1
7451356	0	0	0
7451358	-1	0	1
7451364	-1	0	1
7451962	0	0	0
7452018	0	0	0
7452021	0	0	0
7452420	0	0	0
7452434	0	0	0
7452710	0	0	0
7452711	0	0	0
7452901	0	0	0
7453221	1	1	0
7453223	1	1	0
7453231	0	0	0
7453813	0	0	0
7453815	0	0	0
7453976	0	0	0
7456079	0	0	0
7456197	0	0	0
7456463	0	0	0
7456516	0	0	0
7456957	0	0	0
7456959	-1	0	1
7457203	0	0	0
7458361	0	0	0
7458362	0	0	0
7458363	0	0	0
7458364	0	0	0
7458365	0	0	0
7458366	0	0	0
7458368	0	0	0
7458369	0	0	0
7458370	0	0	0
7460476	1	1	0
7460481	0	0	0
7460675	-1	0	1
7460911	0	0	0
7461322	0	0	0
7461596	0	0	0
7461773	-1	0	1
7462737	0	0	0
7462799	0	0	0
7463107	0	0	0
7463683	0	0	0
7463905	0	0	0
7463907	0	0	0
7463908	0	0	0
7464478	0	0	0
7464483	0	0	0
7464485	0	0	0
7464487	0	0	0
7464705	0	0	0
7464707	0	0	0
7465166	0	0	0
7465970	0	0	0
7466096	0	0	0
7466097	-1	0	1
7466099	-1	0	1
7466101	0	0	0
7466102	-1	0	1
7466158	0	0	0
7466283	0	0	0
7466285	0	0	0
7466312	0	1	1
7466317	-1	0	1
7466318	-1	0	1
7466871	0	0	0
7467409	0	0	0
7467647	0	0	0
7468217	0	0	0
7468365	-1	0	1
7468530	0	0	0
7468769	-1	0	1
7469961	0	0	0
7470534	-1	0	1
7470539	0	0	0
7470667	0	0	0
7471569	0	0	0
7471570	0	0	0
7471927	0	0	0
7472331	0	0	0
7473206	1	1	0
7473614	0	0	0
7474066	0	0	0
7474469	-1	0	1
7474490	0	0	0
7474953	1	1	0
7474958	1	1	0
7475386	0	0	0
7475629	0	0	0
7476018	0	0	0
7476103	0	0	0
7477084	0	0	0
7477135	0	0	0
7477359	0	0	0
7477362	0	0	0
7477363	0	0	0
7477569	0	0	0
7477698	0	0	0
7477700	-1	0	1
7477702	-1	0	1
7477703	0	0	0
7477704	-1	0	1
7477707	-1	0	1
7478160	0	0	0
7478859	0	0	0
7479905	0	0	0
7480284	0	0	0
7480288	0	0	0
7480318	0	0	0
7480532	0	0	0
7480774	0	0	0
7480775	0	0	0
7480962	0	0	0
7481386	0	0	0
7481589	0	0	0
7481758	0	0	0
7482603	0	0	0
7482820	-1	0	1
7484996	0	0	0
7485202	0	0	0
7487948	1	1	0
7489387	0	0	0
7489389	0	0	0
7489390	0	0	0
7489394	1	1	0
7489488	0	0	0
7490906	1	1	0
7490950	0	0	0
7491057	0	0	0
7491058	0	0	0
7491060	0	0	0
7491900	1	1	0
7492074	0	0	0
7492118	1	1	0
7492748	0	0	0
7492752	0	0	0
7492755	0	0	0
7493062	0	0	0
7494740	0	0	0
7494741	0	0	0
7494743	0	0	0
7494746	-1	0	1
7494747	0	0	0
7494748	1	1	0
7494749	0	0	0
7495452	0	0	0
7495453	1	1	0
7495455	1	1	0
7495458	0	0	0
7495474	0	0	0
7495475	0	0	0
7495476	0	0	0
7495478	0	0	0
7495480	0	0	0
7495481	0	0	0
7495482	0	0	0
7496014	0	0	0
7496079	0	0	0
7496781	0	0	0
7497025	0	0	0
7497689	0	0	0
7497690	0	0	0
7497693	0	0	0
7497697	0	0	0
7498264	0	0	0
7498366	-1	0	1
7498483	0	0	0
7498962	0	0	0
7499087	0	0	0
7499091	0	0	0
7499149	0	1	1
7499469	0	1	1
7499676	0	0	0
7499678	0	0	0
7500671	0	0	0
7500672	0	0	0
7500848	0	0	0
7500850	0	0	0
7500851	0	0	0
7500870	0	0	0
7501557	0	0	0
7501558	0	0	0
7501560	0	0	0
7501563	0	0	0
7502223	0	0	0
7502365	0	0	0
7502683	0	0	0
7502809	0	0	0
7502817	0	0	0
7503582	0	0	0
7503944	0	0	0
7504275	0	0	0
7504277	0	0	0
7504280	0	0	0
7504356	-1	0	1
7504358	0	0	0
7504359	-1	0	1
7504360	-1	0	1
7504717	0	0	0
7504806	0	0	0
7504820	0	0	0
7504821	0	0	0
7504822	0	0	0
7504823	0	0	0
7504825	0	0	0
7504826	0	0	0
7504827	0	0	0
7504936	-1	0	1
7504939	-1	0	1
7504944	-1	0	1
7506026	0	0	0
7506028	0	0	0
7506425	0	0	0
7507523	0	0	0
7509690	0	0	0
7509786	0	0	0
7510020	0	0	0
7510550	0	0	0
7510922	1	1	0
7511184	0	0	0
7511504	0	0	0
7511505	0	0	0
7511506	0	0	0
7511507	-1	0	1
7511508	0	0	0
7511509	0	0	0
7511510	0	0	0
7511511	0	0	0
7511512	0	0	0
7511513	-1	0	1
7512655	0	0	0
7512658	0	0	0
7512660	0	0	0
7512663	0	0	0
7512853	0	0	0
7513002	0	0	0
7513005	0	0	0
7513007	0	0	0
7513595	0	0	0
7513596	0	0	0
7513597	0	0	0
7514088	0	0	0
7514089	0	0	0
7514661	0	0	0
7514663	0	0	0
7515605	0	0	0
7516193	0	0	0
7516709	0	0	0
7517694	0	0	0
7517797	0	0	0
7517863	0	0	0
7517864	0	0	0
7517865	0	0	0
7517869	0	0	0
7517871	0	0	0
7517933	0	0	0
7517935	0	0	0
7517975	0	0	0
7517977	0	0	0
7517978	-1	0	1
7517979	-1	0	1
7518950	0	0	0
7519078	0	0	0
7519470	0	0	0
7519565	0	0	0
7519566	0	0	0
7519614	0	0	0
7520672	0	0	0
7521343	0	0	0
7521348	0	0	0
7523001	0	0	0
7523003	0	0	0
7523005	0	0	0
7523007	-1	0	1
7523008	-1	0	1
7523009	-1	0	1
7523553	-1	0	1
7524250	0	0	0
7524941	-1	0	1
7524942	0	0	0
7524970	0	0	0
7524971	0	0	0
7524972	0	0	0
7524975	0	0	0
7524976	0	0	0
7524978	0	0	0
7524979	0	0	0
7525988	0	0	0
7526036	-1	0	1
7526038	-1	0	1
7526041	-1	0	1
7526229	0	0	0
7526406	1	1	0
7526407	1	1	0
7526408	0	1	1
7526411	1	1	0
7526955	0	0	0
7526958	0	0	0
7526959	0	0	0
7527097	0	0	0
7527098	0	0	0
7527100	0	0	0
7527101	0	0	0
7527102	0	0	0
7527106	0	0	0
7527814	-1	0	1
7527825	0	0	0
7527837	0	0	0
7527866	0	0	0
7527868	0	0	0
7528407	0	0	0
7528853	0	0	0
7529290	0	0	0
7529382	0	0	0
7529400	0	0	0
7529434	0	0	0
7530107	0	0	0
7530159	0	0	0
7530246	-1	0	1
7530702	0	0	0
7531296	0	0	0
7532043	0	0	0
7533477	0	0	0
7534461	0	0	0
7534998	0	0	0
7535251	-1	0	1
7536245	0	0	0
7536796	1	1	0
7537354	0	0	0
7537420	0	0	0
7537428	0	0	0
7537430	0	0	0
7537602	0	0	0
7537603	0	0	0
7537973	0	0	0
7538144	0	0	0
7538489	0	0	0
7538893	0	0	0
7539030	0	1	1
7539032	0	0	0
7539034	-1	0	1
7539505	0	0	0
7541107	0	0	0
7541517	0	0	0
7541574	-1	0	1
7541576	-1	0	1
7541916	0	0	0
7542008	0	0	0
7542666	0	0	0
7543030	-1	0	1
7543043	0	0	0
7543055	-1	0	1
7543204	0	0	0
7543448	0	0	0
7544160	0	0	0
7544516	0	0	0
7544519	1	1	0
7544522	0	0	0
7544523	0	0	0
7544524	0	0	0
7544862	0	0	0
7545882	0	0	0
7546878	0	0	0
7547056	0	0	0
7547093	0	0	0
7547100	0	0	0
7547145	0	0	0
7548183	0	0	0
7548320	0	0	0
7548323	0	0	0
7548329	0	0	0
7548332	0	0	0
7548436	0	0	0
7548779	1	1	0
7549201	0	0	0
7549208	0	0	0
7549419	0	0	0
7549658	0	0	0
7550022	0	0	0
7550850	0	0	0
7551047	0	0	0
7551053	0	1	1
7551054	0	0	0
7551273	0	0	0
7552174	0	0	0
7552573	0	0	0
7552619	0	0	0
7553552	0	0	0
7553739	0	0	0
7553863	0	0	0
7554039	0	0	0
7554966	0	0	0
7555660	0	0	0
7555839	0	0	0
7556122	-1	0	1
7556377	0	0	0
7556550	1	1	0
7556720	0	0	0
7557672	0	0	0
7557957	0	0	0
7558215	0	0	0
7558216	0	0	0
7558218	0	0	0
7558219	0	0	0
7558515	-1	0	1
7558519	0	0	0
7559187	0	0	0
7559359	0	0	0
7560466	-1	0	1
7560467	-1	0	1
7560468	-1	0	1
7560469	-1	0	1
7560470	-1	0	1
7560678	0	0	0
7560707	0	0	0
7560922	0	0	0
7560923	0	0	0
7560924	0	0	0
7560926	0	0	0
7560928	0	0	0
7561737	0	0	0
7562549	0	0	0
7562743	0	0	0
7562747	0	0	0
7562749	0	0	0
7562795	0	0	0
7563397	0	0	0
7563399	0	0	0
7565014	0	0	0
7565402	0	0	0
7565961	-1	0	1
7566736	0	0	0
7566856	0	0	0
7566857	0	0	0
7566858	0	0	0
7566859	0	0	0
7566860	0	0	0
7566965	0	0	0
7568197	0	0	0
7568201	0	0	0
7569072	0	0	0
7569216	0	1	1
7569220	0	1	1
7569221	1	1	0
7569224	0	0	0
7569225	0	0	0
7570524	0	0	0
7570708	0	0	0
7570836	0	0	0
7570911	0	0	0
7571873	-1	0	1
7572010	0	0	0
7572013	0	0	0
7572520	0	0	0
7572523	0	0	0
7572524	0	0	0
7572759	-1	0	1
7573466	0	0	0
7573763	-1	0	1
7573770	0	0	0
7574313	0	0	0
7574976	0	0	0
7574978	1	1	0
7574979	1	1	0
7575711	0	0	0
7576426	0	0	0
7576574	0	0	0
7576627	0	0	0
7576663	0	0	0
7576873	0	0	0
7576910	0	0	0
7577795	0	0	0
7577796	0	0	0
7577797	0	0	0
7577800	0	0	0
7577801	0	0	0
7578217	0	0	0
7578601	0	0	0
7578706	0	1	1
7578708	0	1	1
7578709	1	1	0
7578711	0	1	1
7579229	0	0	0
7579346	0	1	1
7579347	0	0	0
7579348	0	0	0
7579349	0	1	1
7579350	0	0	0
7579351	0	0	0
7579392	0	0	0
7579651	0	0	0
7581101	0	0	0
7581484	0	0	0
7581961	1	1	0
7582624	0	0	0
7582967	0	0	0
7583024	0	0	0
7583513	0	0	0
7583757	0	0	0
7584378	1	1	0
7584973	1	1	0
7585232	0	0	0
7585233	0	0	0
7586497	0	0	0
7586498	0	0	0
7586499	0	0	0
7586501	0	0	0
7586922	0	0	0
7586925	0	0	0
7587032	0	0	0
7588040	0	0	0
7588230	0	0	0
7588312	0	0	0
7588355	1	1	0
7588781	0	0	0
7588883	0	0	0
7589172	0	0	0
7589690	0	0	0
7590033	0	0	0
7590396	0	0	0
7590478	0	0	0
7590528	0	0	0
7590556	0	0	0
7590942	0	0	0
7593149	0	0	0
7593615	0	0	0
7593697	0	0	0
7593706	0	0	0
7594352	0	0	0
7594404	1	1	0
7594830	0	0	0
7596721	0	0	0
7596723	0	0	0
7596725	0	0	0
7596726	0	0	0
7596866	0	0	0
7596940	0	0	0
7597002	0	1	1
7597197	0	1	1
7597265	0	0	0
7598628	0	0	0
7598980	0	0	0
7599233	0	0	0
7599655	0	0	0
7600045	-1	0	1
7600251	-1	0	1
7600667	0	0	0
7600784	0	0	0
7600847	0	0	0
7601196	0	0	0
7601197	0	0	0
7601198	-1	0	1
7601199	0	0	0
7601200	1	1	0
7601201	0	0	0
7601202	1	1	0
7601204	0	0	0
7601205	0	0	0
7601213	0	0	0
7601244	0	0	0
7601970	0	0	0
7602252	0	0	0
7602602	-1	0	1
7602656	0	0	0
7603169	0	0	0
7603429	0	0	0
7603737	0	0	0
7603931	0	0	0
7604648	0	0	0
7604654	0	0	0
7606233	1	1	0
7607181	0	0	0
7607479	1	1	0
7607635	0	0	0
7607669	0	0	0
7607808	0	0	0
7609042	0	0	0
7609497	1	1	0
7609528	0	0	0
7609740	0	0	0
7609926	0	0	0
7609928	0	0	0
7609930	0	0	0
7610496	-1	0	1
7610638	0	0	0
7610748	0	0	0
7612388	0	0	0
7612765	0	0	0
7612930	0	0	0
7612931	0	0	0
7612932	0	0	0
7612935	0	0	0
7612937	0	0	0
7613151	-1	0	1
7613165	0	0	0
7613380	0	0	0
7614845	0	0	0
7615007	0	0	0
7615595	-1	0	1
7616100	0	0	0
7616287	0	0	0
7616492	0	0	0
7617065	0	0	0
7617172	0	0	0
7617321	0	0	0
7617871	1	1	0
7618006	1	1	0
7618008	1	1	0
7618243	0	0	0
7618315	0	0	0
7618424	0	0	0
7618471	0	0	0
7618520	-1	0	1
7618564	0	0	0
7619226	0	0	0
7619227	1	1	0
7619228	1	1	0
7619231	1	1	0
7619232	0	0	0
7619621	0	0	0
7619938	0	0	0
7620056	0	0	0
7620276	-1	0	1
7621543	0	0	0
7621954	0	0	0
7622092	0	0	0
7622099	0	0	0
7623347	0	0	0
7623788	0	0	0
7623943	0	0	0
7624616	0	0	0
7624855	0	0	0
7625106	0	0	0
7626042	0	0	0
7626043	0	0	0
7626044	0	0	0
7627971	0	0	0
7627976	0	0	0
7627977	-1	0	1
7627981	0	0	0
7628693	0	0	0
7629221	0	0	0
7629406	0	0	0
7629712	0	0	0
7629788	0	0	0
7629821	0	0	0
7630775	0	0	0
7631353	1	1	0
7631357	0	0	0
7631550	0	0	0
7631553	0	0	0
7631554	0	0	0
7631555	0	0	0
7632063	0	0	0
7632672	0	0	0
7632691	0	0	0
7633038	0	0	0
7633908	0	0	0
7634213	0	0	0
7634833	0	0	0
7634870	0	0	0
7635425	0	0	0
7635678	0	0	0
7636102	0	0	0
7636280	0	0	0
7636995	0	0	0
7637132	0	0	0
7637238	1	1	0
7637811	0	0	0
7637850	0	1	1
7638487	0	0	0
7638671	0	0	0
7638672	0	0	0
7638713	0	0	0
7638720	0	0	0
7638774	0	0	0
7638777	0	0	0
7638782	0	0	0
7640265	0	0	0
7640942	0	0	0
7641255	0	0	0
7642313	0	0	0
7642602	0	0	0
7642820	0	0	0
7642821	0	0	0
7642822	-1	0	1
7642824	1	1	0
7642825	0	0	0
7642826	0	0	0
7642828	0	0	0
7643828	0	0	0
7644247	0	0	0
7644251	0	0	0
7644426	0	0	0
7644458	0	0	0
7645142	0	0	0
7645143	0	0	0
7645144	0	0	0
7645146	1	1	0
7645147	0	0	0
7645195	0	0	0
7645462	0	0	0
7645762	0	0	0
7646275	0	0	0
7646321	0	0	0
7646390	0	0	0
7647281	0	0	0
7647284	0	0	0
7647286	0	0	0
7647413	0	0	0
7647417	0	0	0
7647419	0	0	0
7647420	0	1	1
7647422	0	0	0
7647508	0	0	0
7648564	0	0	0
7648820	0	0	0
7649542	0	0	0
7650675	-1	0	1
7650702	0	0	0
7650704	0	0	0
7650705	0	0	0
7650707	0	0	0
7651469	0	0	0
7651588	0	0	0
7651589	0	0	0
7651592	0	0	0
7651593	0	0	0
7651601	0	0	0
7651692	-1	0	1
7653381	-1	0	1
7653387	-1	0	1
7653388	0	0	0
7653809	0	0	0
7653976	0	0	0
7653978	1	1	0
7654027	0	0	0
7655251	0	0	0
7656931	0	0	0
7658746	0	0	0
7659318	0	0	0
7659323	0	0	0
7659464	0	0	0
7659880	0	0	0
7659951	0	0	0
7660724	0	0	0
7660728	0	0	0
7661280	0	0	0
7662938	0	0	0
7663852	0	0	0
7663853	0	0	0
7663856	0	0	0
7663904	0	0	0
7663909	0	0	0
7664023	0	0	0
7664054	0	0	0
7664847	0	0	0
7664848	0	0	0
7664851	0	0	0
7664973	0	0	0
7665015	0	0	0
7665746	0	0	0
7665982	0	0	0
7666175	0	0	0
7666228	0	0	0
7666267	0	0	0
7666364	0	0	0
7666828	0	0	0
7666831	0	0	0
7666911	0	0	0
7668641	0	0	0
7669191	-1	0	1
7669194	-1	0	1
7669195	-1	0	1
7669197	-1	0	1
7671035	0	0	0
7671038	0	0	0
7671449	0	0	0
7672319	0	0	0
7672320	0	0	0
7672321	0	0	0
7672322	0	0	0
7672323	0	0	0
7672326	0	0	0
7673128	0	0	0
7674858	0	0	0
7675029	0	0	0
7675604	0	0	0
7676049	0	0	0
7676073	0	0	0
7677123	0	0	0
7677975	-1	0	1
7678005	0	0	0
7678189	0	0	0
7678474	1	1	0
7678919	0	0	0
7679286	0	0	0
7679766	0	0	0
7680129	0	0	0
7680811	0	0	0
7680891	0	0	0
7680897	0	0	0
7681139	1	1	0
7681230	0	0	0
7681581	0	0	0
7681858	0	0	0
7681936	0	0	0
7682404	0	0	0
7683817	0	0	0
7683879	0	0	0
7684509	0	0	0
7684776	0	1	1
7685290	0	0	0
7685380	-1	0	1
7685383	0	0	0
7685384	0	0	0
7685385	0	0	0
7685935	0	0	0
7686040	1	1	0
7686044	0	0	0
7686045	0	0	0
7686132	-1	0	1
7686338	0	0	0
7687086	0	0	0
7687443	0	0	0
7687445	0	0	0
7688465	0	0	0
7688471	0	0	0
7689316	0	0	0
7689323	0	0	0
7689465	0	0	0
7689468	-1	0	1
7689966	0	0	0
7689968	0	0	0
7690019	0	0	0
7690138	0	0	0
7690140	0	0	0
7690141	0	0	0
7690142	0	0	0
7690144	0	1	1
7690856	0	0	0
7690967	0	0	0
7691544	0	0	0
7691791	0	0	0
7692043	0	0	0
7692223	0	0	0
7692666	0	0	0
7692667	0	0	0
7692668	1	1	0
7692669	0	0	0
7692670	0	0	0
7692671	0	0	0
7692672	1	1	0
7692673	0	0	0
7694170	-1	0	1
7695217	0	0	0
7696346	0	0	0
7696359	0	0	0
7696609	0	0	0
7697014	0	0	0
7697041	0	0	0
7697336	0	0	0
7697338	0	0	0
7697341	0	0	0
7697342	1	1	0
7697343	1	1	0
7697345	-1	0	1
7697510	0	0	0
7697723	0	0	0
7697725	0	0	0
7697859	1	1	0
7698193	0	0	0
7698269	0	0	0
7698499	0	0	0
7698501	0	0	0
7699204	0	0	0
7699294	0	0	0
7699478	-1	0	1
7699481	-1	0	1
7699519	0	0	0
7699540	0	0	0
7699772	0	0	0
7700017	0	0	0
7700266	0	0	0
7700267	0	0	0
7700357	0	0	0
7700392	0	0	0
7700981	0	0	0
7700982	0	0	0
7700986	0	0	0
7700987	0	0	0
7700990	0	0	0
7701350	0	0	0
7701351	0	1	1
7701383	1	1	0
7701385	1	1	0
7702162	0	0	0
7702334	0	0	0
7702866	0	0	0
7703397	0	0	0
7704165	0	0	0
7706711	0	0	0
7707868	0	0	0
7708289	0	0	0
7708291	0	0	0
7708322	0	0	0
7708326	0	0	0
7708723	0	0	0
7708922	0	0	0
7709187	1	1	0
7709188	0	0	0
7709189	1	1	0
7709190	0	1	1
7709191	0	0	0
7709192	1	1	0
7709193	1	1	0
7709195	0	0	0
7709818	0	0	0
7709819	0	0	0
7709820	0	0	0
7709821	0	1	1
7710054	0	0	0
7710055	0	0	0
7710057	0	0	0
7710058	0	0	0
7710059	0	0	0
7710314	0	0	0
7711479	0	0	0
7711569	0	0	0
7711570	0	0	0
7711572	0	0	0
7711573	0	0	0
7711574	0	0	0
7711575	0	0	0
7711576	0	0	0
7711577	0	0	0
7711578	0	0	0
7711735	0	0	0
7712131	0	0	0
7712134	0	0	0
7713399	0	0	0
7713724	0	0	0
7714993	1	1	0
7714994	0	0	0
7714997	1	1	0
7715002	1	1	0
7715335	0	0	0
7715715	0	0	0
7715717	0	0	0
7715719	0	0	0
7715720	0	0	0
7715722	0	0	0
7716857	0	0	0
7717723	0	0	0
7717817	0	0	0
7718483	0	0	0
7718911	1	1	0
7718912	0	0	0
7718913	0	0	0
7718914	0	0	0
7718915	0	0	0
7718916	0	0	0
7718917	0	0	0
7718918	0	0	0
7718919	0	0	0
7718920	0	0	0
7720082	0	0	0
7720116	0	0	0
7720119	0	0	0
7720520	0	1	1
7721658	0	0	0
7721660	0	0	0
7721667	0	0	0
7721864	0	0	0
7723048	0	0	0
7724049	0	0	0
7725509	0	0	0
7726608	0	0	0
7726655	0	0	0
7726926	0	0	0
7727457	0	0	0
7727462	0	0	0
7727464	0	0	0
7727730	0	0	0
7728084	0	0	0
7728388	0	0	0
7728645	-1	0	1
7729471	0	0	0
7730354	0	0	0
7730696	0	0	0
7730698	0	0	0
7731433	-1	0	1
7732338	0	0	0
7732745	0	0	0
7732843	0	0	0
7732844	0	0	0
7732988	0	0	0
7733421	0	0	0
7733914	0	0	0
7734606	0	0	0
7735305	0	0	0
7735723	-1	0	1
7735811	0	0	0
7736077	0	0	0
7736479	0	0	0
7737427	-1	0	1
7738377	0	0	0
7738379	0	0	0
7738382	0	0	0
7740535	0	0	0
7741663	0	0	0
7741724	0	0	0
7742027	0	0	0
7742098	0	0	0
7743120	0	0	0
7743442	0	0	0
7745375	-1	0	1
7745780	0	0	0
7746495	0	0	0
7746778	0	0	0
7747055	0	0	0
7747792	0	0	0
7747884	0	0	0
7748146	0	0	0
7749126	0	0	0
7749127	0	0	0
7749943	0	0	0
7750205	0	0	0
7751593	0	1	1
7751819	0	0	0
7751820	0	0	0
7752722	0	0	0
7752907	0	0	0
7753710	0	0	0
7753713	0	0	0
7754201	0	0	0
7754394	0	0	0
7754531	0	0	0
7757096	0	0	0
7757235	0	0	0
7757239	0	0	0
7757513	0	0	0
7757663	1	1	0
7757664	1	1	0
7757665	0	1	1
7757666	1	1	0
7757667	0	0	0
7757734	-1	0	1
7758287	1	1	0
7758288	0	0	0
7758289	0	0	0
7758587	0	0	0
7759094	0	0	0
7760365	0	0	0
7760482	0	0	0
7761254	0	0	0
7761257	0	0	0
7761353	0	0	0
7761789	0	0	0
7761876	0	0	0
7761877	0	0	0
7761878	0	0	0
7761879	0	0	0
7761880	0	0	0
7761881	0	0	0
7761906	0	0	0
7762501	0	0	0
7762740	0	0	0
7763438	0	0	0
7765229	0	0	0
7765461	1	1	0
7765697	-1	0	1
7765845	0	0	0
7765979	-1	0	1
7766730	0	0	0
7766735	0	0	0
7766737	0	0	0
7767280	1	1	0
7768238	0	0	0
7768885	0	0	0
7769565	1	1	0
7769643	0	0	0
7769727	0	0	0
7769728	0	0	0
7769732	0	0	0
7770973	0	0	0
7771374	0	0	0
7771672	-1	0	1
7771781	0	0	0
7771871	0	0	0
7771872	-1	0	1
7771875	-1	0	1
7772316	0	0	0
7772317	-1	0	1
7772375	0	0	0
7772376	0	0	0
7772379	0	0	0
7772500	0	0	0
7772553	0	1	1
7772793	0	0	0
7773044	0	0	0
7774141	-1	0	1
7774142	0	1	1
7774318	0	0	0
7774915	0	0	0
7776016	0	0	0
7777095	-1	0	1
7777478	0	0	0
7777480	0	0	0
7777488	0	0	0
7777781	0	0	0
7777890	0	0	0
7778381	0	0	0
7778816	0	0	0
7780191	0	1	1
7780225	-1	0	1
7781110	1	1	0
7781111	-1	0	1
7781112	0	1	1
7781113	0	0	0
7781115	0	0	0
7781129	0	0	0
7781424	0	0	0
7781503	0	0	0
7781642	0	0	0
7781703	0	0	0
7782122	0	1	1
7782158	1	1	0
7782159	0	0	0
7782160	0	1	1
7782162	0	1	1
7782163	0	1	1
7782166	0	0	0
7782167	0	1	1
7782417	0	0	0
7783200	0	0	0
7784306	0	0	0
7784653	0	0	0
7784741	0	0	0
7784927	0	1	1
7784929	0	0	0
7784932	0	0	0
7784933	0	0	0
7784934	0	0	0
7784935	0	0	0
7785214	0	0	0
7785217	0	0	0
7785218	-1	0	1
7786370	0	0	0
7786884	1	1	0
7786916	0	0	0
7786917	0	0	0
7787747	0	0	0
7788925	0	0	0
7789879	1	1	0
7791037	0	0	0
7791041	0	0	0
7791042	-1	0	1
7791044	-1	0	1
7791422	1	1	0
7791423	-1	0	1
7791430	0	0	0
7791624	0	0	0
7791779	0	0	0
7791901	-1	0	1
7792099	0	0	0
7792250	0	0	0
7792347	0	0	0
7792349	0	0	0
7792350	0	0	0
7792352	0	0	0
7792353	-1	0	1
7792354	0	0	0
7792355	0	0	0
7792356	0	0	0
7792405	0	0	0
7792696	0	0	0
7793258	0	0	0
7793262	0	0	0
7793498	0	0	0
7794501	0	0	0
7796010	0	0	0
7796012	0	0	0
7796049	0	0	0
7796942	1	1	0
7796989	0	0	0
7797872	-1	0	1
7797902	0	0	0
7798140	0	0	0
7798150	0	0	0
7798240	0	0	0
7798409	0	0	0
7798798	0	0	0
7799609	1	1	0
7800016	0	0	0
7800432	0	0	0
7800816	0	0	0
7800959	0	0	0
7801431	0	0	0
7802390	0	0	0
7802391	1	1	0
7802393	0	0	0
7802396	1	1	0
7802397	0	0	0
7803033	0	0	0
7803177	-1	0	1
7803297	0	0	0
7803300	0	0	0
7803389	0	0	0
7803429	0	0	0
7803466	0	0	0
7804169	0	0	0
7804586	0	0	0
7804761	0	0	0
7805123	0	0	0
7805490	0	0	0
7805492	0	1	1
7806221	0	0	0
7806222	0	0	0
7806329	-1	0	1
7806332	0	0	0
7806666	0	0	0
7806712	0	0	0
7807003	0	0	0
7807005	1	1	0
7807006	1	1	0
7807007	0	0	0
7807008	0	0	0
7807010	0	0	0
7807021	0	0	0
7808284	0	0	0
7809195	0	0	0
7809198	-1	0	1
7809398	-1	0	1
7809690	0	0	0
7809799	0	0	0
7809801	0	0	0
7813852	0	0	0
7814594	0	1	1
7815303	0	0	0
7815626	-1	0	1
7815714	0	0	0
7816271	0	1	1
7816272	0	0	0
7816278	1	1	0
7816726	0	0	0
7817194	0	0	0
7817382	-1	0	1
7817386	-1	0	1
7817987	0	0	0
7818016	0	0	0
7818017	0	0	0
7818266	-1	0	1
7819332	-1	0	1
7819334	-1	0	1
7819336	-1	0	1
7819460	0	0	0
7819789	0	0	0
7821191	-1	0	1
7822244	0	0	0
7823538	-1	0	1
7824028	1	1	0
7824029	-1	0	1
7824031	0	0	0
7824568	-1	0	1
7824790	0	0	0
7824961	0	0	0
7825542	0	0	0
7827085	0	0	0
7827087	0	0	0
7827088	1	1	0
7827091	0	0	0
7827338	0	0	0
7827341	0	0	0
7827443	0	0	0
7827615	0	0	0
7827616	0	0	0
7828770	0	0	0
7829535	0	0	0
7830092	0	0	0
7830093	0	0	0
7830285	0	0	0
7830286	0	0	0
7830288	0	0	0
7830289	0	0	0
7830290	1	1	0
7830741	1	1	0
7830742	1	1	0
7831176	0	0	0
7831974	-1	0	1
7832494	0	0	0
7832870	0	0	0
7832911	0	0	0
7833614	-1	0	1
7834049	0	0	0
7834338	0	0	0
7834728	0	0	0
7834733	0	0	0
7834734	0	0	0
7834735	0	0	0
7834736	0	0	0
7834807	0	0	0
7835369	0	0	0
7835810	0	0	0
7837084	0	0	0
7837086	0	0	0
7837274	0	0	0
7837276	0	0	0
7837277	0	0	0
7837278	0	0	0
7837279	0	0	0
7837280	0	0	0
7837282	0	0	0
7837283	0	0	0
7837445	0	0	0
7837446	-1	0	1
7837447	1	1	0
7837448	-1	0	1
7837450	0	0	0
7837451	0	0	0
7837452	-1	0	1
7838197	0	0	0
7838333	0	0	0
7838378	-1	0	1
7838722	0	0	0
7838751	0	1	1
7838823	0	0	0
7838825	0	0	0
7838826	-1	0	1
7838829	0	0	0
7838951	0	0	0
7839903	0	0	0
7839904	0	0	0
7839905	0	0	0
7839906	0	0	0
7839907	0	0	0
7839908	0	0	0
7839910	0	0	0
7839911	0	0	0
7840019	0	0	0
7840022	0	0	0
7840078	0	1	1
7841143	0	0	0
7842711	0	0	0
7842714	0	0	0
7843982	0	0	0
7843984	0	0	0
7845195	0	0	0
7845639	0	0	0
7846723	-1	0	1
7847151	0	0	0
7847534	0	0	0
7847538	0	0	0
7847785	0	0	0
7847786	0	0	0
7847908	0	0	0
7848677	0	0	0
7849079	-1	0	1
7849082	0	0	0
7849245	0	0	0
7849817	0	0	0
7850420	-1	0	1
7850828	0	0	0
7851455	-1	0	1
7851625	-1	0	1
7851748	0	0	0
7853736	0	0	0
7853739	0	0	0
7854423	0	0	0
7855090	0	0	0
7855094	0	0	0
7855098	0	0	0
7855165	0	0	0
7855202	0	0	0
7855205	0	0	0
7855207	1	1	0
7855209	0	0	0
7857123	0	0	0
7857296	0	0	0
7857297	0	0	0
7857298	0	0	0
7857299	0	0	0
7857300	0	0	0
7857301	0	0	0
7857302	0	0	0
7857303	0	1	1
7857304	1	1	0
7857511	0	0	0
7857568	0	0	0
7857629	0	0	0
7857631	0	0	0
7857632	0	0	0
7857634	0	0	0
7858022	0	0	0
7858026	0	0	0
7858029	0	0	0
7858599	0	0	0
7858969	-1	0	1
7858972	0	0	0
7859177	0	0	0
7859178	0	0	0
7859180	0	0	0
7859181	0	0	0
7859334	0	0	0
7859653	0	0	0
7859656	0	0	0
7859658	0	0	0
7861207	0	0	0
7861576	0	0	0
7861748	0	0	0
7861751	0	0	0
7861753	-1	0	1
7861756	-1	0	1
7861796	0	0	0
7862395	0	0	0
7862423	0	0	0
7863433	0	0	0
7864067	-1	0	1
7864188	0	0	0
7864270	0	0	0
7864271	0	0	0
7864274	0	0	0
7864407	0	0	0
7864736	0	0	0
7865385	0	0	0
7865441	1	1	0
7865790	0	0	0
7865793	1	1	0
7865794	0	1	1
7865795	0	0	0
7865797	0	1	1
7865798	1	1	0
7866084	0	0	0
7866086	0	0	0
7866311	0	0	0
7867348	0	0	0
7867866	0	0	0
7868148	-1	0	1
7868161	0	0	0
7868164	0	0	0
7868369	0	0	0
7868373	0	0	0
7868376	0	0	0
7868924	0	0	0
7869024	0	0	0
7869026	0	0	0
7869720	0	0	0
7869721	0	0	0
7870116	0	0	0
7870582	1	1	0
7870584	0	0	0
7874129	0	0	0
7874133	0	0	0
7874364	0	0	0
7874365	0	0	0
7874367	0	0	0
7874369	0	0	0
7874370	0	0	0
7874371	0	0	0
7874372	0	0	0
7874373	0	0	0
7874566	0	0	0
7874715	0	0	0
7875551	0	0	0
7875552	0	0	0
7876019	0	0	0
7876021	0	0	0
7876891	1	1	0
7877262	0	1	1
7877534	-1	0	1
7877859	0	0	0
7878204	0	0	0
7878227	0	0	0
7879862	0	0	0
7880070	0	0	0
7880073	0	0	0
7880747	0	0	0
7882035	0	0	0
7882036	0	0	0
7882065	0	0	0
7882066	1	1	0
7882067	0	0	0
7882068	0	0	0
7882069	0	0	0
7882071	0	0	0
7882072	0	0	0
7882073	0	0	0
7882074	0	0	0
7882660	-1	0	1
7882661	1	1	0
7882662	1	1	0
7882794	0	0	0
7883519	0	0	0
7884003	0	0	0
7884741	-1	0	1
7884759	0	0	0
7885303	0	0	0
7885529	0	0	0
7886012	0	0	0
7886147	0	0	0
7887331	0	0	0
7887887	0	0	0
7888050	0	0	0
7888482	0	0	0
7889956	0	0	0
7890808	0	0	0
7890811	0	0	0
7890814	0	0	0
7890960	0	0	0
7892534	0	0	0
7892538	0	0	0
7893346	-1	0	1
7893903	0	0	0
7894087	0	0	0
7894090	0	0	0
7894149	1	1	0
7894210	0	0	0
7894211	0	0	0
7894415	0	0	0
7894882	0	0	0
7896295	0	0	0
7897404	0	0	0
7897599	0	0	0
7897603	0	0	0
7897604	0	0	0
7897606	0	0	0
7897790	0	0	0
7897794	0	0	0
7897960	0	0	0
7897962	0	0	0
7898023	0	0	0
7898366	0	0	0
7898402	0	0	0
7899503	0	0	0
7900376	0	0	0
7901768	0	0	0
7902912	0	0	0
7903178	-1	0	1
7905127	0	0	0
7905133	0	0	0
7905162	-1	0	1
7905589	0	0	0
7906344	0	0	0
7906826	0	0	0
7906829	0	0	0
7906830	0	0	0
7907254	1	1	0
7907495	0	0	0
7907499	0	0	0
7907839	0	0	0
7907858	0	0	0
7909147	0	0	0
7909152	0	0	0
7909306	0	0	0
7909400	0	0	0
7909597	0	0	0
7909771	0	0	0
7909880	1	1	0
7909971	0	0	0
7910134	-1	0	1
7910136	-1	0	1
7910137	-1	0	1
7910138	-1	0	1
7910139	-1	0	1
7910140	1	1	0
7910740	0	0	0
7911557	0	0	0
7912673	0	0	0
7912983	0	0	0
7913164	0	0	0
7913213	0	0	0
7913379	0	0	0
7913467	0	0	0
7913592	-1	0	1
7914170	0	0	0
7914498	0	0	0
7915166	1	1	0
7915731	0	0	0
7916262	0	0	0
7916509	0	0	0
7916514	0	0	0
7917131	0	0	0
7918040	0	0	0
7918702	-1	0	1
7918703	-1	0	1
7918704	0	0	0
7919253	-1	0	1
7919258	-1	0	1
7919259	0	0	0
7919376	0	0	0
7919610	0	0	0
7919974	0	0	0
7922077	0	0	0
7923567	0	0	0
7925484	0	0	0
7925806	0	0	0
7925811	0	0	0
7927565	1	1	0
7928915	-1	0	1
7929042	0	0	0
7929110	0	0	0
7929683	1	1	0
7931072	0	0	0
7931121	0	0	0
7932320	0	1	1
7933370	-1	0	1
7933375	-1	0	1
7933512	-1	0	1
7933564	0	0	0
7934560	0	0	0
7935070	0	0	0
7935260	0	1	1
7935491	-1	0	1
7936045	0	0	0
7936046	0	0	0
7936047	0	0	0
7936048	0	0	0
7936299	1	1	0
7936302	-1	0	1
7936308	0	0	0
7936320	0	0	0
7936506	0	0	0
7936510	0	0	0
7936847	0	0	0
7937391	0	1	1
7937393	0	1	1
7937396	-1	0	1
7937397	1	1	0
7937424	0	0	0
7937446	0	0	0
7937953	0	0	0
7938926	0	0	0
7940284	0	0	0
7942888	0	0	0
7943501	0	1	1
7943706	0	0	0
7944094	-1	0	1
7944192	0	0	0
7944194	0	0	0
7944195	0	0	0
7944196	0	0	0
7944197	0	0	0
7944198	0	0	0
7944296	-1	0	1
7944631	0	0	0
7944881	-1	0	1
7945139	0	0	0
7945548	0	0	0
7945551	0	0	0
7945813	1	1	0
7945814	1	1	0
7945815	1	1	0
7945816	-1	0	1
7945818	0	1	1
7945819	1	1	0
7945820	1	1	0
7945821	0	0	0
7945822	1	1	0
7946131	0	0	0
7947600	0	0	0
7947804	0	1	1
7948507	0	1	1
7949770	-1	0	1
7950079	0	0	0
7951027	0	0	0
7951028	0	0	0
7951033	0	0	0
7951035	0	0	0
7951118	0	0	0
7951869	0	0	0
7952268	0	0	0
7952270	0	0	0
7952865	0	0	0
7953224	1	1	0
7953225	0	1	1
7953583	0	0	0
7953602	0	0	0
7953604	0	0	0
7953862	0	0	0
7954131	0	0	0
7954174	0	0	0
7954176	-1	0	1
7954177	-1	0	1
7954757	0	0	0
7954761	0	0	0
7954762	0	0	0
7954765	0	0	0
7955658	-1	0	1
7955663	0	0	0
7956896	0	0	0
7959619	0	0	0
7960130	0	0	0
7960131	0	0	0
7960132	0	0	0
7960133	0	0	0
7960134	0	0	0
7960135	0	0	0
7960139	0	0	0
7960257	0	0	0
7962257	0	0	0
7962589	0	0	0
7962804	0	0	0
7963319	0	0	0
7964141	0	0	0
7964292	-1	0	1
7964298	0	0	0
7964300	0	0	0
7964513	0	0	0
7964601	0	0	0
7965004	0	1	1
7965007	0	0	0
7965011	0	1	1
7965919	0	0	0
7965996	0	0	0
7966445	0	0	0
7967079	0	0	0
7967789	-1	0	1
7968161	0	0	0
7968464	1	1	0
7968753	0	1	1
7968855	0	0	0
7969524	0	0	0
7969525	0	0	0
7969528	0	0	0
7969609	0	0	0
7970163	0	0	0
7970306	0	0	0
7971718	0	0	0
7972331	0	0	0
7972333	0	0	0
7972335	0	0	0
7972336	0	0	0
7972339	-1	0	1
7972985	0	0	0
7972988	0	0	0
7972989	0	0	0
7973804	1	1	0
7974117	0	0	0
7974664	0	0	0
7974667	0	0	0
7974754	0	1	1
7974755	0	1	1
7974756	1	1	0
7974949	0	0	0
7974955	0	0	0
7975870	0	0	0
7976685	0	0	0
7977257	0	0	0
7977598	0	0	0
7977599	0	0	0
7977700	0	0	0
7978281	1	1	0
7978282	1	1	0
7978604	0	0	0
7978827	0	0	0
7979803	0	0	0
7981235	0	0	0
7981236	0	0	0
7981527	-1	0	1
7982389	0	0	0
7982406	0	0	0
7982738	0	0	0
7982824	0	0	0
7983422	-1	0	1
7984234	1	1	0
7984576	0	0	0
7984678	0	0	0
7986247	0	0	0
7987821	-1	0	1
7988061	0	0	0
7988185	0	0	0
7988615	-1	0	1
7988622	0	0	0
7988700	0	0	0
7990041	0	0	0
7991291	0	0	0
7992112	1	1	0
7992342	0	0	0
7992391	0	0	0
7992393	0	0	0
7992394	0	0	0
7992396	0	0	0
7992510	-1	0	1
7992780	0	0	0
7994283	0	0	0
7995185	0	0	0
7997372	0	0	0
7997635	0	0	0
7997636	0	0	0
7997843	0	0	0
7997887	0	0	0
7998503	-1	0	1
7998937	0	0	0
7999220	0	0	0
7999756	0	0	0
8000450	0	0	0
8000572	0	0	0
8000817	0	0	0
8000951	0	0	0
8001295	0	0	0
8001490	0	0	0
8002577	0	0	0
8002852	0	0	0
8002855	0	0	0
8002934	0	0	0
8002935	0	0	0
8003993	0	0	0
8004968	-1	0	1
8006810	1	1	0
8007241	0	0	0
8007769	0	0	0
8007812	0	0	0
8007813	0	0	0
8007816	0	0	0
8007852	0	1	1
8008529	0	0	0
8010842	-1	0	1
8012039	0	0	0
8012041	0	0	0
8012190	0	1	1
8012193	0	1	1
8013681	0	0	0
8013685	0	0	0
8013686	0	0	0
8013687	0	0	0
8014218	0	0	0
8014809	0	0	0
8014819	0	0	0
8015382	0	0	0
8015588	0	0	0
8016812	1	1	0
8016945	0	0	0
8017449	0	0	0
8018647	0	0	0
8019976	0	0	0
8019979	0	0	0
8019980	0	0	0
8021639	0	0	0
8021940	0	0	0
8022277	0	0	0
8022279	0	0	0
8022280	0	0	0
8022281	0	0	0
8022701	0	0	0
8024388	0	0	0
8024589	0	0	0
8024597	0	0	0
8024611	0	0	0
8024614	0	0	0
8024651	0	0	0
8025740	0	0	0
8026195	0	0	0
8026735	0	0	0
8026737	0	0	0
8026738	0	0	0
8026740	0	0	0
8026743	0	0	0
8027406	0	0	0
8027921	0	0	0
8028128	0	0	0
8028131	0	0	0
8029326	0	0	0
8029530	0	0	0
8029532	0	0	0
8029533	0	0	0
8031163	0	0	0
8031756	0	0	0
8031884	0	0	0
8032264	0	0	0
8032269	0	0	0
8032277	0	0	0
8033090	0	0	0
8033092	0	0	0
8033093	0	0	0
8033094	0	0	0
8033256	0	0	0
8033455	0	0	0
8033474	0	0	0
8034214	0	0	0
8034429	0	0	0
8034898	0	0	0
8035019	0	0	0
8036789	0	0	0
8036793	0	0	0
8036857	0	0	0
8037503	0	0	0
8037509	0	0	0
8037663	0	0	0
8038902	0	1	1
8041266	0	0	0
8041457	0	0	0
8041575	0	0	0
8042338	0	0	0
8042342	0	0	0
8042347	0	0	0
8042352	0	0	0
8042683	0	0	0
8042767	0	0	0
8042811	0	0	0
8043508	0	0	0
8045267	1	1	0
8046170	0	0	0
8046348	0	0	0
8047166	0	0	0
8047379	0	0	0
8047435	0	0	0
8047600	0	0	0
8047601	0	0	0
8047654	0	0	0
8047855	0	0	0
8048027	1	1	0
8048514	0	0	0
8048515	0	0	0
8048673	0	1	1
8048675	0	0	0
8048968	0	0	0
8049850	0	0	0
8049854	0	0	0
8050140	0	1	1
8050441	0	0	0
8051259	0	0	0
8051495	0	0	0
8052430	0	0	0
8052617	0	0	0
8052619	0	0	0
8052620	0	0	0
8052621	-1	0	1
8052622	0	0	0
8052623	0	0	0
8052624	0	0	0
8052805	0	0	0
8053531	0	0	0
8054563	0	0	0
8054627	1	1	0
8054835	0	0	0
8054892	0	0	0
8055108	0	0	0
8055117	0	0	0
8055167	0	0	0
8055427	0	0	0
8055428	0	0	0
8055429	0	0	0
8055755	0	0	0
8056260	0	0	0
8056678	0	0	0
8057791	0	0	0
8057792	0	0	0
8058869	0	0	0
8058870	0	0	0
8058875	0	0	0
8058940	0	0	0
8059349	0	0	0
8061320	0	0	0
8062468	0	0	0
8062469	0	0	0
8062761	0	0	0
8064183	-1	0	1
8064285	0	0	0
8064745	-1	0	1
8064814	-1	0	1
8064822	0	0	0
8064823	0	0	0
8065158	0	0	0
8065892	1	1	0
8066338	0	0	0
8066339	-1	0	1
8066343	-1	0	1
8066479	0	0	0
8067228	0	0	0
8067399	0	0	0
8068000	0	0	0
8068132	0	0	0
8068226	0	0	0
8069301	0	0	0
8069462	0	0	0
8069861	0	0	0
8069863	0	0	0
8071001	0	0	0
8071215	0	0	0
8071249	0	1	1
8071250	0	0	0
8071251	0	1	1
8071256	0	1	1
8071734	0	0	0
8072547	0	0	0
8072627	-1	0	1
8073140	0	0	0
8074471	0	0	0
8075154	0	0	0
8075540	0	0	0
8075626	0	0	0
8075657	0	0	0
8075658	0	0	0
8075791	0	0	0
8076015	-1	0	1
8076844	0	0	0
8076847	0	0	0
8077135	0	0	0
8077532	0	0	0
8077884	0	0	0
8077944	0	1	1
8078146	0	0	0
8079039	0	0	0
8079040	0	0	0
8079046	0	0	0
8079127	0	0	0
8079968	0	0	0
8079970	0	0	0
8080087	0	0	0
8080327	0	0	0
8080328	0	0	0
8080460	0	0	0
8080677	0	0	0
8080924	0	0	0
8081704	0	0	0
8082093	0	1	1
8082098	0	1	1
8082099	0	1	1
8082336	0	0	0
8082516	0	0	0
8082881	0	0	0
8083366	0	0	0
8083735	0	0	0
8083901	0	0	0
8083926	0	0	0
8084051	0	0	0
8084924	0	0	0
8085285	0	0	0
8085377	0	0	0
8085386	-1	0	1
8085421	0	0	0
8086822	0	0	0
8086891	0	0	0
8086936	0	0	0
8087543	0	0	0
8087548	0	0	0
8087696	0	0	0
8087702	0	0	0
8088109	0	0	0
8088111	0	0	0
8088248	0	0	0
8088255	-1	0	1
8088804	0	0	0
8088808	-1	0	1
8089004	0	0	0
8089006	0	0	0
8089009	-1	0	1
8089444	0	0	0
8090005	0	0	0
8090006	0	0	0
8090007	0	0	0
8090008	0	0	0
8090339	0	0	0
8090787	0	0	0
8090958	-1	0	1
8091649	1	1	0
8091790	0	0	0
8092179	0	0	0
8092859	0	0	0
8093170	0	0	0
8093478	0	0	0
8093838	0	0	0
8093927	0	0	0
8093931	0	0	0
8093932	0	0	0
8093933	0	0	0
8093934	0	0	0
8095261	0	0	0
8096319	0	0	0
8096614	0	0	0
8096824	0	0	0
8096991	-1	0	1
8097192	0	0	0
8097377	0	0	0
8097379	0	0	0
8097969	0	0	0
8098605	0	0	0
8098606	0	0	0
8098607	0	0	0
8102126	0	0	0
8102130	0	0	0
8102132	0	0	0
8102133	0	0	0
8102134	-1	0	1
8102527	0	0	0
8102602	0	0	0
8102746	0	0	0
8103063	0	0	0
8103065	0	0	0
8103067	0	0	0
8103068	0	0	0
8105140	0	0	0
8105263	0	0	0
8105265	0	0	0
8105381	0	0	0
8105587	0	0	0
8106090	0	0	0
8106232	0	0	0
8106318	0	0	0
8106320	0	0	0
8106321	0	0	0
8106322	0	0	0
8106323	0	0	0
8106324	0	0	0
8107230	0	0	0
8107563	0	0	0
8107564	0	0	0
8107895	0	0	0
8108112	0	0	0
8108811	0	0	0
8108814	0	0	0
8108815	0	0	0
8108818	0	0	0
8109454	0	0	0
8109682	0	0	0
8110288	0	0	0
8110394	0	0	0
8111103	0	0	0
8111367	0	0	0
8111571	0	0	0
8112117	0	0	0
8113852	0	0	0
8114099	0	0	0
8114101	0	0	0
8115435	0	0	0
8115439	0	0	0
8115440	0	0	0
8115700	0	0	0
8115703	0	0	0
8115705	0	0	0
8115706	0	0	0
8116373	0	0	0
8117087	0	0	0
8117088	-1	0	1
8117090	0	0	0
8117091	0	0	0
8117092	0	0	0
8117093	0	0	0
8117094	1	1	0
8117095	0	0	0
8117596	0	0	0
8117806	0	0	0
8118009	0	0	0
8118424	0	0	0
8118706	0	0	0
8120205	0	0	0
8120657	0	0	0
8121377	0	0	0
8121380	0	0	0
8121844	0	0	0
8122158	-1	0	1
8122225	0	0	0
8123025	1	1	0
8123382	0	0	0
8126020	0	0	0
8126026	0	0	0
8126446	0	0	0
8127412	0	0	0
8127512	0	0	0
8128963	0	0	0
8129440	0	0	0
8130175	0	0	0
8130177	0	0	0
8131235	0	0	0
8131350	0	0	0
8131539	0	0	0
8131597	0	0	0
8131600	0	0	0
8131702	0	0	0
8132188	0	0	0
8132238	-1	0	1
8132601	0	0	0
8132607	0	0	0
8133039	0	0	0
8133879	-1	0	1
8134973	0	0	0
8136433	0	0	0
8136434	0	0	0
8136902	0	0	0
8136903	0	0	0
8138322	0	0	0
8138536	0	0	0
8138593	0	0	0
8139249	0	0	0
8139251	0	0	0
8139252	-1	0	1
8139255	0	0	0
8139256	0	0	0
8139257	0	0	0
8139258	-1	0	1
8139501	0	0	0
8139504	0	0	0
8139936	0	0	0
8139941	0	0	0
8140258	0	0	0
8140263	0	0	0
8140578	0	0	0
8141036	0	0	0
8141081	0	0	0
8141088	0	0	0
8141089	0	0	0
8141128	0	0	0
8142187	0	0	0
8142730	0	0	0
8143960	1	1	0
8144158	0	0	0
8144159	0	0	0
8144161	0	0	0
8144166	0	0	0
8144914	0	0	0
8146069	0	0	0
8146562	0	0	0
8146836	0	0	0
8147160	0	0	0
8147476	0	1	1
8147663	0	1	1
8148720	-1	0	1
8149255	0	0	0
8149288	0	0	0
8149887	0	0	0
8150178	0	0	0
8150323	0	0	0
8150886	0	0	0
8151396	0	0	0
8151919	0	0	0
8151921	0	0	0
8151922	0	0	0
8151926	0	0	0
8152222	0	0	0
8152834	0	0	0
8153841	0	0	0
8154160	0	0	0
8154161	0	0	0
8154251	0	1	1
8154254	0	0	0
8154307	0	0	0
8154503	0	0	0
8154547	0	0	0
8154903	0	0	0
8159089	0	0	0
8159090	0	0	0
8160519	0	0	0
8160520	0	0	0
8160523	0	0	0
8161334	0	1	1
8162502	0	0	0
8162505	0	0	0
8163223	0	0	0
8163392	0	0	0
8163395	0	0	0
8163397	0	0	0
8165398	0	0	0
8165403	0	0	0
8167162	0	0	0
8167911	0	0	0
8168037	0	0	0
8168440	0	0	0
8168480	0	0	0
8168709	0	0	0
8169602	0	0	0
8169646	0	0	0
8170038	0	0	0
8170043	0	0	0
8170047	0	0	0
8170628	0	0	0
8170866	1	1	0
8171333	0	0	0
8171402	0	0	0
8174138	0	0	0
8174141	0	0	0
8174142	0	0	0
8174143	0	0	0
8174225	0	0	0
8174252	0	0	0
8174253	0	0	0
8174255	0	0	0
8174848	0	0	0
8174993	0	0	0
8175175	0	0	0
8175375	0	0	0
8177514	0	0	0
8177515	0	0	0
8178225	0	0	0
8178344	0	0	0
8178415	0	0	0
8178431	0	0	0
8178473	0	0	0
8178553	0	0	0
8178578	-1	0	1
8178996	0	0	0
8178998	0	0	0
8178999	0	0	0
8179000	0	0	0
8179001	0	0	0
8179003	0	0	0
8179005	0	0	0
8179408	0	0	0
8179943	0	0	0
8180097	0	0	0
8180641	0	0	0
8180734	0	0	0
8180739	0	0	0
8181574	0	0	0
8182806	0	0	0
8182886	0	0	0
8183692	0	0	0
8183869	0	0	0
8183872	0	0	0
8183874	0	0	0
8183876	0	0	0
8183977	0	0	0
8183981	0	0	0
8183982	0	0	0
8184445	0	0	0
8184447	0	0	0
8184575	0	0	0
8184888	0	0	0
8184965	0	0	0
8185129	0	0	0
8185131	0	0	0
8185135	0	0	0
8185137	0	0	0
8185183	0	0	0
8185962	0	0	0
8186257	-1	0	1
8186416	0	0	0
8186787	-1	0	1
8186876	0	0	0
8186881	0	1	1
8186884	0	0	0
8187315	0	0	0
8187543	0	0	0
8187545	0	0	0
8187546	0	0	0
8187548	0	0	0
8187549	0	0	0
8189047	0	0	0
8189709	-1	0	1
8190854	0	0	0
8192979	0	0	0
8193343	0	0	0
8193344	-1	0	1
8193351	1	1	0
8193383	0	0	0
8193385	0	0	0
8193392	0	0	0
8193455	0	1	1
8193595	0	0	0
8193602	1	1	0
8193604	1	1	0
8193990	0	0	0
8194076	0	0	0
8194399	0	0	0
8195377	0	0	0
8195509	1	1	0
8195542	0	0	0
8195732	0	0	0
8196641	0	0	0
8197272	0	0	0
8197412	0	0	0
8197783	0	0	0
8197965	0	0	0
8198799	1	1	0
8199142	0	0	0
8199520	0	0	0
8199521	0	0	0
8199524	0	0	0
8200195	0	0	0
8200340	0	0	0
8200343	0	0	0
8200346	0	0	0
8200824	0	0	0
8201303	-1	0	1
8201304	0	0	0
8202881	1	1	0
8203427	0	0	0
8203480	0	0	0
8203803	0	0	0
8203964	0	0	0
8204046	0	0	0
8204431	0	0	0
8204457	0	0	0
8204460	0	0	0
8204461	-1	0	1
8204463	-1	0	1
8204464	-1	0	1
8205192	0	0	0
8205406	0	0	0
8206252	0	0	0
8206752	0	0	0
8207029	0	0	0
8207078	0	0	0
8207177	0	0	0
8208608	-1	0	1
8208707	0	0	0
8210479	0	0	0
8211172	0	0	0
8212648	0	0	0
8212721	0	0	0
8213125	0	0	0
8214063	0	0	0
8214452	0	0	0
8214500	0	0	0
8214505	0	0	0
8215053	0	0	0
8215054	0	0	0
8215102	0	0	0
8215247	0	0	0
8216498	0	0	0
8216702	0	0	0
8217133	-1	0	1
8217995	0	0	0
8218756	0	0	0
8218870	0	0	0
8219024	0	0	0
8219082	0	0	0
8219975	1	1	0
8220315	-1	0	1
8221063	0	1	1
8221521	0	0	0
8222059	0	0	0
8222071	-1	0	1
8222909	0	0	0
8223035	0	0	0
8224108	-1	0	1
8224137	0	0	0
8224926	0	0	0
8224927	0	0	0
8224998	0	1	1
8225224	0	0	0
8226089	1	1	0
8226129	0	0	0
8228379	1	1	0
8230499	0	0	0
8230998	1	1	0
8231134	0	0	0
8231180	-1	0	1
8232263	0	0	0
8232264	0	0	0
8232269	0	0	0
8232271	0	0	0
8233338	0	0	0
8233627	0	0	0
8233629	0	0	0
8234656	0	0	0
8234659	0	0	0
8234724	1	1	0
8235730	0	0	0
8236830	0	0	0
8236832	0	0	0
8237103	0	0	0
8237254	1	1	0
8237256	0	1	1
8237257	0	0	0
8238132	0	1	1
8238164	0	0	0
8238665	1	1	0
8239747	0	0	0
8239852	0	0	0
8240718	0	0	0
8240939	0	0	0
8241347	-1	0	1
8241348	-1	0	1
8242011	-1	0	1
8242338	1	1	0
8242505	0	0	0
8244015	0	0	0
8245136	0	0	0
8245746	0	0	0
8246351	0	0	0
8246410	0	0	0
8246549	0	0	0
8247106	0	0	0
8247110	0	0	0
8247111	0	0	0
8247499	0	0	0
8247611	1	1	0
8248074	0	1	1
8248120	0	0	0
8248910	-1	0	1
8248913	-1	0	1
8249627	0	0	0
8249628	0	0	0
8250201	0	0	0
8250358	0	0	0
8250374	0	0	0
8250954	0	0	0
8251518	0	1	1
8251561	0	0	0
8251928	0	0	0
8252526	0	0	0
8252762	0	0	0
8252763	0	0	0
8252764	0	0	0
8253127	0	0	0
8253403	0	0	0
8253404	0	0	0
8253407	0	0	0
8254191	0	0	0
8254254	0	0	0
8254320	0	0	0
8254542	0	0	0
8255167	0	0	0
8255837	0	0	0
8255986	-1	0	1
8257031	0	0	0
8257087	0	0	0
8257282	0	0	0
8257287	0	0	0
8257288	0	0	0
8257399	0	0	0
8257537	-1	0	1
8257986	0	0	0
8258975	0	0	0
8259116	0	0	0
8260035	0	0	0
8260037	0	0	0
8260038	0	0	0
8260413	0	0	0
8260649	0	0	0
8260719	0	0	0
8261753	0	0	0
8262150	-1	0	1
8262456	-1	0	1
8262458	-1	0	1
8262459	0	0	0
8262460	0	1	1
8262462	0	0	0
8262463	-1	0	1
8262464	-1	0	1
8262602	0	0	0
8262605	0	0	0
8262926	0	0	0
8263464	-1	0	1
8263468	-1	0	1
8263469	-1	0	1
8263749	0	0	0
8263850	0	0	0
8265304	0	0	0
8265736	0	0	0
8265741	0	0	0
8265941	0	0	0
8266065	0	0	0
8266219	0	0	0
8266363	0	0	0
8266364	0	0	0
8266365	-1	0	1
8266465	0	0	0
8267287	1	1	0
8267721	0	0	0
8267733	0	0	0
8267734	0	0	0
8268225	0	0	0
8268289	0	0	0
8268761	0	0	0
8269666	0	0	0
8269893	0	0	0
8269896	0	0	0
8269897	0	0	0
8269898	0	0	0
8269975	0	0	0
8270407	0	0	0
8270531	0	0	0
8270662	0	0	0
8270781	0	1	1
8271525	0	0	0
8271560	0	0	0
8271864	1	1	0
8271866	1	1	0
8271867	0	0	0
8271868	0	0	0
8271869	0	0	0
8272341	0	0	0
8272993	0	0	0
8273101	0	0	0
8273210	0	0	0
8273425	0	0	0
8273792	1	1	0
8275026	0	0	0
8275047	1	1	0
8275382	0	0	0
8275383	0	0	0
8275386	0	0	0
8275640	0	0	0
8275794	-1	0	1
8276051	0	0	0
8277780	0	0	0
8278563	1	1	0
8278565	-1	0	1
8278566	-1	0	1
8278914	0	0	0
8278915	0	0	0
8278917	1	1	0
8278919	0	0	0
8278921	-1	0	1
8278922	0	0	0
8279235	0	0	0
8279385	0	0	0
8279386	0	0	0
8280008	0	0	0
8280620	0	0	0
8281134	1	1	0
8281486	0	0	0
8282207	0	0	0
8282248	0	0	0
8282673	0	0	0
8282674	0	0	0
8282675	0	0	0
8282985	0	0	0
8283445	0	0	0
8283527	0	0	0
8283529	0	0	0
8283531	0	0	0
8283532	1	1	0
8284608	0	0	0
8284794	0	0	0
8284880	0	0	0
8285157	0	0	0
8285675	0	0	0
8286608	0	0	0
8286978	-1	0	1
8286982	-1	0	1
8286985	-1	0	1
8287519	0	0	0
8287605	0	0	0
8287926	0	0	0
8287930	0	0	0
8288333	0	0	0
8288535	0	0	0
8288575	0	0	0
8288701	0	0	0
8288704	0	0	0
8288705	0	0	0
8288732	-1	0	1
8288887	0	0	0
8288990	0	1	1
8291150	0	1	1
8291650	0	0	0
8291654	0	0	0
8291709	0	0	0
8291791	0	0	0
8291877	0	0	0
8292257	0	0	0
8292280	0	0	0
8292308	0	0	0
8292312	0	0	0
8292313	0	0	0
8292738	0	0	0
8293743	0	0	0
8293763	1	1	0
8293764	0	0	0
8293765	0	1	1
8293804	0	0	0
8294219	0	0	0
8294225	0	0	0
8294310	0	0	0
8294697	0	0	0
8294764	0	0	0
8295153	0	0	0
8295587	0	0	0
8297252	0	0	0
8297256	0	0	0
8297732	0	0	0
8299448	1	1	0
8299659	0	0	0
8299661	0	0	0
8299665	0	0	0
8299668	0	0	0
8300395	0	0	0
8300402	0	0	0
8301170	0	0	0
8301439	0	0	0
8301865	-1	0	1
8301971	0	0	0
8301973	0	0	0
8302055	0	0	0
8303205	0	0	0
8303678	0	0	0
8304283	0	0	0
8304647	0	0	0
8304648	0	0	0
8304650	0	0	0
8305151	0	0	0
8305152	0	0	0
8305153	0	0	0
8305154	0	0	0
8305155	0	0	0
8305156	0	0	0
8305158	0	0	0
8305496	0	0	0
8305821	0	1	1
8305822	0	1	1
8305824	-1	0	1
8305827	0	1	1
8305828	-1	0	1
8305830	-1	0	1
8305916	0	0	0
8306449	0	0	0
8306451	0	0	0
8306720	0	0	0
8307510	0	0	0
8307730	0	0	0
8307783	0	0	0
8307784	-1	0	1
8308407	0	0	0
8310006	0	0	0
8310369	0	0	0
8311121	0	0	0
8312079	0	0	0
8313735	0	0	0
8313916	0	0	0
8313921	0	0	0
8314023	0	0	0
8314025	0	1	1
8315332	0	0	0
8315585	0	0	0
8315624	0	0	0
8315743	0	0	0
8316213	0	0	0
8316493	0	0	0
8317178	-1	0	1
8317418	0	0	0
8318141	0	0	0
8318532	0	0	0
8318664	0	0	0
8318929	0	0	0
8320617	0	0	0
8321012	0	0	0
8321284	0	0	0
8321286	0	0	0
8321584	0	0	0
8322920	0	0	0
8323356	0	0	0
8323358	0	0	0
8323944	0	0	0
8324023	1	1	0
8325116	0	0	0
8325117	0	0	0
8325671	1	1	0
8326306	0	0	0
8326587	-1	0	1
8327139	0	0	0
8327369	0	0	0
8328561	0	0	0
8329033	0	0	0
8329035	0	0	0
8330086	-1	0	1
8330087	-1	0	1
8330567	0	0	0
8330691	0	0	0
8331112	-1	0	1
8332237	0	0	0
8332313	0	0	0
8332546	0	0	0
8332547	0	0	0
8332548	0	0	0
8332551	0	0	0
8332554	0	0	0
8332555	0	0	0
8333805	0	0	0
8333912	0	0	0
8333919	0	0	0
8333920	0	0	0
8333925	0	0	0
8334348	0	0	0
8334648	0	0	0
8335003	0	0	0
8336223	0	0	0
8336231	0	0	0
8336232	0	0	0
8336706	-1	0	1
8336812	0	0	0
8337185	0	0	0
8337558	0	0	0
8338451	0	0	0
8338553	-1	0	1
8339713	0	0	0
8339718	0	0	0
8339777	0	0	0
8340158	0	0	0
8340391	0	0	0
8340955	0	0	0
8341059	0	0	0
8342617	0	0	0
8343111	0	0	0
8344476	0	0	0
8344507	0	0	0
8344577	0	0	0
8344743	0	0	0
8344939	-1	0	1
8345724	0	0	0
8345861	0	0	0
8346309	0	0	0
8346328	0	0	0
8346473	0	0	0
8346491	0	0	0
8346744	0	0	0
8348187	0	0	0
8348762	0	0	0
8348781	0	0	0
8349950	0	0	0
8349952	0	0	0
8350963	0	0	0
8351250	0	0	0
8352026	0	0	0
8352466	0	0	0
8352632	0	0	0
8353753	0	0	0
8355028	0	0	0
8355384	0	0	0
8355477	0	0	0
8355483	0	0	0
8355597	0	1	1
8355710	0	0	0
8355760	0	0	0
8355865	0	0	0
8356044	0	0	0
8356046	0	0	0
8356050	0	0	0
8356626	0	0	0
8357256	0	0	0
8357257	0	0	0
8357302	0	0	0
8357400	0	0	0
8357405	0	0	0
8357659	0	0	0
8357668	0	0	0
8357725	0	0	0
8358405	0	0	0
8358407	0	0	0
8360278	0	0	0
8360874	0	0	0
8360900	0	0	0
8360902	0	0	0
8361898	0	0	0
8361899	0	0	0
8362053	0	0	0
8362188	0	0	0
8363287	1	1	0
8363612	0	0	0
8363800	0	0	0
8363875	0	0	0
8364383	0	0	0
8364586	0	0	0
8364849	0	0	0
8364850	0	0	0
8366139	0	0	0
8366660	0	0	0
8371453	-1	0	1
8371764	0	0	0
8372474	0	0	0
8372956	0	0	0
8373266	0	0	0
8373587	0	0	0
8373588	0	0	0
8373740	0	0	0
8373746	0	0	0
8373748	0	0	0
8374013	0	0	0
8374271	0	0	0
8374491	0	1	1
8374494	0	0	0
8374689	0	0	0
8375744	1	1	0
8376703	0	0	0
8376713	0	0	0
8378168	0	0	0
8378170	0	0	0
8378366	0	0	0
8378381	0	0	0
8379194	0	0	0
8379203	0	0	0
8379207	0	0	0
8379209	0	0	0
8379287	0	0	0
8379288	-1	0	1
8379293	0	0	0
8379294	0	0	0
8379964	0	0	0
8380965	0	0	0
8381046	0	0	0
8381309	0	0	0
8381626	0	0	0
8383083	0	0	0
8383465	0	0	0
8383596	-1	0	1
8383600	-1	0	1
8383604	-1	0	1
8383704	0	0	0
8384693	0	0	0
8384852	0	0	0
8385081	0	0	0
8385129	0	0	0
8385393	0	0	0
8386260	0	0	0
8386334	1	1	0
8388343	0	0	0
8388834	0	0	0
8390518	0	0	0
8392898	0	0	0
8392957	0	0	0
8394709	0	0	0
8395376	0	0	0
8395377	0	0	0
8396329	0	0	0
8397478	0	0	0
8397541	0	0	0
8397959	0	0	0
8398181	0	0	0
8398647	0	0	0
8398961	0	0	0
8398965	0	0	0
8400531	0	0	0
8402330	0	0	0
8402610	0	0	0
8402967	0	0	0
8402968	0	0	0
8402969	0	0	0
8402970	0	0	0
8402973	0	0	0
8402974	0	0	0
8403832	0	0	0
8404034	0	0	0
8404778	0	0	0
8404827	0	0	0
8405722	0	0	0
8405728	0	0	0
8406413	0	0	0
8406618	0	0	0
8407079	0	0	0
8407445	0	0	0
8407532	0	0	0
8407536	0	0	0
8408693	0	0	0
8409241	-1	0	1
8409242	1	1	0
8409767	1	1	0
8409768	0	0	0
8409770	0	0	0
8409771	0	0	0
8409772	1	1	0
8409773	0	0	0
8411162	0	0	0
8411256	0	0	0
8411292	0	0	0
8412681	0	0	0
8412682	0	0	0
8412683	0	0	0
8412684	0	0	0
8412685	0	0	0
8412687	0	0	0
8413410	-1	0	1
8413432	0	0	0
8413454	0	0	0
8413490	0	0	0
8414667	0	0	0
8415164	0	0	0
8415219	0	0	0
8415752	0	1	1
8415866	0	0	0
8416047	0	0	0
8416108	0	0	0
8416290	0	0	0
8416291	0	0	0
8416292	0	0	0
8416395	0	0	0
8416396	0	0	0
8416398	-1	0	1
8417378	0	0	0
8417379	0	0	0
8417798	0	0	0
8418122	0	0	0
8418427	-1	0	1
8418678	0	0	0
8418679	0	0	0
8418681	0	0	0
8418683	0	0	0
8418684	0	0	0
8420020	0	0	0
8421723	-1	0	1
8423235	1	1	0
8423277	0	0	0
8423279	0	0	0
8423281	0	0	0
8423283	1	1	0
8423285	1	1	0
8424221	0	0	0
8424594	0	0	0
8424949	0	0	0
8425454	0	0	0
8427708	-1	0	1
8427837	0	0	0
8427890	0	0	0
8428313	-1	0	1
8428376	0	0	0
8428482	0	0	0
8429134	0	0	0
8430088	0	0	0
8430312	0	0	0
8430337	0	0	0
8431872	0	0	0
8432098	0	0	0
8433804	0	0	0
8433956	0	0	0
8433958	0	0	0
8435230	0	0	0
8435775	0	0	0
8435879	0	0	0
8435944	0	0	0
8436571	-1	0	1
8436572	-1	0	1
8436576	0	0	0
8436577	-1	0	1
8436578	0	0	0
8436579	0	0	0
8437650	0	0	0
8438159	0	0	0
8438672	-1	0	1
8438673	-1	0	1
8439015	0	0	0
8440430	0	0	0
8440724	0	0	0
8441342	0	0	0
8441525	0	0	0
8441532	0	0	0
8441642	0	0	0
8442122	1	1	0
8442177	0	0	0
8442663	0	0	0
8442767	0	0	0
8443679	0	0	0
8443849	0	0	0
8444415	-1	0	1
8444727	0	0	0
8444730	-1	0	1
8444816	0	0	0
8444987	0	0	0
8445005	0	0	0
8445888	0	0	0
8445889	0	0	0
8445979	0	0	0
8446419	0	0	0
8446501	0	0	0
8446502	0	0	0
8446504	0	0	0
8446505	0	0	0
8446506	0	0	0
8447295	0	0	0
8447298	0	0	0
8447844	0	0	0
8448764	0	0	0
8449506	0	0	0
8449508	-1	0	1
8449544	0	0	0
8449545	0	0	0
8449546	0	0	0
8449547	0	0	0
8449975	0	0	0
8450306	0	0	0
8450310	0	0	0
8450567	0	0	0
8450572	-1	0	1
8452187	0	0	0
8452301	0	0	0
8453122	0	0	0
8453279	0	0	0
8453588	0	0	0
8453776	0	0	0
8455301	0	0	0
8455303	0	0	0
8455304	0	0	0
8455306	0	0	0
8456605	0	0	0
8457050	0	0	0
8457067	-1	0	1
8457276	0	0	0
8457405	0	0	0
8457835	0	0	0
8457838	0	0	0
8458049	0	0	0
8458110	0	0	0
8458269	0	0	0
8458300	0	0	0
8459224	0	0	0
8459736	0	0	0
8460145	0	0	0
8460146	0	0	0
8460147	0	0	0
8460148	0	0	0
8460149	0	0	0
8460601	0	0	0
8460838	-1	0	1
8460927	0	0	0
8462149	0	0	0
8462788	0	0	0
8463012	0	0	0
8463019	0	0	0
8463089	1	1	0
8464103	0	0	0
8464105	0	0	0
8464640	0	0	0
8465089	0	0	0
8465276	0	0	0
8466186	-1	0	1
8466189	0	0	0
8467438	0	0	0
8467639	-1	0	1
8467640	-1	0	1
8467643	-1	0	1
8468089	0	0	0
8468474	0	0	0
8468562	0	0	0
8469060	0	0	0
8469835	0	0	0
8470376	0	0	0
8470448	0	0	0
8471087	0	0	0
8471415	-1	0	1
8471598	0	0	0
8472054	0	0	0
8473197	0	0	0
8473769	0	0	0
8473803	0	0	0
8473806	0	0	0
8473923	0	0	0
8473927	0	0	0
8474173	0	0	0
8474185	1	1	0
8474430	1	1	0
8474930	0	0	0
8475254	0	0	0
8475278	0	0	0
8475314	0	0	0
8475319	0	0	0
8475943	0	0	0
8476330	0	0	0
8476785	0	0	0
8476924	0	0	0
8477065	0	0	0
8477535	0	0	0
8477741	0	0	0
8477794	0	0	0
8477797	0	0	0
8478300	0	0	0
8478524	0	0	0
8478623	0	0	0
8479456	0	0	0
8479459	1	1	0
8479464	-1	0	1
8479942	0	0	0
8480002	1	1	0
8480030	0	0	0
8480574	0	0	0
8480862	0	0	0
8480864	0	0	0
8482030	0	0	0
8483707	0	0	0
8483709	0	0	0
8484311	-1	0	1
8484373	-1	0	1
8484374	-1	0	1
8484378	-1	0	1
8484384	0	0	0
8484386	0	0	0
8484457	0	0	0
8484893	0	0	0
8484895	0	0	0
8485132	0	0	0
8485136	0	0	0
8485139	0	0	0
8485141	0	0	0
8485331	0	0	0
8485605	0	0	0
8486557	0	0	0
8487061	0	0	0
8487555	0	0	0
8487819	1	1	0
8488125	0	0	0
8488526	-1	0	1
8488803	0	0	0
8489144	0	0	0
8489164	0	0	0
8489167	0	0	0
8489169	0	0	0
8489929	0	0	0
8490640	0	0	0
8491153	0	0	0
8491931	0	0	0
8492305	0	0	0
8492381	0	0	0
8492384	0	0	0
8492393	0	0	0
8493762	0	0	0
8495099	0	0	0
8495250	0	0	0
8495785	0	0	0
8496336	0	0	0
8496698	0	0	0
8496921	0	0	0
8496922	0	0	0
8497309	0	0	0
8498137	0	0	0
8498203	0	0	0
8498869	0	0	0
8498986	0	0	0
8499611	0	0	0
8500519	0	0	0
8500520	0	0	0
8500551	0	0	0
8500902	0	1	1
8500909	0	0	0
8501181	0	0	0
8501188	0	0	0
8501596	0	0	0
8501690	0	0	0
8501693	0	0	0
8501824	0	0	0
8502105	0	0	0
8503082	0	0	0
8503308	0	0	0
8503564	0	0	0
8503676	0	0	0
8504102	0	0	0
8505312	1	1	0
8505730	0	0	0
8505992	0	0	0
8506378	0	1	1
8506383	0	1	1
8506536	0	0	0
8506609	0	0	0
8506611	0	0	0
8507501	0	0	0
8507877	0	0	0
8508255	0	0	0
8508290	0	0	0
8508293	0	0	0
8508513	0	0	0
8508631	0	0	0
8508772	0	0	0
8509246	0	0	0
8509255	0	0	0
8509486	0	0	0
8509487	0	0	0
8509841	1	1	0
8509991	0	0	0
8510709	0	0	0
8512081	0	0	0
8513131	1	1	0
8513134	0	0	0
8513160	0	0	0
8513161	0	0	0
8513163	0	0	0
8513243	0	0	0
8513583	0	0	0
8513763	1	1	0
8514271	0	0	0
8514289	0	0	0
8514290	0	0	0
8514425	-1	0	1
8515182	0	0	0
8515637	0	0	0
8516149	0	0	0
8516154	0	0	0
8516588	0	0	0
8517594	0	0	0
8517837	0	0	0
8519008	-1	0	1
8519496	0	0	0
8519631	0	0	0
8519683	-1	0	1
8519803	0	0	0
8519807	0	0	0
8520463	0	0	0
8520647	1	1	0
8521122	0	0	0
8521976	1	1	0
8521977	0	1	1
8522088	-1	0	1
8522403	0	0	0
8522429	0	0	0
8522847	0	0	0
8522851	0	0	0
8522982	0	0	0
8523572	0	0	0
8523573	0	1	1
8523821	0	0	0
8523917	0	0	0
8523918	0	0	0
8524296	0	0	0
8524339	1	1	0
8524709	0	0	0
8525052	0	0	0
8525221	0	0	0
8525243	0	0	0
8526454	0	0	0
8527355	1	1	0
8527482	0	0	0
8527822	0	0	0
8528444	0	0	0
8528776	0	0	0
8528778	0	0	0
8528780	0	0	0
8528840	0	0	0
8529008	0	0	0
8531132	0	1	1
8531135	-1	0	1
8531462	0	0	0
8531530	0	0	0
8532023	0	0	0
8533088	-1	0	1
8533269	0	0	0
8533974	0	0	0
8534133	0	0	0
8534134	0	0	0
8534135	0	0	0
8534708	0	0	0
8535177	0	0	0
8536118	0	0	0
8536121	0	0	0
8537092	0	0	0
8537318	0	0	0
8537755	0	0	0
8538009	0	0	0
8538281	-1	0	1
8539042	0	0	0
8539046	0	0	0
8539214	0	0	0
8540468	0	0	0
8541477	0	0	0
8541699	0	0	0
8541882	0	0	0
8542758	0	0	0
8542892	0	0	0
8543027	0	0	0
8543346	0	0	0
8543349	0	0	0
8543494	0	0	0
8544608	0	0	0
8546159	0	0	0
8546162	0	0	0
8546679	0	0	0
8546921	0	0	0
8547690	0	0	0
8548827	0	0	0
8549174	-1	0	1
8550658	0	0	0
8550663	0	1	1
8550683	0	0	0
8550765	1	1	0
8551592	-1	0	1
8551599	-1	0	1
8551664	-1	0	1
8551667	-1	0	1
8552443	-1	0	1
8552445	0	0	0
8552453	0	0	0
8552847	0	0	0
8552849	0	0	0
8552987	0	0	0
8553169	0	0	0
8554053	-1	0	1
8555180	0	0	0
8555308	0	0	0
8555333	0	0	0
8555355	0	1	1
8555360	0	0	0
8555682	0	0	0
8556436	0	0	0
8556876	0	0	0
8556930	0	0	0
8556934	0	0	0
8556935	0	0	0
8556936	0	0	0
8556938	0	0	0
8557630	0	0	0
8557834	0	0	0
8558068	0	0	0
8558184	1	1	0
8559091	0	0	0
8559731	0	0	0
8559736	0	0	0
8559880	0	0	0
8561914	1	1	0
8562354	0	0	0
8562911	0	0	0
8563976	0	0	0
8564052	1	1	0
8565420	0	0	0
8566398	0	0	0
8566484	0	0	0
8566977	0	0	0
8567021	0	0	0
8567030	0	0	0
8567234	0	0	0
8567423	1	1	0
8567426	0	0	0
8568056	-1	0	1
8568118	0	0	0
8570104	0	0	0
8570256	0	0	0
8570257	0	0	0
8570258	0	0	0
8570260	0	0	0
8570261	0	0	0
8570429	0	0	0
8570733	0	0	0
8570741	0	0	0
8570924	0	0	0
8571332	0	0	0
8572208	0	1	1
8572223	0	0	0
8574377	-1	0	1
8574745	0	0	0
8575792	0	0	0
8575793	0	0	0
8575794	0	0	0
8576419	0	0	0
8576424	0	0	0
8576880	0	0	0
8577215	0	0	0
8577717	0	0	0
8578247	0	0	0
8578251	0	0	0
8578808	0	0	0
8579089	0	0	0
8579830	0	0	0
8579832	0	0	0
8580791	0	0	0
8580815	0	0	0
8581901	0	0	0
8582057	0	0	0
8582746	0	0	0
8582747	0	0	0
8584298	0	0	0
8585033	0	0	0
8585180	0	0	0
8585198	0	0	0
8585205	0	0	0
8585444	0	0	0
8586586	0	0	0
8586693	1	1	0
8586708	0	0	0
8587655	-1	0	1
8588219	0	0	0
8588222	0	0	0
8588226	0	0	0
8588227	0	0	0
8588979	0	0	0
8589432	0	0	0
8589994	0	0	0
8590019	0	0	0
8590021	0	0	0
8590151	0	0	0
8590307	0	0	0
8591117	0	0	0
8591349	-1	0	1
8591350	-1	0	1
8591351	0	0	0
8591352	0	1	1
8591353	0	0	0
8591355	0	0	0
8591356	-1	0	1
8591357	0	0	0
8591358	0	0	0
8592733	-1	0	1
8592735	1	1	0
8592736	0	0	0
8593302	0	0	0
8594514	0	0	0
8596330	0	0	0
8596339	0	0	0
8596695	-1	0	1
8596871	0	0	0
8597005	0	0	0
8597085	0	0	0
8598792	0	0	0
8599303	0	0	0
8600077	0	0	0
8600346	0	0	0
8600626	0	0	0
8601477	0	0	0
8602315	0	0	0
8602646	0	0	0
8604074	0	0	0
8605323	0	0	0
8605330	-1	0	1
8605405	0	0	0
8605923	0	0	0
8606466	0	0	0
8608110	0	0	0
8608832	0	0	0
8608876	0	0	0
8608917	0	0	0
8609679	0	0	0
8609720	0	0	0
8610457	0	0	0
8610458	0	0	0
8610864	1	1	0
8610868	1	1	0
8610999	0	0	0
8611307	1	1	0
8611309	1	1	0
8611327	0	0	0
8612363	0	0	0
8612877	0	0	0
8612902	0	0	0
8612903	0	0	0
8612904	0	0	0
8612905	0	0	0
8612906	0	0	0
8612909	0	0	0
8612910	0	0	0
8613099	0	0	0
8613347	0	0	0
8613348	0	0	0
8614034	0	0	0
8614036	0	0	0
8614359	0	0	0
8614360	0	0	0
8615405	0	0	0
8615475	0	0	0
8615478	0	0	0
8615561	0	0	0
8615997	0	0	0
8616190	0	0	0
8616352	0	0	0
8616460	0	0	0
8616829	0	0	0
8617271	0	0	0
8617274	0	0	0
8617275	0	0	0
8617400	0	0	0
8617511	-1	0	1
8617512	0	1	1
8617596	0	0	0
8618772	0	0	0
8618876	0	0	0
8619078	0	0	0
8619079	0	0	0
8619126	0	0	0
8619129	0	0	0
8619130	0	0	0
8619897	0	0	0
8620150	0	0	0
8620203	0	0	0
8620204	0	0	0
8620208	0	0	0
8620210	0	0	0
8621024	-1	0	1
8621029	-1	0	1
8621776	0	0	0
8621800	0	0	0
8621843	0	0	0
8621989	0	0	0
8622679	-1	0	1
8623690	0	0	0
8624397	0	0	0
8625037	0	0	0
8625043	0	0	0
8625086	0	0	0
8626381	0	0	0
8626878	0	1	1
8626880	0	0	0
8626882	0	0	0
8626885	-1	0	1
8626886	1	1	0
8627418	0	0	0
8628599	0	1	1
8628869	0	0	0
8628987	0	0	0
8629184	0	0	0
8629521	1	1	0
8630243	0	0	0
8630530	0	0	0
8630866	0	0	0
8631056	0	0	0
8632779	0	0	0
8633053	0	0	0
8633911	0	0	0
8634707	-1	0	1
8635179	0	0	0
8635449	-1	0	1
8635981	-1	0	1
8636582	0	0	0
8637417	0	0	0
8638109	0	0	0
8638170	0	0	0
8638568	0	0	0
8638569	0	0	0
8638570	0	0	0
8638572	0	0	0
8639627	0	0	0
8639630	0	0	0
8639633	0	0	0
8639937	0	0	0
8640143	0	0	0
8640278	0	0	0
8640388	0	0	0
8640468	0	0	0
8640626	0	0	0
8640723	0	0	0
8641104	0	0	0
8641107	0	0	0
8641437	0	0	0
8641438	0	0	0
8641439	0	0	0
8641440	0	0	0
8641444	0	0	0
8641475	0	0	0
8641677	-1	0	1
8643509	0	0	0
8643811	0	0	0
8643931	0	0	0
8644309	-1	0	1
8644313	0	0	0
8644844	0	0	0
8644937	0	0	0
8645578	0	0	0
8647032	0	0	0
8647158	0	0	0
8647613	0	0	0
8647615	0	0	0
8647617	1	1	0
8647902	0	0	0
8647983	0	0	0
8649424	0	0	0
8649494	0	0	0
8649657	0	0	0
8650206	0	0	0
8650357	0	0	0
8650358	0	0	0
8650359	0	0	0
8650363	-1	0	1
8650476	0	0	0
8650639	0	0	0
8650642	0	0	0
8651275	0	0	0
8651770	0	0	0
8651771	0	0	0
8651772	0	0	0
8651775	0	0	0
8651776	0	0	0
8652258	0	0	0
8652360	0	0	0
8653916	0	0	0
8655098	-1	0	1
8655305	0	0	0
8656211	0	0	0
8656212	0	0	0
8657667	-1	0	1
8658046	0	0	0
8658553	0	0	0
8661911	0	0	0
8663963	0	0	0
8664069	0	0	0
8664264	0	0	0
8664277	0	0	0
8664828	0	0	0
8664830	0	0	0
8664864	0	0	0
8665632	0	0	0
8665689	0	0	0
8665796	0	0	0
8665820	0	0	0
8665992	0	0	0
8667493	0	0	0
8667764	0	1	1
8668369	0	0	0
8668371	0	0	0
8668406	0	0	0
8670493	0	0	0
8671361	0	0	0
8671366	0	0	0
8671368	0	0	0
8671649	0	0	0
8673175	0	0	0
8673721	0	0	0
8674390	0	0	0
8675440	0	0	0
8675443	0	0	0
8675577	0	0	0
8676282	0	0	0
8676284	0	0	0
8676838	0	0	0
8676992	0	0	0
8677772	0	0	0
8678682	0	0	0
8678684	0	0	0
8679487	0	0	0
8680314	0	0	0
8680316	0	0	0
8680317	0	0	0
8681413	0	0	0
8681644	1	1	0
8681645	1	1	0
8682386	-1	0	1
8682824	-1	0	1
8683178	0	0	0
8683181	0	0	0
8683185	0	0	0
8683353	-1	0	1
8683758	0	0	0
8684780	0	0	0
8684802	0	0	0
8685691	0	0	0
8685878	0	0	0
8686008	0	0	0
8686489	0	0	0
8686835	0	1	1
8687189	0	0	0
8687371	0	0	0
8687619	0	0	0
8687623	0	0	0
8689053	0	0	0
8689054	0	0	0
8689055	0	0	0
8689056	0	0	0
8689057	0	0	0
8689058	0	0	0
8689347	0	0	0
8689349	0	0	0
8689437	0	0	0
8690218	0	0	0
8690861	0	0	0
8691128	0	0	0
8692582	0	0	0
8693190	-1	0	1
8693459	0	0	0
8694503	0	0	0
8694504	0	0	0
8694506	0	0	0
8694507	0	0	0
8694509	1	1	0
8694511	1	1	0
8694512	1	1	0
8695482	0	0	0
8695655	0	0	0
8695983	0	0	0
8696259	0	0	0
8696261	0	0	0
8696404	0	0	0
8698154	0	0	0
8698488	1	1	0
8699402	0	0	0
8699404	0	0	0
8699405	0	0	0
8700384	0	0	0
8700873	0	0	0
8701294	0	0	0
8701492	0	1	1
8702818	0	0	0
8703078	0	0	0
8703235	0	0	0
8703781	0	0	0
8704373	0	0	0
8704578	-1	0	1
8705349	0	0	0
8706322	0	0	0
8706327	0	0	0
8706770	0	0	0
8707073	0	0	0
8707085	-1	0	1
8707087	-1	0	1
8708692	0	1	1
8708698	0	0	0
8708917	1	1	0
8709112	-1	0	1
8709113	0	0	0
8709114	-1	0	1
8709115	0	0	0
8709116	1	1	0
8709223	0	0	0
8709994	0	0	0
8710041	0	0	0
8710810	0	0	0
8710812	0	0	0
8710813	0	0	0
8710814	0	0	0
8711164	0	1	1
8711811	0	0	0
8712732	0	0	0
8713251	-1	0	1
8714082	0	0	0
8714085	0	0	0
8714087	0	0	0
8714568	0	0	0
8715021	0	0	0
8715194	0	0	0
8715195	0	0	0
8716403	0	0	0
8716652	0	0	0
8717147	0	0	0
8717549	1	1	0
8717561	0	0	0
8717696	0	0	0
8717773	0	0	0
8717949	0	0	0
8718244	1	1	0
8718766	0	0	0
8718961	0	0	0
8718967	0	0	0
8719017	0	0	0
8719212	0	0	0
8719497	0	1	1
8720201	0	0	0
8720208	0	0	0
8721299	0	0	0
8721497	0	0	0
8722242	0	0	0
8722692	0	0	0
8722783	0	0	0
8723017	-1	0	1
8723467	0	0	0
8723855	0	0	0
8725077	0	0	0
8725177	0	0	0
8725749	0	0	0
8725829	0	0	0
8725832	0	0	0
8725834	0	0	0
8725938	0	0	0
8727274	0	0	0
8727500	0	0	0
8727567	0	1	1
8727632	0	0	0
8728557	0	0	0
8728965	0	0	0
8729897	0	1	1
8730430	0	0	0
8731621	0	0	0
8731623	0	0	0
8731624	0	0	0
8731625	0	0	0
8731871	0	0	0
8731876	0	0	0
8732366	-1	0	1
8732526	0	0	0
8733359	0	0	0
8734120	0	0	0
8734157	0	0	0
8734312	0	0	0
8734985	1	1	0
8734991	1	1	0
8735427	0	0	0
8735484	0	0	0
8736995	0	0	0
8737058	0	0	0
8738224	0	0	0
8738275	0	0	0
8738510	0	0	0
8738601	0	0	0
8739171	0	0	0
8741750	0	0	0
8742725	-1	0	1
8743102	0	0	0
8743110	0	0	0
8743536	0	1	1
8743646	0	0	0
8743918	0	0	0
8744217	0	0	0
8744758	0	0	0
8744807	0	1	1
8744880	0	0	0
8744881	0	0	0
8744882	0	0	0
8744883	0	0	0
8744884	0	1	1
8744885	0	0	0
8745029	0	0	0
8745319	0	1	1
8745421	0	0	0
8746010	0	0	0
8746448	0	0	0
8746451	0	0	0
8746454	0	0	0
8746456	0	0	0
8746627	0	0	0
8746628	0	0	0
8746629	0	0	0
8747646	-1	0	1
8747651	-1	0	1
8747694	0	0	0
8748878	0	0	0
8748954	0	0	0
8749996	0	0	0
8750489	0	0	0
8750491	0	0	0
8750492	0	0	0
8750494	0	0	0
8752179	0	0	0
8752180	0	0	0
8752478	-1	0	1
8752487	0	0	0
8753493	0	0	0
8754301	-1	0	1
8754397	0	0	0
8754398	0	0	0
8754400	0	0	0
8754403	0	0	0
8754404	0	0	0
8754697	0	0	0
8754859	0	0	0
8754911	0	1	1
8754982	-1	0	1
8755348	0	0	0
8755572	0	0	0
8756182	0	0	0
8756265	0	0	0
8756764	0	0	0
8756786	0	0	0
8756959	0	0	0
8757177	0	0	0
8757178	0	0	0
8757179	0	0	0
8757180	0	0	0
8757181	0	0	0
8757182	0	0	0
8757183	0	0	0
8757184	0	0	0
8757983	0	0	0
8759200	-1	0	1
8760034	0	0	0
8760313	0	0	0
8760471	0	0	0
8761318	0	0	0
8761798	0	0	0
8764127	0	0	0
8764145	0	0	0
8766228	0	0	0
8766786	0	0	0
8767240	0	0	0
8767391	0	0	0
8767392	0	0	0
8767394	0	0	0
8768257	0	0	0
8768354	0	0	0
8768953	-1	0	1
8769304	0	0	0
8769481	0	0	0
8769489	0	0	0
8771775	0	0	0
8773709	0	0	0
8773778	0	0	0
8773779	0	0	0
8774536	0	0	0
8775077	0	0	0
8775135	-1	0	1
8776052	-1	0	1
8776139	0	0	0
8776141	0	0	0
8777980	0	0	0
8778177	0	0	0
8779381	0	0	0
8779628	0	0	0
8779660	0	0	0
8779992	0	0	0
8780277	0	0	0
8780830	0	0	0
8780832	0	0	0
8781325	0	0	0
8781329	0	0	0
8782038	1	1	0
8783968	0	0	0
8783969	0	0	0
8785368	0	0	0
8785370	0	0	0
8785373	0	0	0
8785374	0	0	0
8785542	0	0	0
8785782	0	0	0
8787234	0	0	0
8787525	0	0	0
8788183	0	0	0
8788237	0	0	0
8788260	-1	0	1
8788455	-1	0	1
8789392	-1	0	1
8789394	-1	0	1
8789397	-1	0	1
8789513	0	0	0
8789679	0	0	0
8790162	0	0	0
8790666	0	0	0
8791883	0	0	0
8792135	0	0	0
8794302	0	0	0
8794303	0	0	0
8794304	0	0	0
8794308	0	0	0
8795026	0	1	1
8795344	0	0	0
8796834	1	1	0
8797095	0	0	0
8797097	0	0	0
8797099	0	0	0
8797102	0	0	0
8797103	0	0	0
8797231	-1	0	1
8797232	-1	0	1
8797237	-1	0	1
8797941	0	0	0
8798460	-1	0	1
8798589	0	0	0
8798641	0	0	0
8798990	0	0	0
8799163	0	0	0
8799331	0	0	0
8801499	-1	0	1
8801651	0	0	0
8801843	0	0	0
8802281	0	0	0
8802909	0	0	0
8803449	0	0	0
8803452	0	0	0
8804635	0	0	0
8804755	0	0	0
8804932	0	0	0
8804936	0	0	0
8805097	-1	0	1
8805261	0	0	0
8805809	-1	0	1
8808347	1	1	0
8811080	0	0	0
8811422	0	0	0
8811426	0	0	0
8813906	0	0	0
8814548	0	0	0
8814945	0	0	0
8814948	0	0	0
8814949	0	0	0
8815200	-1	0	1
8816183	0	0	0
8816707	0	0	0
8816710	0	0	0
8816986	0	0	0
8817343	0	0	0
8817344	0	0	0
8817348	0	0	0
8818312	0	0	0
8818439	0	0	0
8819111	0	0	0
8819116	0	0	0
8819525	0	0	0
8819831	1	1	0
8820125	0	0	0
8820211	0	0	0
8820931	0	0	0
8822479	0	0	0
8822482	0	0	0
8822485	0	0	0
8822486	0	0	0
8824643	0	0	0
8825081	0	0	0
8825180	0	0	0
8825526	0	0	0
8826107	0	1	1
8826110	0	0	0
8826113	0	1	1
8826604	0	0	0
8826859	0	0	0
8826860	-1	0	1
8826944	0	0	0
8827609	0	0	0
8828020	0	0	0
8828021	0	0	0
8828024	0	0	0
8828025	0	0	0
8828147	0	0	0
8828525	0	0	0
8829182	0	0	0
8829241	0	0	0
8829278	0	0	0
8829283	0	0	0
8829522	0	0	0
8829552	0	0	0
8829698	0	0	0
8829719	0	0	0
8829720	0	0	0
8829986	0	0	0
8829989	0	0	0
8831566	0	0	0
8832484	0	0	0
8833192	0	0	0
8833199	0	0	0
8833651	-1	0	1
8837909	0	0	0
8838389	0	0	0
8838476	0	0	0
8839465	0	0	0
8840614	1	1	0
8840615	0	0	0
8840618	0	0	0
